# 3ds Max Wavefront OBJ Exporter v0.99 - (c)2007 guruware
# File Created: 27.08.2025 22:14:12

mtllib KitchenTable.mtl

#
# object Box012
#

v  -39.8294 -0.3533 53.2360
v  -39.8294 -0.3533 55.1914
v  -42.5805 -0.3533 55.1914
v  -42.5805 -0.3533 53.2360
v  -39.8294 -0.3533 57.1719
v  -42.5805 -0.3533 57.1719
v  -45.0918 -0.3533 57.1719
v  -45.0918 -0.3533 55.1914
v  -45.0918 -0.3533 53.2360
v  -39.8013 28.0882 87.9894
v  -42.5543 28.0882 87.9894
v  -42.4755 27.9407 88.1609
v  -39.7169 27.9407 88.1609
v  -45.0673 28.0882 87.9894
v  -44.9937 27.9407 88.1609
v  -44.9026 27.6457 88.2727
v  -42.3780 27.6457 88.2727
v  -39.6124 27.6457 88.2727
v  -42.2955 27.1540 88.3674
v  -39.5239 27.1540 88.3674
v  -44.8256 27.1540 88.3674
v  -44.8256 0.6301 88.3674
v  -42.2955 0.6301 88.3674
v  -39.5239 0.6301 88.3674
v  -32.3900 28.0882 53.2127
v  -32.3901 28.0882 55.1711
v  -32.1895 27.9407 55.1102
v  -32.1895 27.9407 53.1428
v  -32.3900 28.0882 57.1547
v  -32.1895 27.9407 57.1028
v  -32.0659 27.6457 57.0387
v  -32.0659 27.6457 55.0347
v  -32.0659 27.6457 53.0562
v  -31.9613 27.1540 54.9709
v  -31.9613 27.1540 52.9829
v  -31.9613 27.1540 56.9844
v  -31.9613 0.6301 56.9844
v  -31.9613 0.6301 54.9709
v  -31.9613 0.6301 52.9829
v  -59.9965 28.0882 48.8531
v  -57.6325 28.0882 48.8531
v  -57.5848 27.9407 48.6816
v  -59.9702 27.9407 48.6816
v  -55.1195 28.0882 48.8531
v  -55.0666 27.9407 48.6816
v  -55.0011 27.6457 48.5697
v  -57.5257 27.6457 48.5697
v  -59.9377 27.6457 48.5697
v  -57.4756 27.1540 48.4750
v  -59.9102 27.1540 48.4750
v  -54.9456 27.1540 48.4750
v  -54.9456 0.6301 48.4750
v  -57.4756 0.6301 48.4750
v  -59.9102 0.6301 48.4750
v  -129.3159 28.0882 69.2407
v  -129.3159 28.0882 67.0724
v  -129.5165 27.9407 67.0662
v  -129.5165 27.9407 69.2519
v  -129.3159 28.0882 65.0889
v  -129.5165 27.9407 65.0735
v  -129.6401 27.6457 65.0546
v  -129.6401 27.6457 67.0585
v  -129.6401 27.6457 69.2658
v  -129.7447 27.1540 67.0520
v  -129.7447 27.1540 69.2775
v  -129.7447 27.1540 65.0385
v  -129.7447 0.6301 65.0385
v  -129.7447 0.6301 67.0520
v  -129.7447 0.6301 69.2775
v  -129.3159 -0.3041 53.2127
v  -129.3159 -0.3041 55.1711
v  -129.5165 -0.1566 55.1102
v  -129.5165 -0.1566 53.1428
v  -129.3159 -0.3041 57.1546
v  -129.5165 -0.1566 57.1028
v  -129.6401 0.1384 57.0387
v  -129.6401 0.1384 55.0347
v  -129.6401 0.1384 53.0562
v  -129.7447 0.6301 54.9709
v  -129.7447 0.6301 52.9829
v  -129.7447 0.6301 56.9844
v  -129.7447 27.1540 56.9844
v  -129.7447 27.1540 54.9709
v  -129.7447 27.1540 52.9829
v  -39.8013 -0.3041 48.8531
v  -42.5543 -0.3041 48.8531
v  -42.4755 -0.1566 48.6816
v  -39.7169 -0.1566 48.6816
v  -45.0673 -0.3041 48.8531
v  -44.9937 -0.1566 48.6816
v  -44.9026 0.1384 48.5697
v  -42.3780 0.1384 48.5697
v  -39.6124 0.1384 48.5697
v  -42.2955 0.6301 48.4750
v  -39.5239 0.6301 48.4750
v  -44.8256 0.6301 48.4750
v  -44.8256 27.1540 48.4750
v  -42.2955 27.1540 48.4750
v  -39.5239 27.1540 48.4750
v  -32.3900 -0.3041 69.2408
v  -32.3901 -0.3041 67.0724
v  -32.1895 -0.1566 67.0662
v  -32.1895 -0.1566 69.2520
v  -32.3900 -0.3041 65.0889
v  -32.1895 -0.1566 65.0735
v  -32.0659 0.1384 65.0546
v  -32.0659 0.1384 67.0585
v  -32.0659 0.1384 69.2658
v  -31.9613 0.6301 67.0520
v  -31.9613 0.6301 69.2775
v  -31.9613 0.6301 65.0385
v  -31.9613 27.1540 65.0385
v  -31.9613 27.1540 67.0520
v  -31.9613 27.1540 69.2775
v  -59.9965 -0.3041 87.9894
v  -57.6325 -0.3041 87.9894
v  -57.5848 -0.1566 88.1609
v  -59.9702 -0.1566 88.1609
v  -55.1195 -0.3041 87.9894
v  -55.0666 -0.1566 88.1609
v  -55.0011 0.1384 88.2727
v  -57.5257 0.1384 88.2727
v  -59.9377 0.1384 88.2727
v  -57.4756 0.6301 88.3674
v  -59.9102 0.6301 88.3674
v  -54.9456 0.6301 88.3674
v  -54.9456 27.1540 88.3674
v  -57.4756 27.1540 88.3674
v  -59.9102 27.1540 88.3674
v  -59.9965 -0.3041 48.8531
v  -57.6325 -0.3041 48.8531
v  -57.6484 -0.3533 49.1265
v  -60.0052 -0.3533 49.1265
v  -55.1195 -0.3041 48.8531
v  -55.1371 -0.3533 49.1265
v  -55.1371 -0.3533 49.8397
v  -57.6484 -0.3533 49.8397
v  -60.0052 -0.3533 49.8397
v  -39.8013 -0.3041 87.9894
v  -42.5543 -0.3041 87.9894
v  -42.5805 -0.3533 87.7160
v  -39.8294 -0.3533 87.7160
v  -45.0673 -0.3041 87.9894
v  -45.0919 -0.3533 87.7160
v  -45.0919 -0.3533 85.1806
v  -42.5805 -0.3533 85.1806
v  -39.8294 -0.3533 85.1806
v  -39.8013 28.0882 48.8531
v  -42.5543 28.0882 48.8531
v  -42.5805 28.1374 49.1265
v  -39.8294 28.1374 49.1265
v  -45.0673 28.0882 48.8531
v  -45.0919 28.1374 49.1265
v  -45.0918 28.1374 49.8397
v  -42.5805 28.1374 49.8397
v  -39.8294 28.1374 49.8397
v  -59.9965 28.0882 87.9894
v  -57.6325 28.0882 87.9894
v  -57.6484 28.1374 87.7160
v  -60.0052 28.1374 87.7160
v  -55.1195 28.0882 87.9894
v  -55.1371 28.1374 87.7160
v  -55.1371 28.1374 85.1806
v  -57.6484 28.1374 85.1806
v  -60.0052 28.1374 85.1806
v  -32.3900 -0.3041 53.2127
v  -32.3901 -0.3041 55.1711
v  -32.7254 -0.3533 55.1914
v  -32.7254 -0.3533 53.2360
v  -32.3900 -0.3041 57.1547
v  -32.7254 -0.3533 57.1719
v  -129.3159 -0.3041 69.2407
v  -129.3159 -0.3041 67.0724
v  -128.9806 -0.3533 67.0745
v  -128.9806 -0.3533 69.2370
v  -129.3159 -0.3041 65.0889
v  -128.9806 -0.3533 65.0940
v  -60.0052 -0.3533 65.0940
v  -60.0052 -0.3533 67.0745
v  -60.0052 -0.3533 69.2370
v  -129.3159 28.0882 53.2127
v  -129.3159 28.0882 55.1711
v  -128.9806 28.1374 55.1914
v  -128.9806 28.1374 53.2360
v  -129.3159 28.0882 57.1546
v  -128.9806 28.1374 57.1719
v  -32.3900 28.0882 69.2408
v  -32.3901 28.0882 67.0724
v  -32.7254 28.1374 67.0745
v  -32.7254 28.1374 69.2370
v  -32.3900 28.0882 65.0889
v  -32.7254 28.1374 65.0940
v  -40.0692 28.1374 65.0940
v  -40.0692 28.1374 67.0745
v  -40.0692 28.1374 69.0550
v  -32.7447 -0.3533 49.8547
v  -39.8294 -0.3533 49.8397
v  -39.8294 -0.3533 49.1265
v  -32.8025 -0.3533 49.1862
v  -128.9613 -0.3533 85.1657
v  -60.0053 -0.3533 85.1806
v  -60.0053 -0.3533 87.7160
v  -128.9034 -0.3533 87.6562
v  -128.9613 28.1374 49.8547
v  -60.0053 28.1374 49.8397
v  -60.0052 28.1374 49.1265
v  -128.9034 28.1374 49.1862
v  -32.7447 28.1374 85.1657
v  -39.8294 28.1374 85.1806
v  -39.8294 28.1374 87.7160
v  -32.8025 28.1374 87.6562
v  -129.1837 0.6301 48.5967
v  -129.1837 27.1540 48.5967
v  -32.5222 27.1540 48.5967
v  -32.5222 0.6301 48.5967
v  -32.5222 0.6301 88.2457
v  -32.5222 27.1540 88.2457
v  -129.1838 27.1540 88.2457
v  -129.1838 0.6301 88.2457
v  -128.9613 -0.3533 49.8547
v  -128.9034 -0.3533 49.1862
v  -32.7447 -0.3533 85.1657
v  -32.8026 -0.3533 87.6562
v  -32.7447 28.1374 49.8547
v  -32.8025 28.1374 49.1862
v  -128.9613 28.1374 85.1657
v  -128.9034 28.1374 87.6562
v  -39.8294 -0.3533 69.2370
v  -39.8294 -0.3533 78.2233
v  -42.5805 -0.3533 78.2233
v  -42.5805 -0.3533 69.2370
v  -45.0919 -0.3533 78.2233
v  -45.0918 -0.3533 69.2370
v  -60.0052 -0.3533 53.2360
v  -59.9639 -0.3533 51.3309
v  -57.6484 -0.3533 51.3309
v  -57.6484 -0.3533 53.2360
v  -55.1371 -0.3533 51.3309
v  -55.1371 -0.3533 53.2360
v  -60.1597 28.1374 69.0550
v  -60.0052 28.1374 78.2233
v  -57.6484 28.1374 78.2233
v  -57.6484 28.1374 69.0550
v  -55.1371 28.1374 78.2233
v  -55.1371 28.1374 69.0550
v  -40.0692 28.1374 53.2109
v  -39.8294 28.1374 51.3309
v  -42.5805 28.1374 51.3309
v  -42.5805 28.1374 53.2109
v  -45.0919 28.1374 51.3309
v  -45.0919 28.1374 53.2109
v  -32.3901 28.0882 78.2384
v  -32.1895 27.9407 78.2835
v  -32.1895 27.9407 69.2520
v  -32.1046 27.6457 85.3489
v  -32.0659 27.6457 78.3394
v  -32.2281 27.9407 85.2535
v  -32.0659 27.6457 69.2658
v  -32.0659 27.6457 51.1284
v  -32.1895 27.9407 51.2259
v  -32.1046 27.6457 49.6499
v  -32.2281 27.9407 49.7557
v  -32.3900 28.0882 51.3046
v  -31.9613 27.1540 78.3867
v  -32.0001 27.1540 85.4296
v  -31.9613 27.1540 51.0460
v  -32.0000 27.1540 49.5604
v  -129.3159 28.0882 51.3046
v  -129.5165 27.9407 51.2259
v  -129.5165 27.9407 53.1428
v  -129.6014 27.6457 49.6499
v  -129.6401 27.6457 51.1284
v  -129.4778 27.9407 49.7557
v  -129.6401 27.6457 53.0562
v  -129.6401 27.6457 78.3394
v  -129.5165 27.9407 78.2835
v  -129.6014 27.6457 85.3489
v  -129.4778 27.9407 85.2535
v  -129.3159 28.0882 78.2383
v  -129.7447 27.1540 51.0460
v  -129.7059 27.1540 49.5604
v  -129.7447 27.1540 78.3867
v  -129.7059 27.1540 85.4296
v  -129.3159 -0.3041 78.2383
v  -129.5165 -0.1566 78.2835
v  -129.5165 -0.1566 69.2519
v  -129.6014 0.1384 85.3489
v  -129.6401 0.1384 78.3394
v  -129.4778 -0.1566 85.2535
v  -129.6401 0.1384 69.2658
v  -129.6401 0.1384 51.1284
v  -129.5165 -0.1566 51.2259
v  -129.6014 0.1384 49.6499
v  -129.4778 -0.1566 49.7557
v  -129.3159 -0.3041 51.3046
v  -129.7447 0.6301 78.3867
v  -129.7059 0.6301 85.4296
v  -129.7447 0.6301 51.0460
v  -129.7059 0.6301 49.5604
v  -32.3900 -0.3041 51.3046
v  -32.1895 -0.1566 51.2259
v  -32.1895 -0.1566 53.1428
v  -32.1046 0.1384 49.6499
v  -32.0659 0.1384 51.1284
v  -32.2281 -0.1566 49.7557
v  -32.0659 0.1384 53.0562
v  -32.0659 0.1384 78.3394
v  -32.1895 -0.1566 78.2835
v  -32.1046 0.1384 85.3489
v  -32.2281 -0.1566 85.2535
v  -32.3901 -0.3041 78.2384
v  -31.9613 0.6301 51.0460
v  -32.0000 0.6301 49.5604
v  -31.9613 0.6301 78.3867
v  -32.0001 0.6301 85.4296
v  -32.7254 -0.3533 78.2233
v  -32.7254 -0.3533 69.2370
v  -32.7254 -0.3533 51.3309
v  -128.9393 -0.3533 51.3309
v  -128.9805 -0.3533 53.2360
v  -128.9806 -0.3533 78.2233
v  -128.9806 28.1374 78.2233
v  -128.9806 28.1374 69.2370
v  -128.9806 28.1374 51.3309
v  -32.7254 28.1374 51.3309
v  -32.7254 28.1374 53.2360
v  -32.7254 28.1374 78.2233
v  -39.8294 -0.3533 51.3309
v  -60.0053 -0.3533 78.2233
v  -39.8294 28.1374 78.2233
v  -60.1597 28.4574 53.2109
v  -60.1597 28.4574 55.1914
v  -59.6049 28.1062 55.2675
v  -59.6017 28.1046 53.8207
v  -60.1597 28.4574 57.1719
v  -59.6082 28.1078 56.7143
v  -60.1597 28.4574 69.0550
v  -57.6484 28.4574 69.0550
v  -57.2493 28.1176 65.3951
v  -59.6276 28.1176 65.3951
v  -55.1371 28.4574 69.0550
v  -54.8710 28.1176 65.3951
v  -40.0692 28.4574 69.0550
v  -40.0692 28.4574 67.0745
v  -40.6046 28.1159 63.9483
v  -40.6014 28.1176 65.3951
v  -40.0692 28.4574 65.0940
v  -40.6078 28.1143 62.5015
v  -40.0692 28.4574 53.2109
v  -42.5805 28.4574 53.2109
v  -42.9991 28.1046 53.8207
v  -40.6272 28.1046 53.8207
v  -45.0919 28.4574 53.2109
v  -45.3709 28.1046 53.8207
v  -41.0354 24.1148 65.0857
v  -43.3052 24.1148 65.0857
v  -42.9796 28.1176 65.3951
v  -59.1935 24.1148 54.1426
v  -56.9238 24.1148 54.1426
v  -57.2299 28.1046 53.8207
v  -45.5750 24.1148 65.0857
v  -45.3579 28.1176 65.3951
v  -54.6540 24.1148 54.1426
v  -54.8581 28.1046 53.8207
v  -60.1597 28.1374 53.2109
v  -60.1597 28.1374 55.1914
v  -60.1597 28.1374 57.1719
v  -59.1935 24.1148 55.5105
v  -55.5225 24.1148 56.1983
v  -55.3637 24.1148 56.0107
v  -59.1935 24.1148 56.8784
v  -55.6309 24.1148 56.4175
v  -59.1935 24.1148 65.0857
v  -56.9238 24.1148 65.0857
v  -55.1784 24.1148 58.1044
v  -55.3731 24.1148 57.9181
v  -54.6540 24.1148 65.0857
v  -54.9483 24.1148 58.2374
v  -41.0354 24.1148 63.7178
v  -53.2429 24.1148 57.7015
v  -53.4119 24.1148 57.9120
v  -41.0354 24.1148 62.3499
v  -53.1171 24.1148 57.4647
v  -41.0354 24.1148 54.1426
v  -43.3052 24.1148 54.1426
v  -53.6122 24.1148 55.8336
v  -53.4145 24.1148 56.0179
v  -45.5750 24.1148 54.1426
v  -53.8421 24.1148 55.7033
v  -32.6228 28.0500 87.8096
v  -32.5223 27.9407 87.8988
v  -32.3441 27.9407 87.7142
v  -32.5251 28.0882 87.6409
v  -32.3995 27.6457 88.0091
v  -32.2208 27.6457 87.8235
v  -32.3994 27.6457 48.8334
v  -32.5223 27.9407 48.9436
v  -32.3441 27.9407 49.1283
v  -32.2208 27.6457 49.0190
v  -32.6228 28.0500 49.0329
v  -32.5251 28.0882 49.2016
v  -129.0832 28.0500 49.0329
v  -129.1837 27.9407 48.9436
v  -129.3619 27.9407 49.1283
v  -129.1809 28.0882 49.2016
v  -129.3065 27.6457 48.8333
v  -129.4852 27.6457 49.0190
v  -129.3065 27.6457 88.0091
v  -129.1837 27.9407 87.8988
v  -129.3619 27.9407 87.7142
v  -129.4852 27.6457 87.8235
v  -129.0832 28.0500 87.8096
v  -129.1809 28.0882 87.6408
v  -129.0832 -0.2658 87.8096
v  -129.1837 -0.1566 87.8988
v  -129.3619 -0.1566 87.7142
v  -129.1809 -0.3041 87.6408
v  -129.3065 0.1384 88.0091
v  -129.4852 0.1384 87.8235
v  -129.3065 0.1384 48.8333
v  -129.1837 -0.1566 48.9436
v  -129.3619 -0.1566 49.1283
v  -129.4852 0.1384 49.0190
v  -129.0832 -0.2658 49.0329
v  -129.1809 -0.3041 49.2016
v  -129.4105 0.6301 88.1024
v  -129.4105 27.1540 88.1024
v  -129.5896 27.1540 87.9159
v  -129.5896 0.6301 87.9159
v  -129.5896 27.1540 48.9265
v  -129.5896 0.6301 48.9265
v  -129.4105 0.6301 48.7400
v  -129.4105 27.1540 48.7400
v  -32.6228 -0.2658 49.0329
v  -32.5223 -0.1566 48.9436
v  -32.3441 -0.1566 49.1283
v  -32.5251 -0.3041 49.2016
v  -32.3994 0.1384 48.8334
v  -32.2208 0.1384 49.0190
v  -32.3995 0.1384 88.0091
v  -32.5223 -0.1566 87.8988
v  -32.3441 -0.1566 87.7142
v  -32.2208 0.1384 87.8235
v  -32.6228 -0.2658 87.8096
v  -32.5251 -0.3041 87.6409
v  -32.2955 0.6301 48.7400
v  -32.2955 27.1540 48.7400
v  -32.1164 27.1540 48.9265
v  -32.1164 0.6301 48.9265
v  -32.1164 27.1540 87.9159
v  -32.1164 0.6301 87.9159
v  -32.2955 0.6301 88.1024
v  -32.2955 27.1540 88.1024
v  -128.9580 27.9407 88.0405
v  -128.8785 28.0882 87.8846
v  -129.0803 27.6457 88.1517
v  -32.8275 28.0882 87.8846
v  -32.7480 27.9407 88.0406
v  -32.7480 27.9407 48.8019
v  -32.8275 28.0882 48.9578
v  -32.6257 27.6457 48.6908
v  -128.8785 28.0882 48.9578
v  -128.9580 27.9407 48.8019
v  -128.9580 -0.1566 48.8019
v  -128.8785 -0.3041 48.9578
v  -129.0803 0.1384 48.6908
v  -32.8275 -0.3041 48.9578
v  -32.7480 -0.1566 48.8019
v  -32.7480 -0.1566 88.0406
v  -32.8275 -0.3041 87.8846
v  -32.6257 0.1384 88.1517
v  -128.8785 -0.3041 87.8846
v  -128.9580 -0.1566 88.0405
v  -50.1145 -0.3533 69.2370
v  -52.6258 -0.3533 69.2370
v  -52.6258 -0.3533 67.0745
v  -50.1145 -0.3533 67.0745
v  -55.1371 -0.3533 69.2370
v  -55.1371 -0.3533 67.0745
v  -55.1371 -0.3533 65.0940
v  -52.6258 -0.3533 65.0940
v  -50.1145 -0.3533 65.0940
v  -53.8918 23.6995 57.4196
v  -54.1546 23.7020 57.4316
v  -54.1634 23.6804 57.7622
v  -53.9200 23.6808 57.7208
v  -50.0934 28.0882 87.9894
v  -52.6064 28.0882 87.9894
v  -52.5484 27.9407 88.1609
v  -50.0302 27.9407 88.1609
v  -55.0666 27.9407 88.1609
v  -55.0011 27.6457 88.2727
v  -52.4764 27.6457 88.2727
v  -49.9518 27.6457 88.2727
v  -52.4156 27.1540 88.3674
v  -49.8856 27.1540 88.3674
v  -52.4156 0.6301 88.3674
v  -49.8856 0.6301 88.3674
v  -50.0934 28.0882 48.8531
v  -47.5804 28.0882 48.8531
v  -47.5119 27.9407 48.6816
v  -50.0302 27.9407 48.6816
v  -44.9937 27.9407 48.6816
v  -44.9026 27.6457 48.5697
v  -47.4272 27.6457 48.5697
v  -49.9518 27.6457 48.5697
v  -47.3556 27.1540 48.4750
v  -49.8856 27.1540 48.4750
v  -47.3556 0.6301 48.4750
v  -49.8856 0.6301 48.4750
v  -50.0934 -0.3041 48.8531
v  -52.6064 -0.3041 48.8531
v  -52.5484 -0.1566 48.6816
v  -50.0301 -0.1566 48.6816
v  -55.0666 -0.1566 48.6816
v  -55.0011 0.1384 48.5697
v  -52.4764 0.1384 48.5697
v  -49.9518 0.1384 48.5697
v  -52.4156 0.6301 48.4750
v  -52.4156 27.1540 48.4750
v  -50.0934 -0.3041 87.9894
v  -47.5804 -0.3041 87.9894
v  -47.5120 -0.1566 88.1609
v  -50.0302 -0.1566 88.1609
v  -44.9937 -0.1566 88.1609
v  -44.9026 0.1384 88.2727
v  -47.4272 0.1384 88.2727
v  -49.9519 0.1384 88.2727
v  -47.3556 0.6301 88.3674
v  -47.3556 27.1540 88.3674
v  -47.5803 -0.3041 48.8531
v  -47.6031 -0.3533 49.1265
v  -50.1145 -0.3533 49.1265
v  -45.0918 -0.3533 49.1265
v  -45.0918 -0.3533 49.8397
v  -47.6031 -0.3533 49.8397
v  -50.1145 -0.3533 49.8397
v  -52.6064 -0.3041 87.9894
v  -52.6258 -0.3533 87.7160
v  -50.1145 -0.3533 87.7160
v  -55.1371 -0.3533 87.7160
v  -55.1371 -0.3533 85.1806
v  -52.6258 -0.3533 85.1806
v  -50.1145 -0.3533 85.1806
v  -52.6064 28.0882 48.8531
v  -52.6258 28.1374 49.1265
v  -50.1145 28.1374 49.1265
v  -55.1371 28.1374 49.1265
v  -55.1371 28.1374 49.8397
v  -52.6258 28.1374 49.8397
v  -50.1145 28.1374 49.8397
v  -47.5804 28.0882 87.9894
v  -47.6032 28.1374 87.7160
v  -50.1145 28.1374 87.7160
v  -45.0918 28.1374 87.7160
v  -45.0918 28.1374 85.1806
v  -47.6032 28.1374 85.1806
v  -50.1145 28.1374 85.1806
v  -52.6258 -0.3533 78.2233
v  -50.1145 -0.3533 78.2233
v  -55.1371 -0.3533 78.2233
v  -47.6031 -0.3533 51.3309
v  -50.1145 -0.3533 51.3309
v  -45.0918 -0.3533 51.3309
v  -47.6031 -0.3533 53.2360
v  -50.1145 -0.3533 53.2360
v  -47.6032 28.1374 78.2233
v  -50.1145 28.1374 78.2233
v  -45.0918 28.1374 78.2233
v  -45.0918 28.1374 69.0550
v  -47.6032 28.1374 69.0550
v  -50.1145 28.1374 69.0550
v  -52.6258 28.1374 51.3309
v  -50.1145 28.1374 51.3309
v  -55.1371 28.1374 51.3309
v  -55.1371 28.1374 53.2109
v  -52.6258 28.1374 53.2109
v  -50.1145 28.1374 53.2109
v  -50.1145 28.4574 69.0550
v  -47.6032 28.4574 69.0550
v  -47.7362 28.1176 65.3951
v  -50.1145 28.1176 65.3951
v  -45.0918 28.4574 69.0550
v  -50.1145 28.4574 53.2109
v  -52.6258 28.4574 53.2109
v  -52.4863 28.1046 53.8207
v  -50.1145 28.1046 53.8207
v  -55.1371 28.4574 53.2109
v  -50.1145 24.1148 65.0857
v  -52.3842 24.1148 65.0857
v  -52.4927 28.1176 65.3951
v  -50.1145 24.1148 54.1426
v  -47.8447 24.1148 54.1426
v  -47.7427 28.1046 53.8207
v  -47.8447 24.1148 65.0857
v  -54.1004 24.1148 58.2696
v  -54.3931 24.1148 58.2983
v  -53.8285 24.1148 58.1996
v  -52.3842 24.1148 54.1426
v  -54.6552 24.1148 55.6562
v  -54.3889 24.1148 55.6411
v  -54.9094 24.1148 55.7156
v  -47.6032 -0.3533 69.2370
v  -47.6032 -0.3533 67.0745
v  -45.0918 -0.3533 67.0745
v  -47.6032 -0.3533 65.0940
v  -45.0918 -0.3533 65.0940
v  -47.5119 27.9407 88.1609
v  -47.4272 27.6457 88.2727
v  -52.5484 27.9407 48.6816
v  -52.4765 27.6457 48.5697
v  -47.5119 -0.1566 48.6816
v  -47.4272 0.1384 48.5697
v  -52.5484 -0.1566 88.1609
v  -52.4765 0.1384 88.2727
v  -52.6258 -0.3533 49.1265
v  -52.6258 -0.3533 49.8397
v  -47.6032 -0.3533 87.7160
v  -47.6032 -0.3533 85.1806
v  -47.6032 28.1374 49.1265
v  -47.6032 28.1374 49.8397
v  -52.6258 28.1374 87.7160
v  -52.6258 28.1374 85.1806
v  -47.6032 -0.3533 78.2233
v  -52.6258 -0.3533 51.3309
v  -52.6258 -0.3533 53.2360
v  -52.6258 28.1374 78.2233
v  -52.6258 28.1374 69.0550
v  -47.6032 28.1374 51.3309
v  -47.6032 28.1374 53.2109
v  -52.6258 28.4574 69.0550
v  -47.6032 28.4574 53.2109
v  -54.6812 24.1148 58.2948
v  -54.1094 24.1148 55.6480
v  -57.6484 -0.3533 69.2370
v  -57.6484 -0.3533 67.0745
v  -57.6484 -0.3533 65.0940
v  -57.5848 27.9407 88.1609
v  -59.9702 27.9407 88.1609
v  -59.9377 27.6457 88.2727
v  -57.5257 27.6457 88.2727
v  -42.4755 27.9407 48.6816
v  -39.7169 27.9407 48.6816
v  -39.6124 27.6457 48.5697
v  -42.3780 27.6457 48.5697
v  -57.5848 -0.1566 48.6816
v  -59.9702 -0.1566 48.6816
v  -59.9377 0.1384 48.5697
v  -57.5257 0.1384 48.5697
v  -42.4755 -0.1566 88.1609
v  -39.7169 -0.1566 88.1609
v  -39.6124 0.1384 88.2727
v  -42.3780 0.1384 88.2727
v  -42.5805 -0.3533 49.1265
v  -42.5805 -0.3533 49.8397
v  -57.6484 -0.3533 87.7160
v  -57.6484 -0.3533 85.1806
v  -57.6484 28.1374 49.1265
v  -57.6484 28.1374 49.8397
v  -42.5805 28.1374 87.7160
v  -42.5805 28.1374 85.1806
v  -57.6484 -0.3533 78.2233
v  -42.5805 -0.3533 51.3309
v  -42.5805 28.1374 78.2233
v  -42.5805 28.1374 69.0550
v  -57.6484 28.1374 51.3309
v  -60.0052 28.1374 51.3309
v  -57.6484 28.1374 53.2109
v  -42.5805 28.4574 69.0550
v  -57.6484 28.4574 53.2109
v  -53.6031 24.1148 58.0792
v  -55.1525 24.1148 55.8418
v  -39.8294 -0.3533 61.1329
v  -39.8294 -0.3533 63.1135
v  -42.5805 -0.3533 63.1135
v  -42.5805 -0.3533 61.1329
v  -39.8294 -0.3533 65.0940
v  -42.5805 -0.3533 65.0940
v  -45.0918 -0.3533 63.1135
v  -45.0918 -0.3533 61.1329
v  -32.3900 28.0882 61.1218
v  -32.3901 28.0882 63.1053
v  -32.1895 27.9407 63.0809
v  -32.1895 27.9407 61.0882
v  -32.1895 27.9407 65.0735
v  -32.0659 27.6457 65.0546
v  -32.0659 27.6457 63.0506
v  -32.0659 27.6457 61.0466
v  -31.9613 27.1540 63.0250
v  -31.9613 27.1540 61.0115
v  -31.9613 0.6301 63.0250
v  -31.9613 0.6301 61.0115
v  -129.3159 28.0882 61.1217
v  -129.3159 28.0882 59.1382
v  -129.5165 27.9407 59.0955
v  -129.5165 27.9407 61.0882
v  -129.5165 27.9407 57.1028
v  -129.6401 27.6457 57.0387
v  -129.6401 27.6457 59.0426
v  -129.6401 27.6457 61.0466
v  -129.7447 27.1540 58.9979
v  -129.7447 27.1540 61.0114
v  -129.7447 0.6301 58.9979
v  -129.7447 0.6301 61.0114
v  -129.3159 -0.3041 61.1217
v  -129.3159 -0.3041 63.1053
v  -129.5165 -0.1566 63.0808
v  -129.5165 -0.1566 61.0882
v  -129.5165 -0.1566 65.0735
v  -129.6401 0.1384 65.0546
v  -129.6401 0.1384 63.0506
v  -129.6401 0.1384 61.0466
v  -129.7447 0.6301 63.0250
v  -129.7447 27.1540 63.0250
v  -32.3900 -0.3041 61.1218
v  -32.3901 -0.3041 59.1382
v  -32.1895 -0.1566 59.0955
v  -32.1895 -0.1566 61.0882
v  -32.1895 -0.1566 57.1028
v  -32.0659 0.1384 57.0387
v  -32.0659 0.1384 59.0427
v  -32.0659 0.1384 61.0466
v  -31.9613 0.6301 58.9979
v  -31.9613 27.1540 58.9979
v  -32.3901 -0.3041 63.1053
v  -32.7254 -0.3533 63.1135
v  -32.7254 -0.3533 61.1329
v  -32.7254 -0.3533 65.0940
v  -129.3159 -0.3041 59.1382
v  -128.9806 -0.3533 59.1524
v  -128.9806 -0.3533 61.1329
v  -128.9806 -0.3533 57.1719
v  -60.0052 -0.3533 57.1719
v  -60.0052 -0.3533 59.1524
v  -60.0052 -0.3533 61.1329
v  -129.3159 28.0882 63.1053
v  -128.9806 28.1374 63.1134
v  -128.9806 28.1374 61.1329
v  -128.9806 28.1374 65.0940
v  -32.3901 28.0882 59.1382
v  -32.7254 28.1374 59.1524
v  -32.7254 28.1374 61.1329
v  -32.7254 28.1374 57.1719
v  -40.0692 28.1374 57.1719
v  -40.0692 28.1374 59.1524
v  -40.0692 28.1374 61.1329
v  -60.1597 28.4574 61.1329
v  -60.1597 28.4574 63.1135
v  -59.6179 28.1127 61.0547
v  -59.6146 28.1111 59.6079
v  -60.1597 28.4574 65.0940
v  -59.6211 28.1143 62.5015
v  -40.0692 28.4574 61.1329
v  -40.0692 28.4574 59.1524
v  -40.6175 28.1095 58.1611
v  -40.6143 28.1111 59.6079
v  -40.0692 28.4574 57.1719
v  -40.6208 28.1078 56.7143
v  -60.1597 28.1374 61.1329
v  -60.1597 28.1374 63.1135
v  -60.1597 28.1374 65.0940
v  -59.1935 24.1148 59.6141
v  -59.1935 24.1148 60.9820
v  -55.7024 24.1148 57.2177
v  -55.7115 24.1148 56.9585
v  -59.1935 24.1148 62.3499
v  -55.6483 24.1148 57.4636
v  -41.0354 24.1148 59.6141
v  -41.0354 24.1148 58.2463
v  -53.0567 24.1148 56.7182
v  -53.0411 24.1148 56.9679
v  -41.0354 24.1148 56.8784
v  -53.1190 24.1148 56.4729
v  -55.1371 -0.3533 61.1329
v  -55.1371 -0.3533 59.1524
v  -52.6258 -0.3533 59.1524
v  -52.6258 -0.3533 61.1329
v  -55.1371 -0.3533 57.1719
v  -52.6258 -0.3533 57.1719
v  -50.1145 -0.3533 57.1719
v  -50.1145 -0.3533 59.1524
v  -50.1145 -0.3533 61.1329
v  -53.8757 23.7083 56.9675
v  -53.8786 23.7077 56.7565
v  -54.1517 23.7091 56.7551
v  -54.1517 23.7091 56.9675
v  -53.9234 23.3857 56.7169
v  -53.9335 23.3743 56.5504
v  -54.1126 23.3746 56.5432
v  -54.1099 23.3866 56.7160
v  -54.3967 23.7091 56.7551
v  -54.3967 23.7091 56.9675
v  -47.6032 -0.3533 59.1524
v  -47.6032 -0.3533 61.1329
v  -47.6031 -0.3533 57.1719
v  -45.0918 -0.3533 59.1524
v  -54.4355 23.3896 56.9338
v  -54.4355 23.3896 56.7888
v  -54.6029 23.3896 56.7888
v  -54.6029 23.3896 56.9338
v  -54.8535 23.3737 56.5484
v  -54.8643 23.3819 56.7155
v  -54.6823 23.3865 56.7156
v  -54.6791 23.3778 56.5428
v  -57.6484 -0.3533 59.1524
v  -57.6484 -0.3533 61.1329
v  -57.6484 -0.3533 57.1719
v  -39.8294 -0.3533 59.1524
v  -42.5805 -0.3533 59.1524
v  -32.1895 27.9407 59.0955
v  -32.0659 27.6457 59.0427
v  -129.5165 27.9407 63.0808
v  -129.6401 27.6457 63.0506
v  -129.5165 -0.1566 59.0955
v  -129.6401 0.1384 59.0426
v  -32.1895 -0.1566 63.0809
v  -32.0659 0.1384 63.0506
v  -32.7254 -0.3533 59.1524
v  -128.9806 -0.3533 63.1134
v  -60.0052 -0.3533 63.1135
v  -128.9806 28.1374 59.1524
v  -32.7254 28.1374 63.1135
v  -40.0692 28.1374 63.1135
v  -60.1597 28.4574 59.1524
v  -59.6114 28.1095 58.1611
v  -40.0692 28.4574 63.1135
v  -40.6111 28.1127 61.0547
v  -60.1597 28.1374 59.1524
v  -59.1935 24.1148 58.2463
v  -55.6908 24.1148 56.6813
v  -41.0354 24.1148 60.9820
v  -53.0555 24.1148 57.2184
v  -55.1371 -0.3533 63.1135
v  -52.6258 -0.3533 63.1135
v  -50.1145 -0.3533 63.1135
v  -53.9322 23.3815 57.3824
v  -53.9232 23.3867 57.2178
v  -54.1096 23.3881 57.2187
v  -54.1116 23.3832 57.3906
v  -54.3578 23.3896 57.0011
v  -54.3578 23.3896 57.1461
v  -54.1905 23.3896 57.1461
v  -54.1905 23.3896 57.0011
v  -47.6032 -0.3533 63.1135
v  -54.3967 23.7091 57.1798
v  -54.6417 23.7091 56.9675
v  -54.6417 23.7091 57.1798
v  -57.6484 -0.3533 63.1135
v  -39.8294 -0.3533 67.0745
v  -42.5805 -0.3533 67.0745
v  -32.1895 27.9407 67.0662
v  -32.0659 27.6457 67.0585
v  -129.5165 27.9407 55.1102
v  -129.6401 27.6457 55.0347
v  -129.5165 -0.1566 67.0662
v  -129.6401 0.1384 67.0585
v  -32.1895 -0.1566 55.1102
v  -32.0659 0.1384 55.0347
v  -32.7254 -0.3533 67.0745
v  -128.9806 -0.3533 55.1914
v  -60.0052 -0.3533 55.1914
v  -128.9806 28.1374 67.0745
v  -32.7254 28.1374 55.1914
v  -40.0692 28.1374 55.1914
v  -60.1597 28.4574 67.0745
v  -59.6243 28.1159 63.9483
v  -40.0692 28.4574 55.1914
v  -40.6240 28.1062 55.2675
v  -60.1597 28.1374 67.0745
v  -59.1935 24.1148 63.7178
v  -55.5341 24.1148 57.7008
v  -41.0354 24.1148 55.5105
v  -53.2442 24.1148 56.2352
v  -55.1371 -0.3533 55.1914
v  -52.6258 -0.3533 55.1914
v  -50.1145 -0.3533 55.1914
v  -47.6031 -0.3533 55.1914
v  -57.6484 -0.3533 55.1914
v  -53.8934 23.6911 56.5127
v  -54.1557 23.6915 56.5021
v  -54.6417 23.7091 56.7551
v  -54.6370 23.6963 56.5020
v  -54.8923 23.6903 56.5102
v  -54.9082 23.7024 56.7549
v  -53.8786 23.7071 57.1785
v  -54.1517 23.7091 57.1798
v  -55.1149 23.6647 56.2589
v  -55.1775 23.6641 56.5237
v  -55.1239 23.3476 56.4773
v  -55.0812 23.3480 56.2964
v  -54.9292 23.3655 56.4680
v  -54.8592 23.6679 56.2012
v  -54.9065 23.3502 56.2570
v  -54.3949 23.6761 57.7809
v  -54.3962 23.7009 57.4362
v  -54.4330 23.3754 57.4898
v  -54.4321 23.3585 57.7251
v  -54.6373 23.6967 57.4339
v  -54.5977 23.3725 57.4882
v  -54.6243 23.6592 57.7715
v  -54.5887 23.3469 57.7187
v  -53.8693 23.3638 57.6678
v  -53.8501 23.3765 57.4621
v  -53.6551 23.6856 57.6617
v  -53.6885 23.3671 57.6275
v  -53.5873 23.6930 57.3998
v  -53.6422 23.3721 57.4486
v  -53.8231 23.3881 56.9342
v  -53.8250 23.3877 56.7902
v  -53.5379 23.7056 56.9675
v  -53.5924 23.3863 56.9342
v  -53.5494 23.7034 56.7605
v  -53.6002 23.3848 56.7929
v  -55.2342 23.6915 56.9660
v  -54.9124 23.7047 56.9671
v  -54.9614 23.3819 56.9333
v  -55.1812 23.3729 56.9326
v  -54.9586 23.3803 56.7884
v  -55.2176 23.6820 56.7542
v  -55.1699 23.3664 56.7879
v  -54.8962 23.6783 57.4232
v  -54.6801 23.3770 57.3929
v  -54.8569 23.3644 57.3856
v  -54.6831 23.3855 57.2194
v  -54.9104 23.6983 57.1786
v  -54.8666 23.3781 57.2186
v  -54.8636 23.6402 57.7348
v  -54.9360 23.3475 57.4671
v  -54.9138 23.3215 57.6799
v  -55.1911 23.6347 57.4028
v  -55.1374 23.3177 57.4531
v  -55.1252 23.6291 57.6714
v  -55.0924 23.3139 57.6366
v  -54.3964 23.6930 56.4992
v  -54.1944 23.3642 56.4477
v  -54.3588 23.3652 56.4457
v  -54.1677 23.6384 56.1675
v  -54.2026 23.3280 56.2192
v  -54.3957 23.6444 56.1561
v  -54.3583 23.3321 56.2114
v  -53.5884 23.6913 56.5333
v  -53.6440 23.3655 56.4832
v  -53.8523 23.3654 56.4691
v  -53.6595 23.6668 56.2657
v  -53.6926 23.3487 56.3004
v  -53.9265 23.6443 56.2034
v  -53.8749 23.3334 56.2579
v  -129.0803 27.6457 48.6908
v  -129.0803 0.1384 88.1517
v  -55.0410 23.6746 55.9770
v  -55.2402 23.6869 56.1355
v  -55.3803 23.6549 56.3286
v  -55.4776 23.6277 56.5399
v  -54.8174 23.6402 55.8600
v  -32.4238 -0.3041 49.8374
v  -129.2822 -0.3041 49.8374
v  -129.2822 -0.3041 85.1802
v  -32.4238 -0.3041 85.1802
v  -129.2822 28.0882 49.8374
v  -32.4238 28.0882 49.8374
v  -32.4238 28.0882 85.1802
v  -129.2822 28.0882 85.1802
v  -32.6257 27.6457 88.1517
v  -32.6257 0.1384 48.6908
v  -55.0440 23.6362 57.9605
v  -55.2453 23.6691 57.7972
v  -54.8218 23.5929 58.0799
v  -53.3796 23.6927 57.5938
v  -53.5399 23.6974 57.7923
v  -53.2620 23.6844 57.3762
v  -53.7467 23.6360 55.9779
v  -53.5421 23.6880 56.1388
v  -53.9687 23.5823 55.8613
v  -54.3932 23.6430 58.1696
v  -54.1750 23.6518 58.1323
v  -53.9556 23.6566 58.0521
v  -54.6039 23.6062 55.7914
v  -54.3946 23.5797 55.7693
v  -54.6068 23.6093 58.1509
v  -54.1838 23.5676 55.7922
v  -53.7379 23.6786 57.9419
v  -55.2264 23.6656 57.1749
v  -55.5818 23.6738 56.9646
v  -55.5661 23.6220 57.1700
v  -55.5040 23.5785 57.3775
v  -53.1921 23.6976 56.7658
v  -53.1692 23.7021 56.9675
v  -53.2619 23.6918 56.5588
v  -55.5485 23.6549 56.7532
v  -53.1922 23.6927 57.1692
v  -53.5494 23.7009 57.1745
v  -55.3978 23.6220 57.5947
v  -53.3795 23.6976 56.3412
v  -54.6228 23.6577 56.1671
v  -88.9665 27.5656 83.1436
v  -88.9665 27.5656 156.0168
v  -126.9073 27.5656 156.0168
v  -126.9073 27.5656 83.1436
v  -88.9665 30.0592 156.0168
v  -88.9665 30.0592 83.1436
v  -126.9073 30.0592 83.1436
v  -126.9073 30.0592 156.0168
v  -128.1068 28.1164 82.6866
v  -128.1068 28.1164 156.4738
v  -128.1068 29.5083 156.4738
v  -128.1068 29.5083 82.6866
v  -127.4399 28.1164 157.0965
v  -88.4339 28.1164 157.0965
v  -88.4339 29.5083 157.0965
v  -127.4399 29.5083 157.0965
v  -87.7669 28.1164 156.4738
v  -87.7669 28.1164 82.6866
v  -87.7669 29.5083 82.6866
v  -87.7669 29.5083 156.4738
v  -88.4339 28.1164 82.0638
v  -127.4399 28.1164 82.0638
v  -127.4399 29.5083 82.0638
v  -88.4339 29.5083 82.0638
v  -127.5560 30.0592 156.0168
v  -127.5560 30.0592 83.1436
v  -127.7970 30.0247 82.9436
v  -127.7970 30.0247 156.2167
v  -127.9691 29.9215 82.8008
v  -127.9691 29.9215 156.3595
v  -88.9665 30.0592 156.6319
v  -126.9073 30.0592 156.6319
v  -127.1403 30.0247 156.8351
v  -88.7335 30.0247 156.8351
v  -127.3067 29.9215 156.9804
v  -88.5670 29.9215 156.9804
v  -88.3177 30.0592 83.1436
v  -88.3178 30.0592 156.0168
v  -88.0768 30.0247 156.2167
v  -88.0768 30.0247 82.9436
v  -87.9046 29.9215 156.3595
v  -87.9046 29.9215 82.8008
v  -126.9073 30.0592 82.5285
v  -88.9665 30.0592 82.5285
v  -88.7335 30.0247 82.3252
v  -127.1403 30.0247 82.3252
v  -88.5670 29.9215 82.1800
v  -127.3067 29.9215 82.1800
v  -128.0724 29.7493 156.4452
v  -128.0724 29.7493 82.7151
v  -88.4672 29.7493 157.0675
v  -127.4066 29.7493 157.0675
v  -87.8014 29.7493 82.7151
v  -87.8014 29.7493 156.4452
v  -127.4066 29.7493 82.0929
v  -88.4672 29.7493 82.0929
v  -88.9665 27.5656 82.5285
v  -126.9073 27.5656 82.5285
v  -127.1403 27.6001 82.3252
v  -88.7335 27.6001 82.3252
v  -127.3067 27.7033 82.1800
v  -88.5670 27.7033 82.1800
v  -88.3178 27.5656 156.0168
v  -88.3177 27.5656 83.1436
v  -88.0768 27.6001 82.9436
v  -88.0768 27.6001 156.2167
v  -87.9046 27.7033 82.8008
v  -87.9046 27.7033 156.3595
v  -126.9073 27.5656 156.6319
v  -88.9665 27.5656 156.6319
v  -88.7335 27.6001 156.8351
v  -127.1403 27.6001 156.8351
v  -88.5670 27.7033 156.9804
v  -127.3067 27.7033 156.9804
v  -127.5560 27.5656 83.1436
v  -127.5560 27.5656 156.0168
v  -127.7970 27.6001 156.2167
v  -127.7970 27.6001 82.9436
v  -127.9691 27.7033 156.3595
v  -127.9691 27.7033 82.8008
v  -128.0724 27.8755 82.7151
v  -128.0724 27.8755 156.4452
v  -127.4066 27.8755 157.0675
v  -88.4672 27.8755 157.0675
v  -87.8014 27.8755 156.4452
v  -87.8014 27.8755 82.7151
v  -88.4672 27.8755 82.0929
v  -127.4066 27.8755 82.0929
v  -88.0134 28.1164 156.8586
v  -88.0134 29.5083 156.8586
v  -127.8604 29.5083 156.8586
v  -127.8604 28.1164 156.8586
v  -127.8604 28.1164 82.3018
v  -127.8604 29.5083 82.3018
v  -88.0134 29.5083 82.3018
v  -88.0134 28.1164 82.3018
v  -127.3171 30.0592 156.3964
v  -127.5548 30.0247 156.5986
v  -88.3190 30.0247 156.5986
v  -88.5567 30.0592 156.3964
v  -127.7246 29.9215 156.7430
v  -88.1492 29.9215 156.7430
v  -88.5567 30.0592 82.7640
v  -88.3190 30.0247 82.5618
v  -127.5548 30.0247 82.5618
v  -127.3170 30.0592 82.7640
v  -88.1492 29.9215 82.4173
v  -127.7246 29.9215 82.4173
v  -88.0473 29.7493 156.8297
v  -127.8265 29.7493 156.8297
v  -127.8264 29.7493 82.3307
v  -88.0473 29.7493 82.3307
v  -127.3170 27.5656 82.7640
v  -127.5548 27.6001 82.5618
v  -88.3190 27.6001 82.5618
v  -88.5567 27.5656 82.7640
v  -127.7246 27.7033 82.4173
v  -88.1492 27.7033 82.4173
v  -88.5567 27.5656 156.3964
v  -88.3190 27.6001 156.5986
v  -127.5548 27.6001 156.5986
v  -127.3171 27.5656 156.3964
v  -88.1492 27.7033 156.7430
v  -127.7246 27.7033 156.7430
v  -127.8265 27.8755 156.8297
v  -88.0473 27.8755 156.8297
v  -88.0473 27.8755 82.3307
v  -127.8264 27.8755 82.3307
v  -89.3566 0.0000 154.5185
v  -89.4784 0.0000 154.7296
v  -89.6651 0.0000 154.8862
v  -89.8940 0.0000 154.9695
v  -90.1377 0.0000 154.9695
v  -90.3667 0.0000 154.8862
v  -90.5534 0.0000 154.7296
v  -90.6752 0.0000 154.5185
v  -90.7175 0.0000 154.2786
v  -90.6752 0.0000 154.0386
v  -90.5534 0.0000 153.8276
v  -90.3667 0.0000 153.6709
v  -90.1377 0.0000 153.5876
v  -89.8940 0.0000 153.5876
v  -89.6651 0.0000 153.6709
v  -89.4784 0.0000 153.8276
v  -89.3566 0.0000 154.0386
v  -89.3143 0.0000 154.2786
v  -89.3566 29.4946 154.0386
v  -89.3143 29.4946 154.2786
v  -89.4784 29.4946 153.8276
v  -89.6651 29.4946 153.6709
v  -89.8940 29.4946 153.5876
v  -90.1377 29.4946 153.5876
v  -90.3667 29.4946 153.6709
v  -90.5534 29.4946 153.8276
v  -90.6752 29.4946 154.0386
v  -90.7175 29.4946 154.2786
v  -90.6752 29.4946 154.5185
v  -90.5534 29.4946 154.7296
v  -90.3667 29.4946 154.8862
v  -90.1377 29.4946 154.9695
v  -89.8940 29.4946 154.9695
v  -89.6651 29.4946 154.8862
v  -89.4784 29.4946 154.7296
v  -89.3566 29.4946 154.5185
v  -125.3092 0.0000 154.5185
v  -125.4311 0.0000 154.7296
v  -125.6177 0.0000 154.8862
v  -125.8467 0.0000 154.9695
v  -126.0904 0.0000 154.9695
v  -126.3193 0.0000 154.8862
v  -126.5060 0.0000 154.7296
v  -126.6278 0.0000 154.5185
v  -126.6702 0.0000 154.2786
v  -126.6278 0.0000 154.0386
v  -126.5060 0.0000 153.8276
v  -126.3193 0.0000 153.6709
v  -126.0904 0.0000 153.5876
v  -125.8467 0.0000 153.5876
v  -125.6177 0.0000 153.6709
v  -125.4311 0.0000 153.8276
v  -125.3092 0.0000 154.0386
v  -125.2669 0.0000 154.2786
v  -125.3092 29.4946 154.0386
v  -125.2669 29.4946 154.2786
v  -125.4311 29.4946 153.8276
v  -125.6177 29.4946 153.6709
v  -125.8467 29.4946 153.5876
v  -126.0904 29.4946 153.5876
v  -126.3193 29.4946 153.6709
v  -126.5060 29.4946 153.8276
v  -126.6278 29.4946 154.0386
v  -126.6702 29.4946 154.2786
v  -126.6278 29.4946 154.5185
v  -126.5060 29.4946 154.7296
v  -126.3193 29.4946 154.8862
v  -126.0904 29.4946 154.9695
v  -125.8467 29.4946 154.9695
v  -125.6177 29.4946 154.8862
v  -125.4311 29.4946 154.7296
v  -125.3092 29.4946 154.5185
v  -79.7071 25.5531 60.5464
v  -80.0803 25.5531 59.5210
v  -80.0803 28.4435 59.5210
v  -79.7071 28.4435 60.5464
v  -80.7817 25.5531 58.6850
v  -80.7817 28.4435 58.6850
v  -81.7267 25.5531 58.1394
v  -81.7267 28.4435 58.1394
v  -82.8014 25.5531 57.9499
v  -82.8014 28.4435 57.9499
v  -83.8760 25.5531 58.1394
v  -83.8760 28.4435 58.1394
v  -84.8211 25.5531 58.6850
v  -84.8211 28.4435 58.6850
v  -85.5225 25.5531 59.5210
v  -85.5225 28.4435 59.5210
v  -85.8957 25.5531 60.5464
v  -85.8957 28.4435 60.5464
v  -85.8957 25.5531 61.6376
v  -85.8957 28.4435 61.6376
v  -85.5225 25.5531 62.6630
v  -85.5225 28.4435 62.6630
v  -84.8211 25.5531 63.4989
v  -84.8211 28.4435 63.4989
v  -83.8760 25.5531 64.0445
v  -83.8760 28.4435 64.0445
v  -82.8014 25.5531 64.2340
v  -82.8014 28.4435 64.2340
v  -81.7267 25.5531 64.0445
v  -81.7267 28.4435 64.0445
v  -80.7817 25.5531 63.4989
v  -80.7817 28.4435 63.4989
v  -80.0803 25.5531 62.6630
v  -80.0803 28.4435 62.6630
v  -79.7071 25.5531 61.6376
v  -79.7071 28.4435 61.6376
v  -81.4408 28.6809 60.3065
v  -81.2542 28.6809 60.8192
v  -81.7916 28.6809 59.8885
v  -82.2641 28.6809 59.6157
v  -82.8014 28.6809 59.5210
v  -83.3387 28.6809 59.6157
v  -83.8112 28.6809 59.8885
v  -84.1619 28.6809 60.3065
v  -84.3485 28.6809 60.8192
v  -84.3485 28.6809 61.3648
v  -84.1619 28.6809 61.8775
v  -83.8112 28.6809 62.2955
v  -83.3387 28.6809 62.5683
v  -82.8014 28.6809 62.6630
v  -82.2641 28.6809 62.5683
v  -81.7916 28.6809 62.2955
v  -81.4408 28.6809 61.8775
v  -81.2542 28.6809 61.3648
v  -82.8014 28.6809 61.0920
v  -81.5019 25.5531 55.7047
v  -81.6724 25.5531 55.2364
v  -81.6724 28.4435 55.2364
v  -81.5019 28.4435 55.7047
v  -81.9927 25.5531 54.8547
v  -81.9927 28.4435 54.8547
v  -82.4243 25.5531 54.6055
v  -82.4243 28.4435 54.6055
v  -82.9150 25.5531 54.5190
v  -82.9150 28.4435 54.5190
v  -83.4058 25.5531 54.6055
v  -83.4058 28.4435 54.6055
v  -83.8374 25.5531 54.8547
v  -83.8374 28.4435 54.8547
v  -84.1577 25.5531 55.2364
v  -84.1577 28.4435 55.2364
v  -84.3281 25.5531 55.7047
v  -84.3281 28.4435 55.7047
v  -84.3281 25.5531 56.2031
v  -84.3281 28.4435 56.2031
v  -84.1577 25.5531 56.6714
v  -84.1577 28.4435 56.6714
v  -83.8374 25.5531 57.0531
v  -83.8374 28.4435 57.0531
v  -83.4058 25.5531 57.3023
v  -83.4058 28.4435 57.3023
v  -82.9150 25.5531 57.3888
v  -82.9150 28.4435 57.3888
v  -82.4243 25.5531 57.3023
v  -82.4243 28.4435 57.3023
v  -81.9927 25.5531 57.0531
v  -81.9927 28.4435 57.0531
v  -81.6724 25.5531 56.6714
v  -81.6724 28.4435 56.6714
v  -81.5019 25.5531 56.2031
v  -81.5019 28.4435 56.2031
v  -82.2937 28.6809 55.5952
v  -82.2085 28.6809 55.8293
v  -82.4539 28.6809 55.4043
v  -82.6697 28.6809 55.2797
v  -82.9150 28.6809 55.2364
v  -83.1604 28.6809 55.2797
v  -83.3762 28.6809 55.4043
v  -83.5364 28.6809 55.5952
v  -83.6216 28.6809 55.8293
v  -83.6216 28.6809 56.0785
v  -83.5364 28.6809 56.3126
v  -83.3762 28.6809 56.5035
v  -83.1604 28.6809 56.6281
v  -82.9150 28.6809 56.6714
v  -82.6697 28.6809 56.6281
v  -82.4539 28.6809 56.5035
v  -82.2937 28.6809 56.3126
v  -82.2085 28.6809 56.0785
v  -82.9150 28.6809 55.9539
v  -91.7059 25.5531 61.8774
v  -91.7620 25.5531 61.2364
v  -91.7620 28.4435 61.2364
v  -91.7059 28.4435 61.8774
v  -92.0340 25.5531 60.6532
v  -92.0340 28.4435 60.6532
v  -92.4890 25.5531 60.1982
v  -92.4890 28.4435 60.1982
v  -93.0721 25.5531 59.9263
v  -93.0721 28.4435 59.9263
v  -93.7132 25.5531 59.8702
v  -93.7132 28.4435 59.8702
v  -94.3347 25.5531 60.0367
v  -94.3347 28.4435 60.0367
v  -94.8618 25.5531 60.4058
v  -94.8618 28.4435 60.4058
v  -95.2309 25.5531 60.9329
v  -95.2309 28.4435 60.9329
v  -95.3974 25.5531 61.5544
v  -95.3974 28.4435 61.5544
v  -95.3413 25.5531 62.1954
v  -95.3413 28.4435 62.1954
v  -95.0694 25.5531 62.7786
v  -95.0694 28.4435 62.7786
v  -94.6144 25.5531 63.2336
v  -94.6144 28.4435 63.2336
v  -94.0312 25.5531 63.5055
v  -94.0312 28.4435 63.5055
v  -93.3902 25.5531 63.5616
v  -93.3902 28.4435 63.5616
v  -92.7687 25.5531 63.3951
v  -92.7687 28.4435 63.3951
v  -92.2416 25.5531 63.0260
v  -92.2416 28.4435 63.0260
v  -91.8725 25.5531 62.4989
v  -91.8725 28.4435 62.4989
v  -92.6569 28.6809 61.4761
v  -92.6288 28.6809 61.7966
v  -92.7928 28.6809 61.1845
v  -93.0203 28.6809 60.9570
v  -93.3119 28.6809 60.8211
v  -93.6324 28.6809 60.7930
v  -93.9432 28.6809 60.8763
v  -94.2067 28.6809 61.0608
v  -94.3913 28.6809 61.3244
v  -94.4745 28.6809 61.6352
v  -94.4465 28.6809 61.9557
v  -94.3105 28.6809 62.2473
v  -94.0830 28.6809 62.4748
v  -93.7914 28.6809 62.6107
v  -93.4709 28.6809 62.6388
v  -93.1602 28.6809 62.5555
v  -92.8966 28.6809 62.3710
v  -92.7121 28.6809 62.1074
v  -93.5517 28.6809 61.7159
v  -91.4673 25.5531 56.7880
v  -91.5299 25.5531 56.0725
v  -91.5299 28.4435 56.0725
v  -91.4673 28.4435 56.7880
v  -91.8334 25.5531 55.4216
v  -91.8334 28.4435 55.4216
v  -92.3413 25.5531 54.9138
v  -92.3413 28.4435 54.9138
v  -92.9922 25.5531 54.6103
v  -92.9922 28.4435 54.6103
v  -93.7077 25.5531 54.5477
v  -93.7077 28.4435 54.5477
v  -94.4014 25.5531 54.7336
v  -94.4014 28.4435 54.7336
v  -94.9897 25.5531 55.1455
v  -94.9897 28.4435 55.1455
v  -95.4016 25.5531 55.7338
v  -95.4016 28.4435 55.7338
v  -95.5875 25.5531 56.4275
v  -95.5875 28.4435 56.4275
v  -95.5249 25.5531 57.1430
v  -95.5249 28.4435 57.1430
v  -95.2214 25.5531 57.7939
v  -95.2214 28.4435 57.7939
v  -94.7136 25.5531 58.3018
v  -94.7136 28.4435 58.3018
v  -94.0627 25.5531 58.6053
v  -94.0627 28.4435 58.6053
v  -93.3472 25.5531 58.6679
v  -93.3472 28.4435 58.6679
v  -92.6535 25.5531 58.4820
v  -92.6535 28.4435 58.4820
v  -92.0651 25.5531 58.0700
v  -92.0651 28.4435 58.0700
v  -91.6532 25.5531 57.4817
v  -91.6532 28.4435 57.4817
v  -92.5287 28.6809 56.3402
v  -92.4974 28.6809 56.6979
v  -92.6804 28.6809 56.0147
v  -92.9343 28.6809 55.7608
v  -93.2598 28.6809 55.6090
v  -93.6175 28.6809 55.5777
v  -93.9644 28.6809 55.6707
v  -94.2586 28.6809 55.8766
v  -94.4645 28.6809 56.1708
v  -94.5575 28.6809 56.5177
v  -94.5262 28.6809 56.8754
v  -94.3744 28.6809 57.2008
v  -94.1205 28.6809 57.4548
v  -93.7950 28.6809 57.6065
v  -93.4373 28.6809 57.6378
v  -93.0904 28.6809 57.5449
v  -92.7963 28.6809 57.3389
v  -92.5903 28.6809 57.0448
v  -93.5274 28.6809 56.6078
v  -49.8668 28.1432 67.4300
v  -50.0984 28.1432 67.5875
v  -50.3825 28.1432 67.5374
v  -50.5320 28.1432 67.3107
v  -50.5274 28.1432 67.0344
v  -50.3470 28.1432 66.8496
v  -50.1077 28.1432 66.8072
v  -49.8775 28.1432 66.9369
v  -49.7665 28.1432 67.1722
v  -49.5855 28.1432 67.1664
v  -49.7467 28.1432 66.8248
v  -49.7467 29.5666 66.8248
v  -49.5855 29.5666 67.1664
v  -50.0809 28.1432 66.6366
v  -50.0809 29.5666 66.6366
v  -50.4281 28.1432 66.6981
v  -50.4281 29.5666 66.6981
v  -50.6900 28.1432 66.9664
v  -50.6900 29.5666 66.9664
v  -50.6967 28.1432 67.3674
v  -50.6967 29.5666 67.3674
v  -50.4796 28.1432 67.6964
v  -50.4796 29.5666 67.6964
v  -50.0673 28.1432 67.7691
v  -50.0673 29.5666 67.7691
v  -49.7311 28.1432 67.5406
v  -49.7311 29.5666 67.5406
v  -49.7665 30.2208 67.1722
v  -49.8775 30.2208 66.9369
v  -49.8775 31.2596 66.9369
v  -49.7665 31.2596 67.1722
v  -50.1077 30.2208 66.8072
v  -50.1077 31.2596 66.8072
v  -50.3470 30.2208 66.8496
v  -50.3470 31.2596 66.8496
v  -50.5274 30.2208 67.0344
v  -50.5274 31.2596 67.0344
v  -50.5320 30.2208 67.3107
v  -50.5320 31.2596 67.3107
v  -50.3825 30.2208 67.5374
v  -50.3825 31.2596 67.5374
v  -50.0984 30.2208 67.5875
v  -50.0984 31.2596 67.5875
v  -49.8668 30.2208 67.4300
v  -49.8668 31.2596 67.4300
v  -50.5275 32.0009 66.9764
v  -50.5322 32.0258 67.2435
v  -50.5328 32.7708 67.0307
v  -50.5280 32.7199 66.7720
v  -49.8626 34.0479 66.3949
v  -49.8565 34.5698 65.8228
v  -50.0984 34.6888 65.9103
v  -50.0984 34.1389 66.5072
v  -50.3473 32.6862 66.5990
v  -50.3484 33.2193 66.3439
v  -50.1075 33.2032 66.3081
v  -50.1077 32.6784 66.5594
v  -50.5345 33.3965 66.7353
v  -50.5296 33.2896 66.5007
v  -49.8775 29.5666 66.9369
v  -49.7665 29.5666 67.1722
v  -50.1077 29.5666 66.8072
v  -50.3470 29.5666 66.8496
v  -50.5274 29.5666 67.0344
v  -50.5320 29.5666 67.3107
v  -50.3825 29.5666 67.5374
v  -50.0984 29.5666 67.5875
v  -49.8668 29.5666 67.4300
v  -49.8774 31.9922 66.8823
v  -49.8771 32.7021 66.6808
v  -49.7661 32.7451 66.9011
v  -49.7664 32.0132 67.1096
v  -50.1077 31.9808 66.7572
v  -50.3470 31.9845 66.7980
v  -50.3825 32.0463 67.4628
v  -50.3825 32.8126 67.2428
v  -50.0984 32.0509 67.5113
v  -50.0984 32.8219 67.2897
v  -49.8667 32.0366 67.3589
v  -49.8664 32.7927 67.1424
v  -49.9344 34.3209 63.7704
v  -49.9425 34.0608 63.4254
v  -49.8577 34.2032 63.3230
v  -49.8530 34.5268 63.7585
v  -50.1200 34.2078 63.7771
v  -50.1206 33.9834 63.4814
v  -50.3168 34.2431 63.7750
v  -50.3063 34.0082 63.4622
v  -50.4612 34.4023 63.7659
v  -50.4454 34.1187 63.3808
v  -50.4671 34.6555 63.7496
v  -50.4467 34.2909 63.2690
v  -50.3288 34.8638 63.7364
v  -50.3348 34.4322 63.1769
v  -50.1157 34.9101 63.7334
v  -50.1136 34.4639 63.1570
v  -49.9283 34.7648 63.7429
v  -49.9361 34.3653 63.2193
v  -49.8668 34.2041 65.5489
v  -49.7566 34.3751 65.6788
v  -49.7622 33.8993 66.2103
v  -49.8729 33.7668 66.0423
v  -50.1060 34.1099 65.4770
v  -50.1070 33.6938 65.9494
v  -50.3512 33.7174 65.9794
v  -50.3568 34.1398 65.5000
v  -50.5344 33.8209 66.1112
v  -50.5443 34.2728 65.6016
v  -50.5399 33.9797 66.3094
v  -50.5516 34.4804 65.7562
v  -50.3824 34.1099 66.4715
v  -50.3825 34.6509 65.8825
v  -49.7650 33.3424 66.6179
v  -49.8760 33.2527 66.4183
v  -50.3825 33.4842 66.9272
v  -50.0984 33.5037 66.9696
v  -49.8654 33.4424 66.8364
v  -49.8604 34.4573 64.9181
v  -49.9333 34.4776 64.3256
v  -49.8524 34.6873 64.3591
v  -49.7508 34.6565 64.9975
v  -50.1050 34.3478 64.8742
v  -50.1201 34.3623 64.3071
v  -50.3185 34.3980 64.3132
v  -50.3628 34.3821 64.8880
v  -50.4640 34.5600 64.3396
v  -50.5548 34.5362 64.9499
v  -50.4708 34.8193 64.3773
v  -50.5639 34.7807 65.0451
v  -50.3281 35.0326 64.4084
v  -50.3825 34.9820 65.1228
v  -50.1160 35.0799 64.4151
v  -50.0984 35.0268 65.1399
v  -49.8502 34.8863 65.0861
v  -49.9269 34.9311 64.3940
v  -49.9648 33.7083 63.2451
v  -49.8787 33.7687 63.0719
v  -49.8412 34.2036 63.3177
v  -49.9301 34.0560 63.4384
v  -50.1179 33.9773 63.5017
v  -50.1255 33.6767 63.3362
v  -50.2894 33.6874 63.3053
v  -50.3140 34.0024 63.4801
v  -50.4195 33.7341 63.1704
v  -50.4617 34.1162 63.3843
v  -50.4194 33.8017 62.9800
v  -50.4613 34.2929 63.2588
v  -50.3270 33.8571 62.8265
v  -50.3420 34.4375 63.1577
v  -50.1164 33.8691 62.7940
v  -50.1111 34.4699 63.1364
v  -49.9258 34.3696 63.2030
v  -49.9562 33.8321 62.8958
v  -49.9759 33.7137 63.2293
v  -49.8977 33.7702 63.0719
v  -49.9678 33.8281 62.9114
v  -50.1192 33.8632 62.8147
v  -50.3186 33.8519 62.8456
v  -50.4033 33.8006 62.9880
v  -50.4030 33.7382 63.1611
v  -50.2829 33.6934 63.2862
v  -50.1277 33.6828 63.3156
# 1576 vertices

vn 0.0000 -1.0000 -0.0000
vn 0.0027 0.9028 0.4300
vn -0.0000 0.9030 0.4297
vn -0.0000 0.5740 0.8188
vn 0.0069 0.5753 0.8179
vn 0.0000 0.5740 0.8188
vn -0.0000 0.2729 0.9621
vn 0.0087 0.2749 0.9614
vn -0.0000 0.0950 0.9955
vn 0.0091 0.0957 0.9954
vn 0.0000 0.0950 0.9955
vn -0.0000 -0.0950 0.9955
vn 0.0000 -0.0950 0.9955
vn 0.0091 -0.0958 0.9954
vn 0.3801 0.9250 0.0000
vn 0.7858 0.6184 -0.0000
vn 0.9544 0.2986 -0.0000
vn 0.9544 0.2986 0.0000
vn 0.9945 0.1046 -0.0000
vn 0.9945 -0.1046 -0.0000
vn -0.0003 0.9029 -0.4299
vn 0.0000 0.9030 -0.4297
vn 0.0000 0.5740 -0.8188
vn -0.0007 0.5739 -0.8189
vn -0.0000 0.9030 -0.4297
vn -0.0000 0.2729 -0.9621
vn 0.0000 0.2729 -0.9621
vn -0.0008 0.2728 -0.9621
vn 0.0000 0.0950 -0.9955
vn -0.0009 0.0949 -0.9955
vn 0.0000 -0.0950 -0.9955
vn -0.0000 -0.0950 -0.9955
vn -0.0009 -0.0949 -0.9955
vn -0.3801 0.9250 -0.0000
vn -0.3801 0.9250 0.0000
vn -0.7858 0.6184 0.0000
vn -0.7858 0.6184 -0.0000
vn -0.9544 0.2986 -0.0000
vn -0.9544 0.2986 0.0000
vn -0.9945 0.1046 0.0000
vn -0.9945 0.1046 -0.0000
vn -0.9945 -0.1046 -0.0000
vn -0.3800 -0.9250 -0.0000
vn -0.3801 -0.9250 -0.0000
vn -0.7858 -0.6184 -0.0000
vn -0.3801 -0.9250 0.0000
vn -0.9544 -0.2986 -0.0000
vn 0.0027 -0.9028 -0.4300
vn 0.0000 -0.9030 -0.4297
vn 0.0000 -0.5740 -0.8188
vn 0.0069 -0.5753 -0.8179
vn -0.0000 -0.2729 -0.9621
vn 0.0000 -0.2729 -0.9621
vn 0.0087 -0.2749 -0.9614
vn 0.0091 -0.0958 -0.9954
vn 0.0091 0.0957 -0.9954
vn 0.3800 -0.9250 -0.0000
vn 0.3801 -0.9250 0.0000
vn 0.7858 -0.6184 -0.0000
vn 0.9544 -0.2986 -0.0000
vn 0.9544 -0.2986 0.0000
vn 0.9945 -0.1046 0.0000
vn 0.9945 0.1046 0.0000
vn -0.0003 -0.9029 0.4299
vn -0.0000 -0.9030 0.4297
vn -0.0000 -0.5740 0.8188
vn -0.0007 -0.5739 0.8189
vn 0.0000 -0.9030 0.4297
vn 0.0000 -0.5740 0.8188
vn -0.0000 -0.2729 0.9621
vn 0.0000 -0.2729 0.9621
vn -0.0008 -0.2728 0.9621
vn -0.0009 -0.0949 0.9955
vn -0.0009 0.0949 0.9955
vn -0.0003 -0.9029 -0.4299
vn -0.0000 -0.9030 -0.4297
vn 0.0000 -0.9960 -0.0889
vn -0.0000 -0.9960 -0.0889
vn 0.0027 -0.9028 0.4300
vn -0.0000 -0.9960 0.0889
vn 0.0004 -0.9960 0.0891
vn 0.0000 -0.9960 0.0889
vn 0.0027 0.9028 -0.4300
vn 0.0000 0.9960 -0.0889
vn 0.0004 0.9960 -0.0891
vn 0.0000 0.9960 -0.0888
vn 0.0000 1.0000 -0.0000
vn -0.0000 1.0000 -0.0000
vn -0.0003 0.9029 0.4299
vn 0.0000 0.9030 0.4297
vn 0.0000 0.9960 0.0889
vn -0.0000 0.9960 0.0889
vn 0.0000 0.9960 0.0888
vn -0.0000 1.0000 0.0000
vn 0.0000 1.0000 0.0000
vn 0.0727 -0.9974 -0.0000
vn 0.0727 -0.9974 0.0000
vn -0.0727 -0.9974 0.0000
vn -0.0727 -0.9974 -0.0000
vn -0.0727 0.9974 -0.0000
vn 0.3801 0.9250 -0.0000
vn 0.0727 0.9974 -0.0000
vn 0.0727 0.9974 0.0000
vn 0.7071 0.7071 -0.0000
vn 0.3015 0.9045 0.3015
vn 0.0775 -0.9970 -0.0038
vn 0.0004 -0.9960 -0.0891
vn 0.0908 -0.9892 -0.1149
vn -0.0764 -0.9971 0.0010
vn -0.0921 -0.9894 0.1127
vn -0.0775 0.9970 -0.0038
vn -0.0000 0.9960 -0.0889
vn -0.0904 0.9892 -0.1151
vn 0.0764 0.9971 0.0010
vn 0.0004 0.9960 0.0891
vn 0.0925 0.9893 0.1124
vn -0.2879 -0.1178 -0.9504
vn -0.2879 0.1178 -0.9504
vn 0.2949 0.1183 -0.9482
vn 0.2949 -0.1183 -0.9482
vn 0.2949 -0.1183 0.9482
vn 0.2949 0.1183 0.9482
vn -0.2879 0.1178 0.9504
vn -0.2879 -0.1178 0.9504
vn -0.0782 -0.9969 -0.0027
vn -0.0904 -0.9892 -0.1151
vn 0.0764 -0.9971 0.0010
vn 0.0925 -0.9893 0.1124
vn 0.0775 0.9970 -0.0038
vn 0.0908 0.9892 -0.1149
vn -0.0764 0.9971 0.0010
vn -0.0921 0.9894 0.1127
vn -0.3015 0.9045 0.3015
vn -0.0000 0.7071 0.7071
vn 0.3015 0.9045 -0.3015
vn 0.0000 0.7071 -0.7071
vn 0.3803 0.9249 0.0008
vn 0.7858 0.6185 0.0021
vn 0.9524 0.3037 0.0257
vn 0.9543 0.2989 0.0027
vn 0.7871 0.6164 0.0200
vn 0.9534 0.3013 -0.0129
vn 0.7848 0.6196 -0.0099
vn 0.9420 0.3200 -0.1006
vn 0.7766 0.6252 -0.0778
vn 0.3807 0.9247 -0.0037
vn 0.9945 0.1047 0.0028
vn 0.9939 0.1066 0.0270
vn 0.9943 0.1057 -0.0136
vn 0.9879 0.1129 -0.1066
vn -0.3807 0.9247 -0.0037
vn -0.7848 0.6196 -0.0099
vn -0.9420 0.3200 -0.1006
vn -0.9534 0.3013 -0.0129
vn -0.7766 0.6252 -0.0778
vn -0.9543 0.2989 0.0027
vn -0.7858 0.6185 0.0021
vn -0.9524 0.3037 0.0257
vn -0.7872 0.6164 0.0200
vn -0.3803 0.9249 0.0008
vn -0.9943 0.1057 -0.0136
vn -0.9879 0.1129 -0.1066
vn -0.9945 0.1047 0.0028
vn -0.9939 0.1066 0.0270
vn -0.3803 -0.9249 0.0008
vn -0.7858 -0.6185 0.0021
vn -0.9524 -0.3037 0.0257
vn -0.9543 -0.2989 0.0027
vn -0.7871 -0.6164 0.0200
vn -0.9534 -0.3013 -0.0129
vn -0.7848 -0.6196 -0.0099
vn -0.9421 -0.3200 -0.1006
vn -0.7766 -0.6252 -0.0778
vn -0.3735 -0.9276 -0.0036
vn -0.9945 -0.1047 0.0028
vn -0.9939 -0.1066 0.0270
vn -0.9943 -0.1057 -0.0136
vn -0.9879 -0.1129 -0.1066
vn 0.3807 -0.9247 -0.0037
vn 0.7848 -0.6196 -0.0099
vn 0.7858 -0.6184 0.0000
vn 0.9420 -0.3200 -0.1006
vn 0.9534 -0.3013 -0.0129
vn 0.7766 -0.6252 -0.0778
vn 0.9543 -0.2989 0.0027
vn 0.7858 -0.6185 0.0021
vn 0.9524 -0.3037 0.0257
vn 0.7871 -0.6164 0.0200
vn 0.3803 -0.9249 0.0008
vn 0.9943 -0.1057 -0.0136
vn 0.9879 -0.1129 -0.1066
vn 0.9945 -0.1047 0.0028
vn 0.9939 -0.1066 0.0270
vn 0.0728 -0.9973 0.0001
vn 0.0730 -0.9973 -0.0005
vn -0.0641 -0.9979 -0.0003
vn -0.0732 -0.9973 -0.0008
vn -0.0728 -0.9973 0.0001
vn -0.0728 0.9973 0.0001
vn -0.0727 0.9974 0.0000
vn -0.0730 0.9973 -0.0005
vn 0.0730 0.9973 -0.0005
vn 0.0728 0.9973 0.0001
vn -0.5205 0.6805 -0.5158
vn -0.4823 0.8760 0.0000
vn 0.8501 0.5267 0.0013
vn 0.4850 0.7427 0.4618
vn -0.4820 0.8761 -0.0000
vn -0.5711 0.6043 0.5556
vn 0.0000 0.7391 0.6736
vn -0.0000 0.7016 -0.7125
vn 0.5438 0.7897 -0.2841
vn 0.0000 0.7016 -0.7125
vn 0.5711 0.6043 0.5556
vn 0.4808 0.8768 0.0000
vn -0.8502 0.5265 0.0013
vn -0.5438 0.7897 -0.2841
vn 0.4810 0.8767 -0.0000
vn -0.8501 0.5266 0.0013
vn 0.5205 0.6805 -0.5158
vn 0.0000 0.8662 -0.4996
vn 0.0000 0.5341 0.8454
vn -0.4850 0.7427 0.4618
vn -0.5457 0.6256 -0.5576
vn 0.0000 0.7338 -0.6793
vn 0.5479 0.6249 0.5561
vn 0.0000 0.7350 0.6781
vn -0.3015 0.9045 -0.3015
vn -0.7071 0.7071 0.0000
vn -0.7071 0.7071 -0.0000
vn 0.6699 0.7425 -0.0000
vn 0.4371 0.8515 0.2897
vn 0.3712 0.8465 0.3816
vn 0.6696 0.7427 -0.0000
vn 0.5044 0.8436 0.1841
vn 0.5457 0.6256 -0.5576
vn 0.3174 0.8500 -0.4203
vn 0.4057 0.8409 -0.3581
vn 0.1960 0.8476 -0.4931
vn -0.6682 0.7440 -0.0000
vn -0.4445 0.8461 -0.2940
vn -0.3837 0.8471 -0.3677
vn -0.6685 0.7437 -0.0000
vn -0.4972 0.8457 -0.1938
vn -0.5479 0.6249 0.5561
vn -0.3133 0.8497 0.4242
vn -0.3954 0.8437 0.3631
vn -0.1930 0.8458 0.4973
vn 0.3622 0.8148 0.4526
vn 0.4882 0.6321 0.6017
vn 0.7265 0.6230 0.2899
vn 0.3998 0.8980 0.1838
vn 0.5855 0.3766 0.7179
vn 0.8567 0.3591 0.3702
vn 0.5855 0.3766 -0.7179
vn 0.4882 0.6321 -0.6017
vn 0.6966 0.6313 -0.3408
vn 0.8273 0.3662 -0.4260
vn 0.3622 0.8148 -0.4526
vn 0.3840 0.8994 -0.2089
vn -0.3622 0.8148 -0.4526
vn -0.4882 0.6321 -0.6017
vn -0.6966 0.6313 -0.3408
vn -0.3840 0.8994 -0.2089
vn -0.5855 0.3766 -0.7179
vn -0.8273 0.3662 -0.4260
vn -0.5855 0.3766 0.7179
vn -0.4882 0.6321 0.6017
vn -0.7265 0.6230 0.2899
vn -0.8567 0.3591 0.3702
vn -0.3622 0.8148 0.4526
vn -0.3998 0.8980 0.1838
vn -0.3622 -0.8148 0.4526
vn -0.4882 -0.6321 0.6017
vn -0.7265 -0.6230 0.2899
vn -0.3998 -0.8980 0.1838
vn -0.5855 -0.3766 0.7179
vn -0.8567 -0.3591 0.3702
vn -0.5855 -0.3766 -0.7179
vn -0.4882 -0.6321 -0.6017
vn -0.6966 -0.6314 -0.3408
vn -0.8273 -0.3662 -0.4260
vn -0.3622 -0.8148 -0.4526
vn -0.3840 -0.8994 -0.2089
vn -0.6278 -0.1351 0.7666
vn -0.6278 0.1351 0.7666
vn -0.9078 0.1281 0.3993
vn -0.9078 -0.1281 0.3993
vn -0.8799 0.1308 -0.4568
vn -0.8799 -0.1308 -0.4568
vn -0.6278 -0.1351 -0.7666
vn -0.6278 0.1351 -0.7666
vn 0.3622 -0.8148 -0.4526
vn 0.4882 -0.6321 -0.6017
vn 0.6966 -0.6314 -0.3408
vn 0.3840 -0.8994 -0.2089
vn 0.5855 -0.3766 -0.7179
vn 0.8273 -0.3662 -0.4260
vn 0.5855 -0.3766 0.7179
vn 0.4882 -0.6321 0.6017
vn 0.7265 -0.6230 0.2899
vn 0.8567 -0.3591 0.3702
vn 0.3622 -0.8148 0.4526
vn 0.3998 -0.8980 0.1838
vn 0.6278 -0.1351 -0.7666
vn 0.6278 0.1351 -0.7666
vn 0.8799 0.1308 -0.4568
vn 0.8799 -0.1308 -0.4568
vn 0.9078 0.1281 0.3993
vn 0.9078 -0.1281 0.3993
vn 0.6278 -0.1351 0.7666
vn 0.6278 0.1351 0.7666
vn -0.2059 0.5861 0.7836
vn -0.1317 0.8795 0.4573
vn -0.2659 0.3316 0.9052
vn 0.1353 0.8800 0.4552
vn 0.2124 0.5878 0.7806
vn 0.2124 0.5878 -0.7806
vn 0.1353 0.8800 -0.4552
vn 0.2728 0.3330 -0.9026
vn -0.1317 0.8795 -0.4573
vn -0.2059 0.5861 -0.7836
vn -0.2059 -0.5861 -0.7836
vn -0.1317 -0.8795 -0.4573
vn -0.2660 -0.3316 -0.9051
vn 0.1353 -0.8800 -0.4552
vn 0.2124 -0.5878 -0.7806
vn 0.2124 -0.5878 0.7806
vn 0.1353 -0.8800 0.4552
vn 0.2728 -0.3330 0.9026
vn -0.1317 -0.8795 0.4573
vn -0.2059 -0.5861 0.7836
vn -0.0066 0.9989 0.0464
vn 0.2582 0.9432 -0.2091
vn -0.0012 0.9975 0.0713
vn 0.2068 0.9662 -0.1539
vn 0.0000 0.2729 0.9621
vn -0.0000 0.9960 0.0888
vn -0.0000 0.7071 -0.7071
vn -0.0000 0.7391 0.6736
vn -0.0000 0.8662 -0.4996
vn -0.0000 0.5341 0.8454
vn -0.0000 0.5340 0.8455
vn -0.0000 0.7351 0.6780
vn -0.1020 0.8217 -0.5607
vn -0.0252 0.8050 -0.5928
vn -0.1968 0.8483 -0.4915
vn -0.0000 0.7350 0.6781
vn 0.0851 0.8124 0.5769
vn 0.0095 0.7930 0.6091
vn 0.1920 0.8382 0.5105
vn 0.0676 0.8207 -0.5674
vn -0.0697 0.8130 0.5780
vn -0.0007 0.5739 0.8189
vn -0.0008 0.2728 0.9621
vn 0.0069 0.5753 -0.8179
vn 0.0087 0.2749 -0.9614
vn -0.0000 -0.5740 -0.8188
vn -0.0007 -0.5739 -0.8189
vn -0.0008 -0.2728 -0.9621
vn 0.0069 -0.5753 0.8179
vn 0.0087 -0.2749 0.9614
vn -0.2972 0.8546 -0.4258
vn 0.2941 0.8434 0.4497
vn -0.9544 -0.2986 0.0000
vn 0.3801 -0.9250 -0.0000
vn -0.4816 0.8764 -0.0000
vn -0.4813 0.8766 -0.0000
vn 0.8501 0.5266 0.0013
vn -0.4810 0.8767 -0.0000
vn 0.4815 0.8764 -0.0000
vn 0.4818 0.8763 -0.0000
vn 0.4820 0.8761 -0.0000
vn -0.8501 0.5267 0.0013
vn 0.6690 0.7432 -0.0000
vn 0.6687 0.7435 -0.0000
vn 0.5739 0.8155 -0.0746
vn 0.5851 0.8109 0.0117
vn 0.6685 0.7437 -0.0000
vn 0.5327 0.8255 -0.1866
vn -0.6690 0.7432 0.0000
vn -0.6693 0.7430 0.0000
vn -0.5522 0.8290 0.0885
vn -0.5780 0.8161 0.0015
vn -0.6696 0.7427 -0.0000
vn -0.4980 0.8452 0.1939
vn 0.2688 0.9286 -0.2558
vn 0.0281 0.9992 -0.0278
vn 0.2540 0.9235 -0.2875
vn -0.2658 0.9268 0.2652
vn -0.5571 0.6243 -0.5477
vn -0.5293 0.6665 0.5250
vn 0.5310 0.6614 0.5297
vn 0.5405 0.6218 -0.5668
vn -0.2703 0.9347 0.2310
vn -0.5424 0.6362 -0.5487
vn -0.5424 0.6362 0.5486
vn 0.5424 0.6362 0.5486
vn 0.5424 0.6362 -0.5487
vn 0.5209 0.6667 0.5330
vn 0.5541 0.6346 -0.5388
vn -0.5445 0.6208 -0.5641
vn -0.5424 0.6493 0.5332
vn -0.4818 0.8763 -0.0000
vn 0.4813 0.8766 -0.0000
vn 0.6693 0.7430 -0.0000
vn 0.5606 0.8235 0.0868
vn -0.6687 0.7435 0.0000
vn -0.5524 0.8291 -0.0863
vn -0.5311 0.6580 -0.5338
vn -0.5528 0.6353 0.5393
vn 0.5407 0.6332 0.5539
vn 0.5323 0.6475 -0.5453
vn -0.5424 0.6362 0.5487
vn 0.2689 0.9308 -0.2477
vn 0.2588 0.9287 -0.2657
vn -0.2688 0.9230 0.2752
vn -0.4808 0.8768 -0.0000
vn 0.8502 0.5265 0.0013
vn 0.4823 0.8760 -0.0000
vn 0.6682 0.7440 -0.0000
vn 0.4747 0.8317 -0.2880
vn -0.6699 0.7425 -0.0000
vn -0.4478 0.8454 0.2913
vn -0.0486 0.9928 -0.1093
vn 0.0608 0.9930 -0.1016
vn 0.0060 0.9998 -0.0215
vn -0.2681 0.9480 0.1712
vn -0.0229 0.9988 -0.0426
vn -0.0616 0.9973 -0.0411
vn -0.2400 0.9351 0.2608
vn -0.0062 0.9999 0.0125
vn 0.3111 0.8813 0.3558
vn 0.1239 0.9550 -0.2695
vn 0.5646 0.6679 -0.4849
vn 0.5231 0.6672 0.5302
vn -0.5534 0.5991 -0.5786
vn -0.1967 0.9704 0.1398
vn -0.5117 0.6594 0.5508
vn -0.2903 0.9408 -0.1751
vn -0.2509 0.9204 0.2997
vn -0.5573 0.6241 0.5477
vn -0.5571 0.6489 -0.5183
vn -0.0802 0.9927 0.0899
vn 0.5551 0.6230 0.5511
vn 0.2150 0.9592 -0.1835
vn 0.5165 0.7056 -0.4851
vn 0.4956 0.6653 -0.5584
vn 0.5361 0.6286 0.5634
vn -0.3538 0.8769 -0.3254
vn -0.5264 0.6651 -0.5297
vn -0.1903 0.9561 0.2228
vn -0.5875 0.6434 0.4908
vn 0.5259 0.6439 -0.5557
vn 0.5317 0.6431 0.5512
vn -0.2524 0.9394 -0.2321
vn -0.5415 0.6445 -0.5398
vn -0.2620 0.9341 0.2426
vn -0.5105 0.6548 0.5573
vn 0.2168 0.9571 -0.1924
vn -0.2858 0.9271 -0.2426
vn -0.5373 0.6293 -0.5615
vn 0.5431 0.6425 -0.5406
vn -0.5561 0.6282 0.5442
vn 0.2143 0.9487 0.2325
vn 0.4844 0.6790 0.5517
vn -0.0507 0.9973 0.0524
vn -0.5526 0.6354 -0.5394
vn 0.5076 0.6902 -0.5158
vn -0.5501 0.6176 0.5621
vn 0.1727 0.9377 0.3016
vn 0.5478 0.6299 0.5506
vn -0.2914 0.9539 -0.0724
vn -0.5754 0.5702 0.5863
vn -0.5094 0.6639 -0.5475
vn 0.0539 0.9443 0.3247
vn 0.5498 0.6761 0.4906
vn 0.3204 0.8789 -0.3534
vn 0.5117 0.6849 -0.5186
vn 0.2392 0.9108 -0.3364
vn -0.5602 0.6051 -0.5657
vn 0.5589 0.6071 -0.5649
vn -0.2970 0.9462 0.1286
vn -0.5334 0.7044 0.4683
vn 0.3094 0.9438 0.1162
vn 0.5362 0.6805 0.4994
vn -0.1993 0.9482 -0.2473
vn -0.5985 0.6226 -0.5042
vn 0.5294 0.6079 -0.5918
vn -0.4176 0.8680 0.2687
vn -0.5488 0.6641 0.5078
vn 0.1957 0.9784 0.0669
vn 0.4764 0.7034 0.5275
vn -0.2659 0.3316 -0.9052
vn -0.2660 -0.3316 0.9051
vn 0.4171 0.7550 0.5059
vn 0.5563 0.6082 0.5663
vn 0.4751 0.7933 0.3808
vn 0.4743 0.8652 0.1623
vn 0.3309 0.7977 0.5042
vn 0.3893 -0.9206 -0.0316
vn -0.3893 -0.9206 -0.0316
vn -0.3892 -0.9211 0.0080
vn 0.3891 -0.9211 0.0080
vn -0.3893 0.9206 -0.0316
vn 0.3893 0.9206 -0.0316
vn 0.3891 0.9211 0.0080
vn -0.3891 0.9211 0.0080
vn 0.2728 0.3330 0.9026
vn 0.2728 -0.3330 -0.9026
vn 0.4531 0.7456 -0.4887
vn 0.6217 0.4800 -0.6189
vn 0.2153 0.8587 -0.4651
vn -0.4925 0.7963 -0.3511
vn -0.5126 0.6960 -0.5029
vn -0.5212 0.8254 -0.2168
vn -0.4598 0.7781 0.4280
vn -0.6090 0.6007 0.5179
vn -0.2912 0.8456 0.4473
vn -0.0997 0.7823 -0.6149
vn -0.1715 0.8123 -0.5574
vn -0.2494 0.8388 -0.4839
vn 0.2227 0.8036 0.5520
vn 0.0697 0.8145 0.5759
vn 0.0176 0.8285 -0.5598
vn -0.1083 0.8409 0.5302
vn -0.3668 0.8026 -0.4704
vn -0.1161 0.9835 0.1388
vn 0.6379 0.7652 0.0871
vn 0.5784 0.8125 0.0720
vn 0.4736 0.8691 -0.1426
vn -0.5887 0.8007 0.1107
vn -0.6223 0.7827 0.0090
vn -0.5336 0.8154 0.2244
vn 0.5681 0.8213 0.0521
vn -0.5865 0.8043 -0.0957
vn 0.0214 0.9993 0.0314
vn 0.4920 0.7463 -0.4484
vn -0.5366 0.7659 0.3542
vn 0.0383 0.9916 -0.1236
vn -0.9547 -0.0835 -0.2858
vn -0.9547 -0.0835 0.2858
vn -0.9547 0.0835 0.2857
vn -0.9547 0.0835 -0.2858
vn -0.2614 -0.0751 0.9623
vn 0.2614 -0.0751 0.9623
vn 0.2614 0.0751 0.9623
vn -0.2614 0.0751 0.9623
vn 0.9547 -0.0835 0.2858
vn 0.9547 -0.0835 -0.2858
vn 0.9547 0.0835 -0.2858
vn 0.9547 0.0835 0.2858
vn 0.2614 -0.0751 -0.9623
vn -0.2614 -0.0751 -0.9623
vn -0.2614 0.0751 -0.9623
vn 0.2614 0.0751 -0.9623
vn -0.0724 0.9973 0.0135
vn -0.0724 0.9973 -0.0135
vn -0.3167 0.9459 -0.0705
vn -0.3167 0.9459 0.0705
vn -0.6521 0.7375 -0.1756
vn -0.6521 0.7375 0.1756
vn 0.0116 0.9963 0.0846
vn -0.0116 0.9963 0.0846
vn -0.0645 0.9324 0.3557
vn 0.0645 0.9324 0.3557
vn -0.1656 0.7050 0.6896
vn 0.1656 0.7050 0.6896
vn 0.0724 0.9973 -0.0135
vn 0.0724 0.9973 0.0135
vn 0.3167 0.9459 0.0705
vn 0.3167 0.9459 -0.0705
vn 0.6521 0.7375 0.1756
vn 0.6521 0.7375 -0.1756
vn -0.0116 0.9963 -0.0846
vn 0.0116 0.9963 -0.0846
vn 0.0645 0.9324 -0.3557
vn -0.0645 0.9324 -0.3557
vn 0.1656 0.7050 -0.6896
vn -0.1656 0.7050 -0.6896
vn -0.8880 0.3740 0.2676
vn -0.8880 0.3740 -0.2676
vn 0.2499 0.3465 0.9042
vn -0.2499 0.3465 0.9042
vn 0.8880 0.3740 -0.2676
vn 0.8880 0.3740 0.2676
vn -0.2499 0.3465 -0.9042
vn 0.2499 0.3465 -0.9042
vn 0.0116 -0.9963 -0.0846
vn -0.0116 -0.9963 -0.0846
vn -0.0645 -0.9324 -0.3557
vn 0.0645 -0.9324 -0.3557
vn -0.1656 -0.7050 -0.6896
vn 0.1656 -0.7050 -0.6897
vn 0.0724 -0.9973 0.0135
vn 0.0724 -0.9973 -0.0135
vn 0.3167 -0.9459 -0.0705
vn 0.3167 -0.9459 0.0705
vn 0.6521 -0.7375 -0.1756
vn 0.6521 -0.7375 0.1756
vn -0.0116 -0.9963 0.0846
vn 0.0116 -0.9963 0.0846
vn 0.0645 -0.9324 0.3557
vn -0.0645 -0.9324 0.3557
vn 0.1656 -0.7050 0.6896
vn -0.1656 -0.7050 0.6896
vn -0.0724 -0.9973 -0.0135
vn -0.0724 -0.9973 0.0135
vn -0.3167 -0.9459 0.0705
vn -0.3167 -0.9459 -0.0705
vn -0.6521 -0.7375 0.1756
vn -0.6521 -0.7375 -0.1756
vn -0.8880 -0.3740 -0.2676
vn -0.8880 -0.3740 0.2676
vn -0.2499 -0.3465 0.9042
vn 0.2499 -0.3465 0.9042
vn 0.8880 -0.3740 0.2676
vn 0.8880 -0.3740 -0.2676
vn 0.2499 -0.3465 -0.9042
vn -0.2499 -0.3465 -0.9042
vn 0.6858 -0.0896 0.7223
vn 0.6858 0.0896 0.7223
vn -0.6858 0.0896 0.7223
vn -0.6858 -0.0896 0.7223
vn -0.6858 -0.0896 -0.7223
vn -0.6858 0.0896 -0.7223
vn 0.6858 0.0896 -0.7223
vn 0.6858 -0.0896 -0.7223
vn -0.0433 0.9980 0.0469
vn -0.1996 0.9561 0.2147
vn 0.1996 0.9561 0.2147
vn 0.0433 0.9980 0.0469
vn -0.4427 0.7635 0.4702
vn 0.4427 0.7635 0.4702
vn 0.0433 0.9980 -0.0469
vn 0.1996 0.9561 -0.2147
vn -0.1996 0.9561 -0.2147
vn -0.0433 0.9980 -0.0469
vn 0.4427 0.7635 -0.4702
vn -0.4427 0.7635 -0.4702
vn 0.6332 0.3949 0.6657
vn -0.6332 0.3949 0.6657
vn -0.6332 0.3949 -0.6657
vn 0.6332 0.3949 -0.6657
vn -0.0433 -0.9980 -0.0469
vn -0.1996 -0.9561 -0.2147
vn 0.1996 -0.9561 -0.2147
vn 0.0433 -0.9980 -0.0469
vn -0.4427 -0.7635 -0.4702
vn 0.4427 -0.7635 -0.4702
vn 0.0433 -0.9980 0.0469
vn 0.1996 -0.9561 0.2147
vn -0.1996 -0.9561 0.2147
vn -0.0433 -0.9980 0.0469
vn 0.4427 -0.7635 0.4702
vn -0.4427 -0.7635 0.4702
vn -0.6332 -0.3949 0.6657
vn 0.6332 -0.3949 0.6657
vn 0.6332 -0.3949 -0.6657
vn -0.6332 -0.3949 -0.6657
vn 0.6976 -0.6700 0.2539
vn 0.5687 -0.6700 0.4772
vn 0.3712 -0.6701 0.6428
vn 0.1289 -0.6701 0.7310
vn -0.1289 -0.6700 0.7311
vn -0.3712 -0.6700 0.6429
vn -0.5687 -0.6700 0.4772
vn -0.6976 -0.6700 0.2539
vn -0.7423 -0.6700 -0.0000
vn -0.6976 -0.6700 -0.2539
vn -0.5687 -0.6700 -0.4772
vn -0.3712 -0.6700 -0.6429
vn -0.1289 -0.6700 -0.7311
vn 0.1289 -0.6700 -0.7311
vn 0.3712 -0.6700 -0.6429
vn 0.5686 -0.6701 -0.4772
vn 0.6975 -0.6701 -0.2539
vn 0.7423 -0.6700 -0.0000
vn 0.6975 0.6701 -0.2539
vn 0.7423 0.6700 -0.0000
vn 0.5686 0.6701 -0.4772
vn 0.3712 0.6700 -0.6429
vn 0.1289 0.6700 -0.7311
vn -0.1289 0.6700 -0.7311
vn -0.3712 0.6700 -0.6429
vn -0.5687 0.6700 -0.4772
vn -0.6976 0.6700 -0.2539
vn -0.7423 0.6700 -0.0000
vn -0.6976 0.6700 0.2539
vn -0.5687 0.6700 0.4772
vn -0.3712 0.6700 0.6429
vn -0.1289 0.6700 0.7311
vn 0.1289 0.6701 0.7310
vn 0.3712 0.6701 0.6428
vn 0.5687 0.6700 0.4772
vn 0.6976 0.6700 0.2539
vn -0.1289 -0.6701 0.7310
vn -0.3712 -0.6701 0.6428
vn -0.3712 -0.6701 -0.6428
vn -0.1289 -0.6701 -0.7310
vn 0.1289 -0.6701 -0.7310
vn 0.3712 -0.6701 -0.6428
vn 0.5687 -0.6700 -0.4772
vn 0.6976 -0.6700 -0.2539
vn 0.6976 0.6700 -0.2539
vn 0.5687 0.6700 -0.4772
vn 0.3712 0.6701 -0.6428
vn 0.1289 0.6701 -0.7310
vn -0.1289 0.6701 -0.7310
vn -0.3712 0.6701 -0.6428
vn -0.3712 0.6701 0.6428
vn -0.1289 0.6701 0.7310
vn 0.9848 0.0000 -0.1736
vn 0.8660 0.0000 -0.5000
vn 0.6805 0.6186 -0.3929
vn 0.7738 0.6185 -0.1364
vn 0.6428 0.0000 -0.7660
vn 0.5050 0.6186 -0.6019
vn 0.3420 0.0000 -0.9397
vn 0.2687 0.6186 -0.7383
vn -0.0000 0.0000 -1.0000
vn -0.0000 0.6186 -0.7857
vn -0.3420 0.0000 -0.9397
vn -0.2688 0.6186 -0.7384
vn -0.6428 0.0000 -0.7660
vn -0.5051 0.6185 -0.6019
vn -0.8660 0.0000 -0.5000
vn -0.6805 0.6186 -0.3929
vn -0.9848 0.0000 -0.1736
vn -0.7738 0.6186 -0.1364
vn -0.9848 0.0000 0.1736
vn -0.7738 0.6186 0.1364
vn -0.8660 0.0000 0.5000
vn -0.6805 0.6186 0.3929
vn -0.6428 0.0000 0.7660
vn -0.5051 0.6185 0.6019
vn -0.3420 0.0000 0.9397
vn -0.2687 0.6185 0.7384
vn -0.0000 0.0000 1.0000
vn -0.0000 0.6185 0.7858
vn 0.3420 0.0000 0.9397
vn 0.2687 0.6185 0.7384
vn 0.6428 0.0000 0.7660
vn 0.5051 0.6185 0.6019
vn 0.8660 0.0000 0.5000
vn 0.6805 0.6185 0.3929
vn 0.9848 0.0000 0.1736
vn 0.7738 0.6185 0.1364
vn 0.0720 0.9965 -0.0416
vn 0.0819 0.9965 -0.0144
vn 0.0535 0.9965 -0.0637
vn 0.0285 0.9965 -0.0782
vn 0.0000 0.9965 -0.0832
vn -0.0285 0.9965 -0.0782
vn -0.0535 0.9965 -0.0637
vn -0.0720 0.9965 -0.0416
vn -0.0819 0.9965 -0.0144
vn -0.0819 0.9965 0.0144
vn -0.0720 0.9965 0.0416
vn -0.0535 0.9965 0.0637
vn -0.0285 0.9965 0.0782
vn -0.0000 0.9965 0.0832
vn 0.0285 0.9965 0.0782
vn 0.0535 0.9965 0.0637
vn 0.0720 0.9965 0.0416
vn 0.0819 0.9965 0.0144
vn 0.7194 0.5567 -0.4154
vn 0.8181 0.5567 -0.1443
vn 0.5340 0.5567 -0.6364
vn 0.2841 0.5567 -0.7806
vn -0.0000 0.5567 -0.8307
vn -0.2841 0.5567 -0.7806
vn -0.5340 0.5567 -0.6363
vn -0.7194 0.5567 -0.4154
vn -0.8181 0.5567 -0.1443
vn -0.8181 0.5567 0.1443
vn -0.7194 0.5567 0.4153
vn -0.5340 0.5567 0.6363
vn -0.2841 0.5567 0.7806
vn -0.0000 0.5567 0.8307
vn 0.2841 0.5567 0.7806
vn 0.6428 0.0000 0.7661
vn 0.5340 0.5567 0.6364
vn 0.7194 0.5567 0.4153
vn 0.8181 0.5567 0.1442
vn 0.1526 0.9843 -0.0881
vn 0.1736 0.9843 -0.0306
vn 0.1133 0.9843 -0.1350
vn 0.0603 0.9843 -0.1656
vn -0.0000 0.9843 -0.1762
vn -0.0603 0.9843 -0.1656
vn -0.1133 0.9843 -0.1350
vn -0.1526 0.9843 -0.0881
vn -0.1736 0.9843 -0.0306
vn -0.1736 0.9843 0.0306
vn -0.1526 0.9843 0.0881
vn -0.1133 0.9843 0.1350
vn -0.0603 0.9843 0.1656
vn -0.0000 0.9843 0.1762
vn 0.0603 0.9843 0.1656
vn 0.1133 0.9843 0.1350
vn 0.1526 0.9843 0.0881
vn 0.1736 0.9843 0.0306
vn 0.9962 0.0000 0.0872
vn 0.9659 0.0000 -0.2588
vn 0.7854 0.5822 -0.2104
vn 0.8100 0.5822 0.0709
vn 0.8192 0.0000 -0.5736
vn 0.6660 0.5822 -0.4664
vn 0.5736 0.0000 -0.8192
vn 0.4664 0.5822 -0.6660
vn 0.2588 0.0000 -0.9659
vn 0.2104 0.5822 -0.7854
vn -0.0872 0.0000 -0.9962
vn -0.0709 0.5822 -0.8100
vn -0.4226 0.0000 -0.9063
vn -0.3436 0.5822 -0.7369
vn -0.7071 0.0000 -0.7071
vn -0.5749 0.5822 -0.5749
vn -0.9063 0.0000 -0.4226
vn -0.7369 0.5822 -0.3436
vn -0.9962 0.0000 -0.0871
vn -0.8099 0.5822 -0.0708
vn -0.9659 0.0000 0.2588
vn -0.7854 0.5822 0.2104
vn -0.8192 0.0000 0.5736
vn -0.6660 0.5822 0.4663
vn -0.5736 0.0000 0.8192
vn -0.4663 0.5822 0.6660
vn -0.2588 0.0000 0.9659
vn -0.2104 0.5822 0.7854
vn 0.0872 0.0000 0.9962
vn 0.0709 0.5822 0.8100
vn 0.4226 0.0000 0.9063
vn 0.3436 0.5822 0.7369
vn 0.7071 0.0000 0.7071
vn 0.5749 0.5822 0.5749
vn 0.9063 0.0000 0.4226
vn 0.7369 0.5822 0.3436
vn 0.1340 0.9903 -0.0359
vn 0.1382 0.9903 0.0121
vn 0.1137 0.9903 -0.0796
vn 0.0796 0.9903 -0.1137
vn 0.0359 0.9903 -0.1340
vn -0.0121 0.9903 -0.1382
vn -0.0586 0.9903 -0.1257
vn -0.0981 0.9903 -0.0981
vn -0.1257 0.9903 -0.0586
vn -0.1382 0.9903 -0.0121
vn -0.1340 0.9903 0.0359
vn -0.1137 0.9903 0.0796
vn -0.0796 0.9903 0.1137
vn -0.0359 0.9903 0.1340
vn 0.0121 0.9903 0.1382
vn 0.0586 0.9903 0.1257
vn 0.0981 0.9903 0.0981
vn 0.1257 0.9903 0.0586
vn 0.7789 0.5914 -0.2087
vn 0.8033 0.5914 0.0703
vn 0.6605 0.5914 -0.4625
vn 0.4625 0.5914 -0.6605
vn 0.2087 0.5914 -0.7789
vn -0.0871 0.0000 -0.9962
vn -0.0703 0.5914 -0.8033
vn -0.3408 0.5914 -0.7308
vn -0.5702 0.5914 -0.5702
vn -0.7308 0.5914 -0.3408
vn -0.8033 0.5914 -0.0703
vn -0.7789 0.5914 0.2087
vn -0.6605 0.5914 0.4625
vn -0.4625 0.5914 0.6605
vn -0.2087 0.5914 0.7789
vn 0.0871 0.0000 0.9962
vn 0.0703 0.5914 0.8033
vn 0.3408 0.5914 0.7308
vn 0.5702 0.5914 0.5702
vn 0.7308 0.5914 0.3408
vn 0.1207 0.9922 -0.0323
vn 0.1245 0.9922 0.0109
vn 0.1023 0.9922 -0.0717
vn 0.0717 0.9922 -0.1023
vn 0.0323 0.9922 -0.1207
vn -0.0109 0.9922 -0.1245
vn -0.0528 0.9922 -0.1132
vn -0.0883 0.9922 -0.0883
vn -0.1132 0.9922 -0.0528
vn -0.1245 0.9922 -0.0109
vn -0.1207 0.9922 0.0323
vn -0.1023 0.9922 0.0717
vn -0.0717 0.9922 0.1023
vn -0.0323 0.9922 0.1207
vn 0.0109 0.9922 0.1245
vn 0.0528 0.9922 0.1132
vn 0.0883 0.9922 0.0883
vn 0.1132 0.9922 0.0528
vn 0.7777 -0.6281 -0.0271
vn 0.5597 -0.6447 -0.5207
vn 0.5597 0.6447 -0.5207
vn 0.7776 0.6281 -0.0272
vn 0.1293 -0.6385 -0.7587
vn 0.1293 0.6385 -0.7587
vn -0.3575 -0.6443 -0.6761
vn -0.3575 0.6443 -0.6761
vn -0.7147 -0.6327 -0.2981
vn -0.7147 0.6327 -0.2981
vn -0.7327 -0.6463 0.2133
vn -0.7327 0.6463 0.2133
vn -0.4272 -0.6280 0.6505
vn -0.4272 0.6280 0.6505
vn 0.1626 -0.6314 0.7583
vn 0.1626 0.6314 0.7582
vn 0.5972 -0.6460 0.4755
vn 0.5971 0.6461 0.4755
vn 0.9994 0.0000 -0.0349
vn 0.7322 0.0000 -0.6811
vn 0.7356 -0.0252 -0.6770
vn 0.9997 -0.0006 -0.0244
vn 0.1680 0.0000 -0.9858
vn 0.1692 -0.0343 -0.9850
vn -0.4674 0.0000 -0.8840
vn -0.4701 -0.0315 -0.8820
vn -0.9230 0.0000 -0.3848
vn -0.9262 -0.0146 -0.3769
vn -0.9601 0.0000 0.2795
vn -0.9579 0.0128 0.2870
vn -0.5489 0.0000 0.8359
vn -0.5432 0.0395 0.8387
vn 0.2097 0.0000 0.9778
vn 0.2072 0.0465 0.9772
vn 0.7823 0.0000 0.6229
vn 0.7779 0.0287 0.6278
vn -0.9279 -0.0650 -0.3670
vn -0.9528 0.0563 0.2982
vn -0.9513 0.1093 0.2882
vn -0.9239 -0.1345 -0.3582
vn 0.7479 0.4400 0.4970
vn 0.7440 0.5589 0.3661
vn 0.1843 0.8218 0.5392
vn 0.1893 0.6525 0.7338
vn -0.4547 -0.3171 -0.8323
vn -0.4487 -0.4613 -0.7655
vn 0.1609 -0.5085 -0.8459
vn 0.1629 -0.3516 -0.9218
vn -0.9486 0.1592 0.2735
vn -0.9225 -0.2005 -0.3298
vn 0.4561 0.7822 -0.4243
vn 0.5893 0.8077 -0.0205
vn 0.1027 0.7915 -0.6025
vn -0.2908 0.7829 -0.5500
vn -0.5532 0.8004 -0.2307
vn -0.6008 0.7801 0.1749
vn -0.3235 0.8078 0.4927
vn 0.1252 0.8024 0.5835
vn 0.4892 0.7804 0.3895
vn 0.7323 -0.1193 -0.6705
vn 0.7227 -0.2450 -0.6462
vn 0.9999 -0.0025 -0.0141
vn 0.9999 0.0000 -0.0108
vn 0.1672 -0.1712 -0.9710
vn -0.4650 -0.1542 -0.8718
vn -0.5298 0.1570 0.8335
vn -0.5233 0.2986 0.7981
vn 0.2008 0.1813 0.9627
vn 0.1973 0.3423 0.9186
vn 0.7653 0.1188 0.6326
vn 0.7590 0.2292 0.6094
vn 0.7640 -0.5809 0.2808
vn 0.2848 0.3114 0.9066
vn 0.7085 0.3611 0.6064
vn 0.9997 0.0023 -0.0259
vn 0.1777 -0.8714 0.4572
vn 0.0378 0.3566 0.9335
vn -0.4754 -0.7861 0.3951
vn -0.1465 0.3232 0.9349
vn -0.9393 -0.3205 0.1226
vn -0.5038 0.2987 0.8105
vn -0.9402 0.2895 -0.1795
vn -0.7948 0.4921 0.3552
vn -0.5247 0.7688 -0.3657
vn -0.5038 0.8636 -0.0212
vn 0.2027 0.8887 -0.4113
vn 0.1947 0.9724 -0.1286
vn 0.7839 0.5524 -0.2835
vn 0.6955 0.7117 0.0986
vn 0.7177 -0.5965 -0.3593
vn 1.0000 0.0006 0.0054
vn 0.9999 -0.0102 -0.0049
vn 0.7130 -0.4760 -0.5148
vn 0.1592 -0.8441 -0.5120
vn 0.1585 -0.6670 -0.7280
vn -0.4398 -0.6087 -0.6603
vn -0.4355 -0.7711 -0.4645
vn -0.9200 -0.2707 -0.2834
vn -0.9221 -0.3351 -0.1935
vn -0.9449 0.2118 0.2498
vn -0.9371 0.2877 0.1977
vn -0.5051 0.5743 0.6443
vn -0.4901 0.7301 0.4762
vn 0.9999 -0.0059 -0.0099
vn 0.7182 -0.3591 -0.5960
vn -0.5151 0.4357 0.7381
vn 0.1935 0.4977 0.8455
vn 0.7529 0.3345 0.5668
vn 0.7223 -0.6661 -0.1862
vn 0.7782 -0.6274 0.0294
vn 0.9960 0.0078 -0.0887
vn 0.9965 0.0278 -0.0784
vn 0.1584 -0.9683 -0.1932
vn 0.1854 -0.9734 0.1342
vn -0.4872 -0.8678 0.0977
vn -0.4296 -0.8822 -0.1930
vn -0.9395 -0.3405 -0.0373
vn -0.9218 -0.3576 -0.1500
vn -0.9415 0.3195 -0.1078
vn -0.9304 0.3657 0.0244
vn -0.5352 0.8396 -0.0924
vn -0.4839 0.8532 0.1947
vn 0.2080 0.9750 -0.0779
vn 0.1826 0.9537 0.2389
vn 0.7454 0.6558 0.1198
vn 0.7974 0.5942 -0.1051
vn 0.5279 -0.8242 0.2049
vn 0.7375 -0.6302 -0.2428
vn 0.8692 0.3464 0.3528
vn 0.4648 0.2365 0.8533
vn 0.0831 0.2422 0.9667
vn 0.1257 -0.8817 0.4547
vn -0.3531 -0.8657 0.3550
vn -0.2645 0.2397 0.9341
vn -0.6717 -0.7407 -0.0108
vn -0.7282 0.2281 0.6463
vn -0.6928 -0.5814 -0.4267
vn -0.8599 0.4904 0.1414
vn -0.4400 -0.3312 -0.8347
vn -0.4957 0.8169 -0.2948
vn 0.1652 -0.2874 -0.9435
vn 0.1875 0.9040 -0.3842
vn 0.7114 0.6885 -0.1409
vn 0.5772 -0.4376 -0.6894
vn 0.0102 -0.9439 -0.3299
vn -0.0716 -0.9379 -0.3394
vn -0.0687 -0.9537 -0.2927
vn -0.0165 -0.9605 -0.2778
vn 0.0500 -0.9576 -0.2838
vn 0.0902 -0.9433 -0.3194
vn 0.0394 -0.9360 -0.3497
vn -0.0218 -0.9519 -0.3056
vn 0.0107 -0.9583 -0.2855
# 1048 vertex normals

vt 0.4246 0.5059 0.0000
vt 0.4135 0.5059 0.0000
vt 0.4135 0.4904 0.0000
vt 0.4245 0.4904 0.0000
vt 0.4024 0.5059 0.0000
vt 0.4023 0.4904 0.0000
vt 0.4023 0.4763 0.0000
vt 0.4135 0.4762 0.0000
vt 0.4245 0.4762 0.0000
vt 0.2234 0.5058 0.0000
vt 0.2234 0.4903 0.0000
vt 0.2246 0.4907 0.0000
vt 0.2247 0.5062 0.0000
vt 0.2233 0.4761 0.0000
vt 0.2246 0.4765 0.0000
vt 0.9272 0.7705 0.0000
vt 0.9414 0.7705 0.0000
vt 0.9409 0.7723 0.0000
vt 0.9267 0.7723 0.0000
vt 0.9570 0.7704 0.0000
vt 0.9564 0.7722 0.0000
vt 0.9419 0.7677 0.0000
vt 0.9575 0.7676 0.0000
vt 0.9276 0.7677 0.0000
vt 0.9271 0.6182 0.0000
vt 0.9413 0.6181 0.0000
vt 0.9570 0.6181 0.0000
vt 0.0276 0.5484 0.0000
vt 0.0386 0.5484 0.0000
vt 0.0383 0.5498 0.0000
vt 0.0272 0.5498 0.0000
vt 0.0498 0.5483 0.0000
vt 0.0495 0.5497 0.0000
vt 0.6282 0.5453 0.0000
vt 0.6395 0.5452 0.0000
vt 0.6391 0.5470 0.0000
vt 0.6278 0.5471 0.0000
vt 0.6506 0.5452 0.0000
vt 0.6501 0.5470 0.0000
vt 0.6398 0.5424 0.0000
vt 0.6510 0.5423 0.0000
vt 0.6285 0.5424 0.0000
vt 0.6279 0.3929 0.0000
vt 0.6392 0.3929 0.0000
vt 0.6504 0.3928 0.0000
vt 0.0023 0.3929 0.0000
vt 0.0023 0.4062 0.0000
vt 0.0011 0.4065 0.0000
vt 0.0010 0.3930 0.0000
vt 0.0024 0.4204 0.0000
vt 0.0011 0.4207 0.0000
vt 0.5803 0.3847 0.0000
vt 0.5945 0.3847 0.0000
vt 0.5948 0.3865 0.0000
vt 0.5806 0.3865 0.0000
vt 0.6081 0.3847 0.0000
vt 0.6083 0.3865 0.0000
vt 0.5942 0.3819 0.0000
vt 0.6079 0.3819 0.0000
vt 0.5800 0.3819 0.0000
vt 0.5800 0.2324 0.0000
vt 0.5943 0.2324 0.0000
vt 0.6080 0.2324 0.0000
vt 0.1156 0.0016 0.0000
vt 0.1033 0.0017 0.0000
vt 0.1033 0.0003 0.0000
vt 0.1156 0.0002 0.0000
vt 0.0922 0.0017 0.0000
vt 0.0921 0.0003 0.0000
vt 0.7705 0.5457 0.0000
vt 0.7818 0.5456 0.0000
vt 0.7818 0.5474 0.0000
vt 0.7706 0.5475 0.0000
vt 0.7942 0.5456 0.0000
vt 0.7941 0.5474 0.0000
vt 0.7817 0.5428 0.0000
vt 0.7943 0.5428 0.0000
vt 0.7704 0.5428 0.0000
vt 0.7698 0.3933 0.0000
vt 0.7812 0.3933 0.0000
vt 0.7937 0.3932 0.0000
vt 0.4233 0.0014 0.0000
vt 0.4123 0.0015 0.0000
vt 0.4126 0.0001 0.0000
vt 0.4237 0.0000 0.0000
vt 0.4011 0.0015 0.0000
vt 0.4014 0.0001 0.0000
vt 0.7247 0.3907 0.0000
vt 0.7134 0.3907 0.0000
vt 0.7138 0.3889 0.0000
vt 0.7251 0.3889 0.0000
vt 0.7023 0.3907 0.0000
vt 0.7027 0.3889 0.0000
vt 0.7131 0.3935 0.0000
vt 0.7019 0.3936 0.0000
vt 0.7244 0.3935 0.0000
vt 0.7250 0.5430 0.0000
vt 0.7136 0.5431 0.0000
vt 0.7024 0.5431 0.0000
vt 0.4493 0.5060 0.0000
vt 0.4492 0.4905 0.0000
vt 0.4505 0.4909 0.0000
vt 0.4506 0.5064 0.0000
vt 0.4492 0.4763 0.0000
vt 0.4505 0.4767 0.0000
vt 0.5234 0.2296 0.0000
vt 0.5092 0.2295 0.0000
vt 0.5097 0.2278 0.0000
vt 0.5239 0.2278 0.0000
vt 0.4936 0.2295 0.0000
vt 0.4942 0.2278 0.0000
vt 0.5087 0.2324 0.0000
vt 0.4931 0.2324 0.0000
vt 0.5230 0.2324 0.0000
vt 0.5229 0.3819 0.0000
vt 0.5087 0.3819 0.0000
vt 0.4930 0.3819 0.0000
vt 0.3345 0.5481 0.0000
vt 0.3467 0.5481 0.0000
vt 0.3467 0.5495 0.0000
vt 0.3344 0.5495 0.0000
vt 0.3579 0.5480 0.0000
vt 0.3579 0.5494 0.0000
vt 0.5824 0.3903 0.0000
vt 0.5711 0.3903 0.0000
vt 0.5710 0.3885 0.0000
vt 0.5823 0.3885 0.0000
vt 0.5586 0.3904 0.0000
vt 0.5587 0.3886 0.0000
vt 0.5711 0.3931 0.0000
vt 0.5586 0.3932 0.0000
vt 0.5825 0.3931 0.0000
vt 0.5831 0.5426 0.0000
vt 0.5717 0.5427 0.0000
vt 0.5592 0.5427 0.0000
vt 0.2283 0.3927 0.0000
vt 0.2284 0.4061 0.0000
vt 0.2271 0.4063 0.0000
vt 0.2270 0.3929 0.0000
vt 0.2284 0.4202 0.0000
vt 0.2271 0.4205 0.0000
vt 0.8697 0.6156 0.0000
vt 0.8555 0.6156 0.0000
vt 0.8551 0.6138 0.0000
vt 0.8693 0.6138 0.0000
vt 0.8419 0.6157 0.0000
vt 0.8417 0.6139 0.0000
vt 0.8558 0.6184 0.0000
vt 0.8420 0.6185 0.0000
vt 0.8700 0.6184 0.0000
vt 0.8706 0.7679 0.0000
vt 0.8563 0.7680 0.0000
vt 0.8426 0.7680 0.0000
vt 0.4490 0.3921 0.0000
vt 0.4490 0.4055 0.0000
vt 0.4474 0.4054 0.0000
vt 0.4474 0.3921 0.0000
vt 0.4490 0.4196 0.0000
vt 0.4475 0.4195 0.0000
vt 0.4435 0.4195 0.0000
vt 0.4434 0.4054 0.0000
vt 0.4434 0.3921 0.0000
vt 0.2286 0.5066 0.0000
vt 0.2286 0.4911 0.0000
vt 0.2302 0.4909 0.0000
vt 0.2302 0.5064 0.0000
vt 0.2285 0.4769 0.0000
vt 0.2301 0.4768 0.0000
vt 0.2444 0.4767 0.0000
vt 0.2444 0.4909 0.0000
vt 0.2445 0.5064 0.0000
vt 0.0028 0.5067 0.0000
vt 0.0027 0.4912 0.0000
vt 0.0043 0.4910 0.0000
vt 0.0043 0.5066 0.0000
vt 0.0026 0.4770 0.0000
vt 0.0042 0.4769 0.0000
vt 0.0082 0.4769 0.0000
vt 0.0083 0.4910 0.0000
vt 0.0084 0.5065 0.0000
vt 0.2229 0.3919 0.0000
vt 0.2230 0.4053 0.0000
vt 0.2214 0.4052 0.0000
vt 0.2214 0.3919 0.0000
vt 0.2231 0.4194 0.0000
vt 0.2215 0.4193 0.0000
vt 0.2072 0.4194 0.0000
vt 0.2071 0.4052 0.0000
vt 0.2071 0.3920 0.0000
vt 0.4248 0.5478 0.0000
vt 0.4138 0.5479 0.0000
vt 0.4136 0.5460 0.0000
vt 0.4247 0.5459 0.0000
vt 0.4026 0.5479 0.0000
vt 0.4025 0.5460 0.0000
vt 0.3329 0.0017 0.0000
vt 0.3452 0.0017 0.0000
vt 0.3452 0.0036 0.0000
vt 0.3330 0.0036 0.0000
vt 0.3564 0.0016 0.0000
vt 0.3563 0.0035 0.0000
vt 0.3574 0.3923 0.0000
vt 0.3462 0.3924 0.0000
vt 0.3340 0.3924 0.0000
vt 0.0252 0.0020 0.0000
vt 0.0363 0.0020 0.0000
vt 0.0364 0.0039 0.0000
vt 0.0254 0.0039 0.0000
vt 0.0474 0.0019 0.0000
vt 0.0475 0.0038 0.0000
vt 0.1179 0.5480 0.0000
vt 0.1057 0.5481 0.0000
vt 0.1057 0.5462 0.0000
vt 0.1179 0.5461 0.0000
vt 0.0945 0.5481 0.0000
vt 0.0945 0.5462 0.0000
vt 0.0943 0.5048 0.0000
vt 0.1055 0.5048 0.0000
vt 0.1167 0.5047 0.0000
vt 0.4437 0.5458 0.0000
vt 0.4437 0.5058 0.0000
vt 0.4477 0.5058 0.0000
vt 0.4475 0.5454 0.0000
vt 0.2432 0.0040 0.0000
vt 0.2442 0.3926 0.0000
vt 0.2299 0.3927 0.0000
vt 0.2291 0.0043 0.0000
vt 0.0063 0.0041 0.0000
vt 0.0079 0.3928 0.0000
vt 0.0039 0.3928 0.0000
vt 0.0025 0.0045 0.0000
vt 0.2077 0.5456 0.0000
vt 0.2076 0.5057 0.0000
vt 0.2219 0.5056 0.0000
vt 0.2217 0.5452 0.0000
vt 0.9985 0.2325 0.0000
vt 0.9984 0.3821 0.0000
vt 0.4536 0.3819 0.0000
vt 0.4536 0.2324 0.0000
vt 0.9964 0.6179 0.0000
vt 0.9970 0.7675 0.0000
vt 0.4521 0.7694 0.0000
vt 0.4516 0.6199 0.0000
vt 0.4422 0.0034 0.0000
vt 0.4460 0.0037 0.0000
vt 0.2447 0.5463 0.0000
vt 0.2306 0.5460 0.0000
vt 0.0086 0.5465 0.0000
vt 0.0049 0.5462 0.0000
vt 0.2053 0.0033 0.0000
vt 0.2194 0.0035 0.0000
vt 0.3344 0.5061 0.0000
vt 0.2837 0.5063 0.0000
vt 0.2837 0.4908 0.0000
vt 0.3343 0.4906 0.0000
vt 0.2836 0.4766 0.0000
vt 0.3343 0.4765 0.0000
vt 0.4242 0.3922 0.0000
vt 0.4350 0.3924 0.0000
vt 0.4350 0.4054 0.0000
vt 0.4243 0.4054 0.0000
vt 0.4351 0.4196 0.0000
vt 0.4243 0.4196 0.0000
vt 0.1162 0.3915 0.0000
vt 0.1679 0.3921 0.0000
vt 0.1679 0.4054 0.0000
vt 0.1162 0.4056 0.0000
vt 0.1680 0.4196 0.0000
vt 0.1163 0.4198 0.0000
vt 0.0274 0.5051 0.0000
vt 0.0168 0.5065 0.0000
vt 0.0167 0.4910 0.0000
vt 0.0273 0.4909 0.0000
vt 0.0166 0.4768 0.0000
vt 0.0272 0.4768 0.0000
vt 0.1686 0.5478 0.0000
vt 0.1689 0.5492 0.0000
vt 0.1180 0.5494 0.0000
vt 0.4686 0.5459 0.0000
vt 0.5081 0.5457 0.0000
vt 0.5084 0.5475 0.0000
vt 0.4691 0.5477 0.0000
vt 0.5593 0.5455 0.0000
vt 0.5593 0.5473 0.0000
vt 0.6615 0.5451 0.0000
vt 0.6610 0.5469 0.0000
vt 0.6699 0.5451 0.0000
vt 0.6694 0.5469 0.0000
vt 0.0168 0.5485 0.0000
vt 0.0164 0.5499 0.0000
vt 0.5078 0.5429 0.0000
vt 0.4681 0.5431 0.0000
vt 0.6619 0.5423 0.0000
vt 0.6703 0.5423 0.0000
vt 0.0145 0.0021 0.0000
vt 0.0140 0.0007 0.0000
vt 0.0248 0.0006 0.0000
vt 0.6836 0.5460 0.0000
vt 0.6920 0.5460 0.0000
vt 0.6925 0.5478 0.0000
vt 0.6841 0.5478 0.0000
vt 0.7028 0.5459 0.0000
vt 0.7033 0.5477 0.0000
vt 0.8454 0.5454 0.0000
vt 0.8451 0.5472 0.0000
vt 0.8849 0.5452 0.0000
vt 0.8844 0.5471 0.0000
vt 0.1663 0.0014 0.0000
vt 0.1665 0.0000 0.0000
vt 0.6915 0.5431 0.0000
vt 0.6831 0.5432 0.0000
vt 0.8456 0.5426 0.0000
vt 0.8853 0.5424 0.0000
vt 0.2822 0.0018 0.0000
vt 0.2820 0.0004 0.0000
vt 0.3329 0.0003 0.0000
vt 0.8843 0.3901 0.0000
vt 0.8448 0.3902 0.0000
vt 0.8445 0.3884 0.0000
vt 0.8838 0.3883 0.0000
vt 0.7936 0.3904 0.0000
vt 0.7935 0.3886 0.0000
vt 0.6914 0.3908 0.0000
vt 0.6919 0.3890 0.0000
vt 0.6830 0.3908 0.0000
vt 0.6835 0.3890 0.0000
vt 0.4341 0.0014 0.0000
vt 0.4345 0.0000 0.0000
vt 0.8451 0.3930 0.0000
vt 0.8848 0.3929 0.0000
vt 0.6909 0.3936 0.0000
vt 0.6826 0.3937 0.0000
vt 0.4356 0.5478 0.0000
vt 0.4360 0.5492 0.0000
vt 0.4252 0.5492 0.0000
vt 0.6693 0.3899 0.0000
vt 0.6609 0.3900 0.0000
vt 0.6603 0.3881 0.0000
vt 0.6687 0.3881 0.0000
vt 0.6500 0.3900 0.0000
vt 0.6495 0.3882 0.0000
vt 0.5075 0.3906 0.0000
vt 0.5078 0.3888 0.0000
vt 0.4680 0.3907 0.0000
vt 0.4685 0.3889 0.0000
vt 0.2837 0.5482 0.0000
vt 0.2835 0.5496 0.0000
vt 0.6613 0.3928 0.0000
vt 0.6697 0.3928 0.0000
vt 0.5072 0.3934 0.0000
vt 0.4675 0.3936 0.0000
vt 0.2838 0.5463 0.0000
vt 0.3345 0.5462 0.0000
vt 0.4354 0.5459 0.0000
vt 0.4339 0.0035 0.0000
vt 0.4232 0.0033 0.0000
vt 0.2823 0.0037 0.0000
vt 0.1662 0.0033 0.0000
vt 0.1155 0.0035 0.0000
vt 0.0146 0.0040 0.0000
vt 0.0169 0.5465 0.0000
vt 0.0277 0.5465 0.0000
vt 0.1685 0.5459 0.0000
vt 0.4353 0.5059 0.0000
vt 0.2834 0.3925 0.0000
vt 0.1684 0.5058 0.0000
vt 0.8746 0.0006 0.0000
vt 0.8859 0.0002 0.0000
vt 0.8864 0.0039 0.0000
vt 0.8783 0.0041 0.0000
vt 0.8971 0.0001 0.0000
vt 0.8946 0.0038 0.0000
vt 0.9641 0.0003 0.0000
vt 0.9643 0.0145 0.0000
vt 0.9436 0.0169 0.0000
vt 0.9435 0.0036 0.0000
vt 0.9643 0.0287 0.0000
vt 0.9436 0.0303 0.0000
vt 0.9646 0.1139 0.0000
vt 0.9535 0.1141 0.0000
vt 0.9359 0.1107 0.0000
vt 0.9440 0.1106 0.0000
vt 0.9423 0.1142 0.0000
vt 0.9277 0.1108 0.0000
vt 0.8750 0.1142 0.0000
vt 0.8748 0.1000 0.0000
vt 0.8787 0.0975 0.0000
vt 0.8788 0.1108 0.0000
vt 0.8747 0.0858 0.0000
vt 0.8786 0.0842 0.0000
vt 0.8922 0.1385 0.0000
vt 0.8946 0.1158 0.0000
vt 0.9074 0.1158 0.0000
vt 0.9056 0.1385 0.0000
vt 0.8743 0.1623 0.0000
vt 0.8766 0.1397 0.0000
vt 0.8894 0.1397 0.0000
vt 0.8877 0.1623 0.0000
vt 0.9202 0.1158 0.0000
vt 0.9190 0.1385 0.0000
vt 0.9022 0.1397 0.0000
vt 0.9010 0.1623 0.0000
vt 0.4676 0.5693 0.0000
vt 0.4787 0.5693 0.0000
vt 0.4787 0.5711 0.0000
vt 0.4676 0.5711 0.0000
vt 0.4899 0.5693 0.0000
vt 0.4899 0.5711 0.0000
vt 0.8743 0.2236 0.0000
vt 0.8884 0.2236 0.0000
vt 0.8884 0.2254 0.0000
vt 0.8743 0.2254 0.0000
vt 0.9026 0.2236 0.0000
vt 0.9026 0.2254 0.0000
vt 0.4676 0.5723 0.0000
vt 0.4787 0.5723 0.0000
vt 0.4787 0.5741 0.0000
vt 0.4676 0.5741 0.0000
vt 0.4899 0.5723 0.0000
vt 0.4899 0.5741 0.0000
vt 0.5642 0.5485 0.0000
vt 0.5783 0.5485 0.0000
vt 0.5783 0.5504 0.0000
vt 0.5642 0.5504 0.0000
vt 0.5925 0.5485 0.0000
vt 0.5925 0.5504 0.0000
vt 0.8802 0.0053 0.0000
vt 0.8880 0.0053 0.0000
vt 0.8918 0.0260 0.0000
vt 0.8908 0.0269 0.0000
vt 0.8957 0.0053 0.0000
vt 0.8931 0.0253 0.0000
vt 0.9419 0.0053 0.0000
vt 0.9419 0.0181 0.0000
vt 0.9026 0.0279 0.0000
vt 0.9015 0.0268 0.0000
vt 0.9419 0.0309 0.0000
vt 0.9033 0.0292 0.0000
vt 0.9419 0.1076 0.0000
vt 0.9342 0.1076 0.0000
vt 0.9003 0.0388 0.0000
vt 0.9015 0.0379 0.0000
vt 0.9265 0.1076 0.0000
vt 0.8990 0.0395 0.0000
vt 0.8802 0.1076 0.0000
vt 0.8802 0.0948 0.0000
vt 0.8898 0.0367 0.0000
vt 0.8908 0.0378 0.0000
vt 0.8802 0.0820 0.0000
vt 0.8890 0.0354 0.0000
vt 0.2226 0.5463 0.0000
vt 0.2233 0.5470 0.0000
vt 0.2221 0.5481 0.0000
vt 0.2216 0.5468 0.0000
vt 0.4537 0.5481 0.0000
vt 0.4531 0.5462 0.0000
vt 0.4546 0.5459 0.0000
vt 0.4551 0.5477 0.0000
vt 0.6750 0.5453 0.0000
vt 0.6745 0.5472 0.0000
vt 0.6731 0.5469 0.0000
vt 0.6736 0.5451 0.0000
vt 0.0032 0.5479 0.0000
vt 0.0039 0.5472 0.0000
vt 0.0049 0.5477 0.0000
vt 0.0044 0.5490 0.0000
vt 0.0016 0.0034 0.0000
vt 0.0009 0.0027 0.0000
vt 0.0020 0.0016 0.0000
vt 0.0026 0.0029 0.0000
vt 0.6789 0.5482 0.0000
vt 0.6785 0.5462 0.0000
vt 0.6799 0.5460 0.0000
vt 0.6804 0.5478 0.0000
vt 0.9003 0.5454 0.0000
vt 0.8998 0.5473 0.0000
vt 0.8984 0.5470 0.0000
vt 0.8989 0.5452 0.0000
vt 0.2210 0.0017 0.0000
vt 0.2203 0.0025 0.0000
vt 0.2193 0.0020 0.0000
vt 0.2198 0.0007 0.0000
vt 0.2282 0.0033 0.0000
vt 0.2275 0.0026 0.0000
vt 0.2287 0.0014 0.0000
vt 0.2292 0.0027 0.0000
vt 0.8992 0.3878 0.0000
vt 0.8997 0.3897 0.0000
vt 0.8983 0.3900 0.0000
vt 0.8978 0.3882 0.0000
vt 0.6779 0.3906 0.0000
vt 0.6784 0.3887 0.0000
vt 0.6798 0.3890 0.0000
vt 0.6793 0.3909 0.0000
vt 0.4476 0.0020 0.0000
vt 0.4470 0.0027 0.0000
vt 0.4460 0.0022 0.0000
vt 0.4465 0.0009 0.0000
vt 0.9002 0.3928 0.0000
vt 0.9008 0.5424 0.0000
vt 0.8993 0.5423 0.0000
vt 0.8988 0.3928 0.0000
vt 0.6795 0.5432 0.0000
vt 0.6789 0.3937 0.0000
vt 0.6775 0.3937 0.0000
vt 0.6780 0.5432 0.0000
vt 0.4484 0.5465 0.0000
vt 0.4491 0.5471 0.0000
vt 0.4480 0.5482 0.0000
vt 0.4474 0.5470 0.0000
vt 0.6739 0.3878 0.0000
vt 0.6744 0.3897 0.0000
vt 0.6729 0.3899 0.0000
vt 0.6725 0.3881 0.0000
vt 0.4525 0.3905 0.0000
vt 0.4531 0.3886 0.0000
vt 0.4545 0.3890 0.0000
vt 0.4540 0.3908 0.0000
vt 0.2290 0.5478 0.0000
vt 0.2297 0.5471 0.0000
vt 0.2307 0.5476 0.0000
vt 0.2303 0.5489 0.0000
vt 0.6748 0.3927 0.0000
vt 0.6754 0.5422 0.0000
vt 0.6739 0.5422 0.0000
vt 0.6734 0.3927 0.0000
vt 0.4541 0.5431 0.0000
vt 0.4535 0.3936 0.0000
vt 0.4521 0.3936 0.0000
vt 0.4526 0.5431 0.0000
vt 0.2219 0.0032 0.0000
vt 0.2207 0.0037 0.0000
vt 0.4518 0.7743 0.0000
vt 0.4512 0.7724 0.0000
vt 0.4527 0.7722 0.0000
vt 0.4534 0.7740 0.0000
vt 0.2230 0.5451 0.0000
vt 0.2242 0.5455 0.0000
vt 0.0023 0.5465 0.0000
vt 0.0035 0.5460 0.0000
vt 0.4533 0.3867 0.0000
vt 0.4526 0.3849 0.0000
vt 0.4541 0.3847 0.0000
vt 0.4548 0.3865 0.0000
vt 0.0012 0.0046 0.0000
vt 0.0000 0.0042 0.0000
vt 0.4485 0.0034 0.0000
vt 0.4473 0.0039 0.0000
vt 0.9987 0.2277 0.0000
vt 0.9994 0.2295 0.0000
vt 0.9979 0.2297 0.0000
vt 0.9972 0.2279 0.0000
vt 0.4488 0.5453 0.0000
vt 0.4500 0.5457 0.0000
vt 1.0000 0.2325 0.0000
vt 0.9999 0.3821 0.0000
vt 0.4521 0.2324 0.0000
vt 0.4521 0.3819 0.0000
vt 0.2281 0.5464 0.0000
vt 0.2293 0.5459 0.0000
vt 0.9967 0.6131 0.0000
vt 0.9974 0.6149 0.0000
vt 0.9959 0.6151 0.0000
vt 0.9952 0.6134 0.0000
vt 0.2278 0.0045 0.0000
vt 0.2266 0.0040 0.0000
vt 0.9979 0.6179 0.0000
vt 0.9985 0.7675 0.0000
vt 0.4500 0.6199 0.0000
vt 0.4506 0.7694 0.0000
vt 0.3342 0.4482 0.0000
vt 0.3342 0.4340 0.0000
vt 0.3464 0.4340 0.0000
vt 0.3464 0.4481 0.0000
vt 0.3341 0.4198 0.0000
vt 0.3463 0.4198 0.0000
vt 0.3575 0.4198 0.0000
vt 0.3575 0.4339 0.0000
vt 0.3576 0.4481 0.0000
vt 0.9785 0.0100 0.0000
vt 0.9783 0.0087 0.0000
vt 0.9801 0.0096 0.0000
vt 0.9793 0.0115 0.0000
vt 0.2232 0.4478 0.0000
vt 0.2231 0.4336 0.0000
vt 0.2244 0.4339 0.0000
vt 0.2245 0.4481 0.0000
vt 0.2243 0.4197 0.0000
vt 0.8703 0.7707 0.0000
vt 0.8845 0.7707 0.0000
vt 0.8841 0.7725 0.0000
vt 0.8699 0.7725 0.0000
vt 0.8987 0.7706 0.0000
vt 0.8983 0.7724 0.0000
vt 0.8848 0.7679 0.0000
vt 0.8991 0.7678 0.0000
vt 0.8843 0.6183 0.0000
vt 0.8985 0.6183 0.0000
vt 0.0025 0.4487 0.0000
vt 0.0026 0.4629 0.0000
vt 0.0013 0.4633 0.0000
vt 0.0013 0.4491 0.0000
vt 0.0014 0.4775 0.0000
vt 0.5234 0.3847 0.0000
vt 0.5376 0.3847 0.0000
vt 0.5381 0.3865 0.0000
vt 0.5239 0.3865 0.0000
vt 0.5518 0.3847 0.0000
vt 0.5523 0.3865 0.0000
vt 0.5372 0.3819 0.0000
vt 0.5514 0.3819 0.0000
vt 0.5372 0.2324 0.0000
vt 0.5515 0.2324 0.0000
vt 0.4491 0.4480 0.0000
vt 0.4491 0.4338 0.0000
vt 0.4504 0.4341 0.0000
vt 0.4504 0.4483 0.0000
vt 0.4503 0.4199 0.0000
vt 0.5803 0.2296 0.0000
vt 0.5661 0.2296 0.0000
vt 0.5665 0.2278 0.0000
vt 0.5807 0.2278 0.0000
vt 0.5519 0.2296 0.0000
vt 0.5523 0.2278 0.0000
vt 0.5658 0.2324 0.0000
vt 0.5657 0.3819 0.0000
vt 0.2285 0.4486 0.0000
vt 0.2285 0.4627 0.0000
vt 0.2272 0.4631 0.0000
vt 0.2272 0.4489 0.0000
vt 0.2273 0.4773 0.0000
vt 0.9266 0.6154 0.0000
vt 0.9124 0.6154 0.0000
vt 0.9119 0.6136 0.0000
vt 0.9261 0.6136 0.0000
vt 0.8982 0.6155 0.0000
vt 0.8977 0.6137 0.0000
vt 0.9128 0.6182 0.0000
vt 0.9133 0.7678 0.0000
vt 0.4492 0.4621 0.0000
vt 0.4476 0.4620 0.0000
vt 0.4476 0.4478 0.0000
vt 0.4476 0.4762 0.0000
vt 0.4436 0.4762 0.0000
vt 0.4436 0.4620 0.0000
vt 0.4435 0.4479 0.0000
vt 0.2284 0.4344 0.0000
vt 0.2300 0.4343 0.0000
vt 0.2300 0.4484 0.0000
vt 0.2300 0.4201 0.0000
vt 0.2442 0.4201 0.0000
vt 0.2443 0.4342 0.0000
vt 0.2443 0.4484 0.0000
vt 0.0025 0.4345 0.0000
vt 0.0040 0.4344 0.0000
vt 0.0041 0.4486 0.0000
vt 0.0040 0.4203 0.0000
vt 0.0080 0.4202 0.0000
vt 0.0081 0.4344 0.0000
vt 0.0081 0.4486 0.0000
vt 0.2232 0.4619 0.0000
vt 0.2217 0.4618 0.0000
vt 0.2216 0.4476 0.0000
vt 0.2217 0.4760 0.0000
vt 0.2074 0.4760 0.0000
vt 0.2074 0.4619 0.0000
vt 0.2073 0.4477 0.0000
vt 0.2835 0.4341 0.0000
vt 0.2835 0.4483 0.0000
vt 0.2835 0.4200 0.0000
vt 0.4352 0.4620 0.0000
vt 0.4351 0.4479 0.0000
vt 0.4352 0.4762 0.0000
vt 0.4244 0.4621 0.0000
vt 0.4244 0.4479 0.0000
vt 0.1682 0.4620 0.0000
vt 0.1681 0.4479 0.0000
vt 0.1682 0.4762 0.0000
vt 0.1165 0.4764 0.0000
vt 0.1165 0.4623 0.0000
vt 0.1164 0.4481 0.0000
vt 0.0165 0.4344 0.0000
vt 0.0165 0.4485 0.0000
vt 0.0164 0.4202 0.0000
vt 0.0270 0.4202 0.0000
vt 0.0271 0.4343 0.0000
vt 0.0271 0.4485 0.0000
vt 0.9645 0.0570 0.0000
vt 0.9646 0.0712 0.0000
vt 0.9438 0.0705 0.0000
vt 0.9438 0.0571 0.0000
vt 0.9646 0.0854 0.0000
vt 0.9439 0.0839 0.0000
vt 0.8745 0.0575 0.0000
vt 0.8745 0.0433 0.0000
vt 0.8784 0.0441 0.0000
vt 0.8785 0.0575 0.0000
vt 0.8744 0.0292 0.0000
vt 0.8784 0.0307 0.0000
vt 0.9458 0.1158 0.0000
vt 0.9586 0.1158 0.0000
vt 0.9592 0.1385 0.0000
vt 0.9458 0.1385 0.0000
vt 0.9714 0.1158 0.0000
vt 0.9726 0.1385 0.0000
vt 0.9278 0.1397 0.0000
vt 0.9406 0.1397 0.0000
vt 0.9411 0.1623 0.0000
vt 0.9278 0.1623 0.0000
vt 0.9534 0.1397 0.0000
vt 0.9545 0.1623 0.0000
vt 0.9309 0.2236 0.0000
vt 0.9451 0.2236 0.0000
vt 0.9451 0.2254 0.0000
vt 0.9309 0.2254 0.0000
vt 0.9592 0.2236 0.0000
vt 0.9592 0.2254 0.0000
vt 0.6208 0.5485 0.0000
vt 0.6349 0.5485 0.0000
vt 0.6349 0.5504 0.0000
vt 0.6208 0.5504 0.0000
vt 0.6491 0.5485 0.0000
vt 0.6491 0.5504 0.0000
vt 0.9419 0.0564 0.0000
vt 0.9419 0.0692 0.0000
vt 0.9035 0.0340 0.0000
vt 0.9037 0.0323 0.0000
vt 0.9419 0.0820 0.0000
vt 0.9031 0.0355 0.0000
vt 0.8802 0.0564 0.0000
vt 0.8802 0.0436 0.0000
vt 0.8888 0.0308 0.0000
vt 0.8887 0.0323 0.0000
vt 0.8802 0.0309 0.0000
vt 0.8891 0.0294 0.0000
vt 0.3342 0.4623 0.0000
vt 0.3464 0.4623 0.0000
vt 0.3465 0.4764 0.0000
vt 0.3576 0.4622 0.0000
vt 0.3576 0.4764 0.0000
vt 0.2245 0.4623 0.0000
vt 0.9129 0.7706 0.0000
vt 0.9125 0.7724 0.0000
vt 0.0012 0.4349 0.0000
vt 0.5660 0.3847 0.0000
vt 0.5664 0.3865 0.0000
vt 0.4504 0.4625 0.0000
vt 0.5376 0.2296 0.0000
vt 0.5381 0.2278 0.0000
vt 0.2272 0.4347 0.0000
vt 0.8839 0.6155 0.0000
vt 0.8835 0.6137 0.0000
vt 0.4475 0.4337 0.0000
vt 0.4435 0.4337 0.0000
vt 0.2301 0.4626 0.0000
vt 0.2444 0.4626 0.0000
vt 0.0042 0.4627 0.0000
vt 0.0082 0.4627 0.0000
vt 0.2216 0.4335 0.0000
vt 0.2073 0.4335 0.0000
vt 0.2836 0.4625 0.0000
vt 0.4351 0.4337 0.0000
vt 0.4244 0.4337 0.0000
vt 0.1680 0.4337 0.0000
vt 0.1164 0.4339 0.0000
vt 0.0166 0.4627 0.0000
vt 0.0272 0.4626 0.0000
vt 0.9644 0.0428 0.0000
vt 0.9437 0.0437 0.0000
vt 0.8746 0.0716 0.0000
vt 0.8786 0.0708 0.0000
vt 0.9330 0.1158 0.0000
vt 0.9324 0.1385 0.0000
vt 0.9150 0.1397 0.0000
vt 0.9144 0.1623 0.0000
vt 0.9167 0.2236 0.0000
vt 0.9167 0.2254 0.0000
vt 0.6066 0.5485 0.0000
vt 0.6066 0.5504 0.0000
vt 0.9419 0.0436 0.0000
vt 0.9037 0.0307 0.0000
vt 0.8802 0.0692 0.0000
vt 0.8887 0.0339 0.0000
vt 0.3341 0.4057 0.0000
vt 0.3463 0.4057 0.0000
vt 0.3574 0.4056 0.0000
vt 0.2243 0.4055 0.0000
vt 0.2242 0.3921 0.0000
vt 0.8424 0.7708 0.0000
vt 0.8560 0.7708 0.0000
vt 0.8557 0.7726 0.0000
vt 0.8422 0.7726 0.0000
vt 0.0014 0.4916 0.0000
vt 0.0015 0.5072 0.0000
vt 0.4935 0.3847 0.0000
vt 0.5091 0.3847 0.0000
vt 0.5097 0.3865 0.0000
vt 0.4941 0.3865 0.0000
vt 0.4503 0.4057 0.0000
vt 0.4502 0.3923 0.0000
vt 0.6082 0.2296 0.0000
vt 0.5946 0.2296 0.0000
vt 0.5949 0.2278 0.0000
vt 0.6083 0.2278 0.0000
vt 0.2273 0.4915 0.0000
vt 0.2274 0.5071 0.0000
vt 0.9565 0.6153 0.0000
vt 0.9409 0.6153 0.0000
vt 0.9403 0.6135 0.0000
vt 0.9559 0.6135 0.0000
vt 0.4477 0.4903 0.0000
vt 0.4437 0.4903 0.0000
vt 0.2299 0.4060 0.0000
vt 0.2442 0.4059 0.0000
vt 0.0039 0.4061 0.0000
vt 0.0079 0.4061 0.0000
vt 0.2218 0.4901 0.0000
vt 0.2075 0.4902 0.0000
vt 0.2834 0.4058 0.0000
vt 0.4353 0.4903 0.0000
vt 0.1683 0.4903 0.0000
vt 0.1166 0.4906 0.0000
vt 0.0163 0.4061 0.0000
vt 0.0163 0.3928 0.0000
vt 0.0269 0.3919 0.0000
vt 0.0269 0.4060 0.0000
vt 0.9647 0.0996 0.0000
vt 0.9440 0.0973 0.0000
vt 0.8743 0.0150 0.0000
vt 0.8783 0.0173 0.0000
vt 0.9842 0.1158 0.0000
vt 0.9860 0.1385 0.0000
vt 0.9970 0.1158 0.0000
vt 0.9994 0.1385 0.0000
vt 0.9661 0.1397 0.0000
vt 0.9679 0.1623 0.0000
vt 0.9789 0.1397 0.0000
vt 0.9812 0.1623 0.0000
vt 0.9734 0.2236 0.0000
vt 0.9734 0.2254 0.0000
vt 0.9875 0.2236 0.0000
vt 0.9875 0.2254 0.0000
vt 0.6633 0.5485 0.0000
vt 0.6633 0.5504 0.0000
vt 0.6774 0.5485 0.0000
vt 0.6774 0.5504 0.0000
vt 0.9419 0.0948 0.0000
vt 0.9024 0.0368 0.0000
vt 0.8802 0.0181 0.0000
vt 0.8898 0.0280 0.0000
vt 0.3800 0.5060 0.0000
vt 0.3689 0.5060 0.0000
vt 0.3688 0.4905 0.0000
vt 0.3800 0.4905 0.0000
vt 0.3577 0.5061 0.0000
vt 0.3577 0.4906 0.0000
vt 0.3688 0.4764 0.0000
vt 0.3800 0.4763 0.0000
vt 0.0721 0.5482 0.0000
vt 0.0833 0.5482 0.0000
vt 0.0832 0.5496 0.0000
vt 0.0720 0.5496 0.0000
vt 0.0944 0.5495 0.0000
vt 0.5830 0.5454 0.0000
vt 0.5943 0.5454 0.0000
vt 0.5941 0.5472 0.0000
vt 0.5829 0.5472 0.0000
vt 0.6056 0.5454 0.0000
vt 0.6054 0.5472 0.0000
vt 0.5944 0.5426 0.0000
vt 0.6058 0.5425 0.0000
vt 0.5938 0.3931 0.0000
vt 0.6052 0.3930 0.0000
vt 0.0698 0.0018 0.0000
vt 0.0586 0.0019 0.0000
vt 0.0584 0.0005 0.0000
vt 0.0696 0.0004 0.0000
vt 0.0471 0.0005 0.0000
vt 0.7253 0.5458 0.0000
vt 0.7366 0.5458 0.0000
vt 0.7369 0.5476 0.0000
vt 0.7257 0.5476 0.0000
vt 0.7479 0.5458 0.0000
vt 0.7481 0.5476 0.0000
vt 0.7363 0.5430 0.0000
vt 0.7477 0.5429 0.0000
vt 0.7358 0.3935 0.0000
vt 0.7471 0.3934 0.0000
vt 0.3787 0.0016 0.0000
vt 0.3675 0.0016 0.0000
vt 0.3677 0.0002 0.0000
vt 0.3789 0.0002 0.0000
vt 0.3564 0.0002 0.0000
vt 0.7699 0.3905 0.0000
vt 0.7586 0.3905 0.0000
vt 0.7588 0.3887 0.0000
vt 0.7700 0.3887 0.0000
vt 0.7473 0.3906 0.0000
vt 0.7475 0.3888 0.0000
vt 0.7585 0.3934 0.0000
vt 0.7590 0.5429 0.0000
vt 0.3802 0.5480 0.0000
vt 0.3914 0.5479 0.0000
vt 0.3916 0.5493 0.0000
vt 0.3804 0.5494 0.0000
vt 0.4029 0.5493 0.0000
vt 0.6276 0.3901 0.0000
vt 0.6163 0.3901 0.0000
vt 0.6160 0.3883 0.0000
vt 0.6272 0.3883 0.0000
vt 0.6050 0.3902 0.0000
vt 0.6047 0.3884 0.0000
vt 0.6165 0.3930 0.0000
vt 0.6171 0.5425 0.0000
vt 0.3690 0.5480 0.0000
vt 0.3690 0.5461 0.0000
vt 0.3802 0.5460 0.0000
vt 0.3578 0.5461 0.0000
vt 0.3899 0.0015 0.0000
vt 0.3898 0.0034 0.0000
vt 0.3787 0.0035 0.0000
vt 0.4010 0.0034 0.0000
vt 0.4021 0.3922 0.0000
vt 0.3909 0.3922 0.0000
vt 0.3797 0.3923 0.0000
vt 0.0810 0.0018 0.0000
vt 0.0810 0.0037 0.0000
vt 0.0699 0.0037 0.0000
vt 0.0922 0.0036 0.0000
vt 0.0610 0.5483 0.0000
vt 0.0610 0.5464 0.0000
vt 0.0722 0.5463 0.0000
vt 0.0499 0.5464 0.0000
vt 0.0497 0.5050 0.0000
vt 0.0608 0.5050 0.0000
vt 0.0720 0.5049 0.0000
vt 0.9194 0.0000 0.0000
vt 0.9306 0.0000 0.0000
vt 0.9190 0.0037 0.0000
vt 0.9109 0.0037 0.0000
vt 0.9418 0.0000 0.0000
vt 0.9272 0.0036 0.0000
vt 0.9200 0.1144 0.0000
vt 0.9089 0.1145 0.0000
vt 0.9033 0.1109 0.0000
vt 0.9114 0.1108 0.0000
vt 0.8977 0.1146 0.0000
vt 0.8951 0.1109 0.0000
vt 0.5122 0.5693 0.0000
vt 0.5234 0.5693 0.0000
vt 0.5234 0.5711 0.0000
vt 0.5122 0.5711 0.0000
vt 0.5346 0.5693 0.0000
vt 0.5346 0.5711 0.0000
vt 0.5122 0.5723 0.0000
vt 0.5234 0.5723 0.0000
vt 0.5234 0.5741 0.0000
vt 0.5122 0.5741 0.0000
vt 0.5346 0.5723 0.0000
vt 0.5346 0.5741 0.0000
vt 0.9111 0.0053 0.0000
vt 0.9188 0.0053 0.0000
vt 0.8976 0.0249 0.0000
vt 0.8961 0.0249 0.0000
vt 0.9265 0.0053 0.0000
vt 0.8990 0.0253 0.0000
vt 0.9111 0.1076 0.0000
vt 0.9034 0.1076 0.0000
vt 0.8948 0.0399 0.0000
vt 0.8962 0.0399 0.0000
vt 0.8957 0.1076 0.0000
vt 0.8934 0.0395 0.0000
vt 0.3798 0.4197 0.0000
vt 0.3910 0.4197 0.0000
vt 0.3910 0.4338 0.0000
vt 0.3798 0.4339 0.0000
vt 0.4021 0.4197 0.0000
vt 0.4022 0.4338 0.0000
vt 0.4022 0.4480 0.0000
vt 0.3910 0.4480 0.0000
vt 0.3799 0.4480 0.0000
vt 0.9740 0.0144 0.0000
vt 0.9729 0.0145 0.0000
vt 0.9724 0.0127 0.0000
vt 0.9733 0.0131 0.0000
vt 0.2252 0.0242 0.0000
vt 0.2243 0.0241 0.0000
vt 0.2242 0.0231 0.0000
vt 0.2252 0.0231 0.0000
vt 0.9718 0.0113 0.0000
vt 0.9732 0.0121 0.0000
vt 0.3911 0.4622 0.0000
vt 0.3799 0.4622 0.0000
vt 0.4022 0.4621 0.0000
vt 0.3911 0.4763 0.0000
vt 0.2251 0.0333 0.0000
vt 0.2242 0.0333 0.0000
vt 0.2242 0.0323 0.0000
vt 0.2251 0.0323 0.0000
vt 0.9936 0.0284 0.0000
vt 0.9945 0.0284 0.0000
vt 0.9945 0.0294 0.0000
vt 0.9936 0.0294 0.0000
vt 0.3909 0.4055 0.0000
vt 0.3798 0.4056 0.0000
vt 0.4021 0.4055 0.0000
vt 0.3912 0.5060 0.0000
vt 0.3912 0.4905 0.0000
vt 0.0607 0.5497 0.0000
vt 0.6169 0.5453 0.0000
vt 0.6166 0.5471 0.0000
vt 0.0808 0.0004 0.0000
vt 0.7592 0.5457 0.0000
vt 0.7594 0.5475 0.0000
vt 0.3901 0.0001 0.0000
vt 0.7360 0.3906 0.0000
vt 0.7363 0.3888 0.0000
vt 0.3692 0.5494 0.0000
vt 0.5937 0.3902 0.0000
vt 0.5935 0.3884 0.0000
vt 0.3913 0.5460 0.0000
vt 0.3675 0.0035 0.0000
vt 0.3686 0.3923 0.0000
vt 0.0587 0.0038 0.0000
vt 0.0834 0.5463 0.0000
vt 0.0832 0.5049 0.0000
vt 0.9083 0.0001 0.0000
vt 0.9027 0.0038 0.0000
vt 0.9312 0.1143 0.0000
vt 0.9196 0.1108 0.0000
vt 0.5011 0.5693 0.0000
vt 0.5011 0.5711 0.0000
vt 0.5011 0.5723 0.0000
vt 0.5011 0.5741 0.0000
vt 0.9034 0.0053 0.0000
vt 0.8946 0.0250 0.0000
vt 0.9188 0.1076 0.0000
vt 0.8976 0.0399 0.0000
vt 0.3686 0.4197 0.0000
vt 0.3687 0.4339 0.0000
vt 0.3687 0.4481 0.0000
vt 0.2252 0.0264 0.0000
vt 0.2242 0.0265 0.0000
vt 0.2242 0.0254 0.0000
vt 0.2252 0.0254 0.0000
vt 0.2242 0.0302 0.0000
vt 0.2251 0.0302 0.0000
vt 0.2251 0.0311 0.0000
vt 0.2242 0.0311 0.0000
vt 0.3688 0.4622 0.0000
vt 0.9777 0.0063 0.0000
vt 0.9762 0.0057 0.0000
vt 0.9759 0.0047 0.0000
vt 0.9774 0.0050 0.0000
vt 0.3686 0.4056 0.0000
vt 0.3466 0.5061 0.0000
vt 0.3465 0.4906 0.0000
vt 0.1056 0.5495 0.0000
vt 0.5717 0.5455 0.0000
vt 0.5717 0.5473 0.0000
vt 0.0359 0.0006 0.0000
vt 0.7140 0.5459 0.0000
vt 0.7144 0.5477 0.0000
vt 0.3452 0.0002 0.0000
vt 0.7812 0.3904 0.0000
vt 0.7812 0.3886 0.0000
vt 0.4141 0.5493 0.0000
vt 0.6389 0.3900 0.0000
vt 0.6384 0.3882 0.0000
vt 0.3467 0.5461 0.0000
vt 0.4121 0.0034 0.0000
vt 0.4132 0.3922 0.0000
vt 0.1034 0.0036 0.0000
vt 0.0387 0.5465 0.0000
vt 0.0385 0.5051 0.0000
vt 0.9530 0.0001 0.0000
vt 0.9353 0.0036 0.0000
vt 0.8865 0.1147 0.0000
vt 0.8869 0.1109 0.0000
vt 0.5457 0.5693 0.0000
vt 0.5457 0.5711 0.0000
vt 0.5569 0.5693 0.0000
vt 0.5569 0.5711 0.0000
vt 0.5457 0.5723 0.0000
vt 0.5457 0.5741 0.0000
vt 0.5569 0.5723 0.0000
vt 0.5569 0.5741 0.0000
vt 0.9342 0.0053 0.0000
vt 0.9003 0.0259 0.0000
vt 0.8880 0.1076 0.0000
vt 0.8920 0.0388 0.0000
vt 0.4133 0.4196 0.0000
vt 0.4133 0.4338 0.0000
vt 0.4134 0.4479 0.0000
vt 0.4134 0.4621 0.0000
vt 0.4133 0.4055 0.0000
vt 0.9677 0.0622 0.0000
vt 0.9661 0.0622 0.0000
vt 0.9664 0.0603 0.0000
vt 0.9674 0.0604 0.0000
vt 0.9866 0.1058 0.0000
vt 0.9852 0.1057 0.0000
vt 0.9854 0.1039 0.0000
vt 0.9864 0.1039 0.0000
vt 0.9998 0.0955 0.0000
vt 0.9983 0.0955 0.0000
vt 0.9986 0.0937 0.0000
vt 0.9996 0.0937 0.0000
vt 0.9998 0.0801 0.0000
vt 0.9983 0.0802 0.0000
vt 0.9985 0.0783 0.0000
vt 0.9995 0.0783 0.0000
vt 0.2254 0.0155 0.0000
vt 0.2242 0.0155 0.0000
vt 0.2244 0.0136 0.0000
vt 0.2252 0.0136 0.0000
vt 0.9842 0.1590 0.0000
vt 0.9828 0.1590 0.0000
vt 0.9830 0.1572 0.0000
vt 0.9840 0.1572 0.0000
vt 0.2254 0.0185 0.0000
vt 0.2242 0.0185 0.0000
vt 0.2244 0.0167 0.0000
vt 0.2252 0.0167 0.0000
vt 0.9997 0.1811 0.0000
vt 0.9983 0.1811 0.0000
vt 0.9985 0.1793 0.0000
vt 0.9995 0.1793 0.0000
vt 0.9998 0.0925 0.0000
vt 0.9983 0.0924 0.0000
vt 0.9986 0.0906 0.0000
vt 0.9995 0.0906 0.0000
vt 0.9998 0.0986 0.0000
vt 0.9983 0.0985 0.0000
vt 0.9985 0.0967 0.0000
vt 0.9995 0.0967 0.0000
vt 0.9818 0.1101 0.0000
vt 0.9804 0.1102 0.0000
vt 0.9807 0.1084 0.0000
vt 0.9816 0.1083 0.0000
vt 0.9998 0.0678 0.0000
vt 0.9983 0.0679 0.0000
vt 0.9986 0.0660 0.0000
vt 0.9996 0.0660 0.0000
vt 0.9998 0.0832 0.0000
vt 0.9983 0.0832 0.0000
vt 0.9986 0.0814 0.0000
vt 0.9996 0.0814 0.0000
vt 0.9675 0.1146 0.0000
vt 0.9661 0.1146 0.0000
vt 0.9664 0.1128 0.0000
vt 0.9673 0.1128 0.0000
vt 0.9999 0.0648 0.0000
vt 0.9983 0.0648 0.0000
vt 0.9986 0.0630 0.0000
vt 0.9996 0.0630 0.0000
vt 0.9997 0.1016 0.0000
vt 0.9983 0.1016 0.0000
vt 0.9986 0.0998 0.0000
vt 0.9995 0.0998 0.0000
vt 0.8757 0.1364 0.0000
vt 0.8743 0.1364 0.0000
vt 0.8745 0.1346 0.0000
vt 0.8754 0.1346 0.0000
vt 0.9840 0.0146 0.0000
vt 0.9828 0.0146 0.0000
vt 0.9830 0.0128 0.0000
vt 0.9838 0.0128 0.0000
vt 0.9997 0.1634 0.0000
vt 0.9983 0.1634 0.0000
vt 0.9985 0.1616 0.0000
vt 0.9995 0.1616 0.0000
vt 0.2254 0.0124 0.0000
vt 0.2242 0.0124 0.0000
vt 0.2244 0.0106 0.0000
vt 0.2252 0.0106 0.0000
vt 0.9999 0.0739 0.0000
vt 0.9983 0.0739 0.0000
vt 0.9986 0.0721 0.0000
vt 0.9997 0.0721 0.0000
vt 0.9999 0.0051 0.0000
vt 0.9983 0.0052 0.0000
vt 0.9985 0.0034 0.0000
vt 0.9996 0.0033 0.0000
vt 0.9810 0.0553 0.0000
vt 0.9792 0.0552 0.0000
vt 0.9796 0.0533 0.0000
vt 0.9808 0.0534 0.0000
vt 0.9998 0.0863 0.0000
vt 0.9983 0.0862 0.0000
vt 0.9985 0.0844 0.0000
vt 0.9995 0.0845 0.0000
vt 0.9764 0.0255 0.0000
vt 0.9745 0.0256 0.0000
vt 0.9748 0.0238 0.0000
vt 0.9761 0.0237 0.0000
vt 0.9806 0.1133 0.0000
vt 0.9792 0.1133 0.0000
vt 0.9795 0.1114 0.0000
vt 0.9804 0.1114 0.0000
vt 0.2249 0.0020 0.0000
vt 0.2230 0.0018 0.0000
vt 0.2233 0.0000 0.0000
vt 0.2246 0.0001 0.0000
vt 0.9782 0.1808 0.0000
vt 0.9769 0.1809 0.0000
vt 0.9771 0.1791 0.0000
vt 0.9780 0.1791 0.0000
vt 0.9845 0.0561 0.0000
vt 0.9828 0.0560 0.0000
vt 0.9831 0.0542 0.0000
vt 0.9843 0.0543 0.0000
vt 0.9999 0.0709 0.0000
vt 0.9983 0.0709 0.0000
vt 0.9985 0.0691 0.0000
vt 0.9995 0.0691 0.0000
vt 0.9999 0.0145 0.0000
vt 0.9983 0.0146 0.0000
vt 0.9986 0.0128 0.0000
vt 0.9997 0.0127 0.0000
vt 0.9678 0.0591 0.0000
vt 0.9661 0.0591 0.0000
vt 0.9664 0.0573 0.0000
vt 0.9675 0.0573 0.0000
vt 0.9769 0.0121 0.0000
vt 0.9757 0.0121 0.0000
vt 0.9759 0.0103 0.0000
vt 0.9767 0.0103 0.0000
vt 0.9847 0.0018 0.0000
vt 0.9828 0.0018 0.0000
vt 0.9831 0.0000 0.0000
vt 0.9844 0.0000 0.0000
vt 0.9923 0.0206 0.0000
vt 0.9912 0.0205 0.0000
vt 0.9913 0.0187 0.0000
vt 0.9921 0.0187 0.0000
vt 0.9775 0.0528 0.0000
vt 0.9757 0.0528 0.0000
vt 0.9760 0.0510 0.0000
vt 0.9772 0.0510 0.0000
vt 0.9751 0.0494 0.0000
vt 0.9733 0.0495 0.0000
vt 0.9736 0.0476 0.0000
vt 0.9748 0.0476 0.0000
vt 0.9852 0.0116 0.0000
vt 0.9840 0.0116 0.0000
vt 0.9842 0.0097 0.0000
vt 0.9850 0.0097 0.0000
vt 0.9679 0.0560 0.0000
vt 0.9661 0.0559 0.0000
vt 0.9664 0.0541 0.0000
vt 0.9676 0.0542 0.0000
vt 0.2254 0.0093 0.0000
vt 0.2242 0.0094 0.0000
vt 0.2244 0.0076 0.0000
vt 0.2253 0.0075 0.0000
vt 0.9998 0.0769 0.0000
vt 0.9983 0.0770 0.0000
vt 0.9986 0.0752 0.0000
vt 0.9996 0.0752 0.0000
vt 0.9998 0.0893 0.0000
vt 0.9983 0.0894 0.0000
vt 0.9986 0.0875 0.0000
vt 0.9995 0.0875 0.0000
vt 0.9998 0.0509 0.0000
vt 0.9983 0.0508 0.0000
vt 0.9986 0.0490 0.0000
vt 0.9996 0.0491 0.0000
vt 0.9997 0.1047 0.0000
vt 0.9983 0.1046 0.0000
vt 0.9985 0.1028 0.0000
vt 0.9995 0.1029 0.0000
vt 0.8963 0.0377 0.0000
vt 0.8946 0.0379 0.0000
vt 0.8948 0.0361 0.0000
vt 0.8960 0.0359 0.0000
vt 1.0000 0.0021 0.0000
vt 0.9983 0.0018 0.0000
vt 0.9986 0.0000 0.0000
vt 0.9998 0.0002 0.0000
vt 0.9999 0.0176 0.0000
vt 0.9983 0.0176 0.0000
vt 0.9985 0.0158 0.0000
vt 0.9995 0.0158 0.0000
vt 0.9712 0.0608 0.0000
vt 0.9697 0.0609 0.0000
vt 0.9700 0.0591 0.0000
vt 0.9711 0.0590 0.0000
vt 0.8756 0.1334 0.0000
vt 0.8743 0.1333 0.0000
vt 0.8745 0.1315 0.0000
vt 0.8754 0.1315 0.0000
vt 0.9823 0.0180 0.0000
vt 0.9804 0.0177 0.0000
vt 0.9807 0.0160 0.0000
vt 0.9820 0.0162 0.0000
vt 0.9424 0.1828 0.0000
vt 0.9411 0.1828 0.0000
vt 0.9413 0.1810 0.0000
vt 0.9422 0.1810 0.0000
vt 0.9752 0.0090 0.0000
vt 0.9733 0.0092 0.0000
vt 0.9736 0.0074 0.0000
vt 0.9749 0.0072 0.0000
vt 0.9905 0.0563 0.0000
vt 0.9888 0.0563 0.0000
vt 0.9891 0.0545 0.0000
vt 0.9903 0.0545 0.0000
vt 0.9999 0.0084 0.0000
vt 0.9983 0.0082 0.0000
vt 0.9985 0.0064 0.0000
vt 0.9996 0.0065 0.0000
vt 0.9999 0.0115 0.0000
vt 0.9983 0.0114 0.0000
vt 0.9987 0.0096 0.0000
vt 0.9997 0.0097 0.0000
vt 0.9738 0.0451 0.0000
vt 0.9721 0.0454 0.0000
vt 0.9723 0.0435 0.0000
vt 0.9735 0.0433 0.0000
vt 0.9979 0.3849 0.0000
vt 0.9972 0.3867 0.0000
vt 0.4521 0.6170 0.0000
vt 0.4528 0.6153 0.0000
vt 0.9704 0.0048 0.0000
vt 0.9686 0.0053 0.0000
vt 0.9695 0.0040 0.0000
vt 0.9706 0.0029 0.0000
vt 0.9720 0.0041 0.0000
vt 0.9720 0.0019 0.0000
vt 0.9985 0.0191 0.0000
vt 0.9996 0.0189 0.0000
vt 0.9995 0.0200 0.0000
vt 0.9983 0.0201 0.0000
vt 0.9702 0.0064 0.0000
vt 0.9678 0.0067 0.0000
vt 0.4438 0.5476 0.0000
vt 0.4423 0.0016 0.0000
vt 0.2431 0.0021 0.0000
vt 0.2446 0.5481 0.0000
vt 0.0062 0.0023 0.0000
vt 0.0085 0.5483 0.0000
vt 0.2077 0.5474 0.0000
vt 0.2054 0.0014 0.0000
vt 0.9964 0.7703 0.0000
vt 0.9957 0.7721 0.0000
vt 0.4542 0.2295 0.0000
vt 0.4548 0.2278 0.0000
vt 0.2082 0.5488 0.0000
vt 0.0080 0.5497 0.0000
vt 0.0057 0.0009 0.0000
vt 0.2058 0.0000 0.0000
vt 0.2427 0.0007 0.0000
vt 0.4428 0.0002 0.0000
vt 0.4443 0.5490 0.0000
vt 0.2442 0.5495 0.0000
vt 0.9992 0.1600 0.0000
vt 0.9979 0.1603 0.0000
vt 0.9972 0.1576 0.0000
vt 0.9986 0.1575 0.0000
vt 0.9965 0.1605 0.0000
vt 0.9959 0.1576 0.0000
vt 0.9795 0.0217 0.0000
vt 0.9780 0.0221 0.0000
vt 0.9773 0.0193 0.0000
vt 0.9787 0.0191 0.0000
vt 0.9765 0.0224 0.0000
vt 0.9758 0.0193 0.0000
vt 0.9778 0.1112 0.0000
vt 0.9763 0.1116 0.0000
vt 0.9758 0.1090 0.0000
vt 0.9772 0.1088 0.0000
vt 0.9748 0.1118 0.0000
vt 0.9744 0.1092 0.0000
vt 0.8899 0.1359 0.0000
vt 0.8884 0.1363 0.0000
vt 0.8877 0.1334 0.0000
vt 0.8892 0.1334 0.0000
vt 0.8870 0.1365 0.0000
vt 0.8863 0.1334 0.0000
vt 0.8837 0.1635 0.0000
vt 0.8824 0.1862 0.0000
vt 0.8743 0.1862 0.0000
vt 0.8760 0.1635 0.0000
vt 0.8914 0.1635 0.0000
vt 0.8906 0.1862 0.0000
vt 0.9434 0.1873 0.0000
vt 0.9421 0.2099 0.0000
vt 0.9339 0.2099 0.0000
vt 0.9357 0.1873 0.0000
vt 0.9512 0.1873 0.0000
vt 0.9502 0.2099 0.0000
vt 0.9979 0.7705 0.0000
vt 0.9972 0.7723 0.0000
vt 0.9993 0.3851 0.0000
vt 0.9987 0.3869 0.0000
vt 0.4527 0.2293 0.0000
vt 0.4533 0.2275 0.0000
vt 0.4506 0.6168 0.0000
vt 0.4513 0.6150 0.0000
vt 0.9806 0.0079 0.0000
vt 0.9829 0.0082 0.0000
vt 0.9824 0.0097 0.0000
vt 0.9816 0.0111 0.0000
vt 0.9790 0.0071 0.0000
vt 0.9734 0.0225 0.0000
vt 0.9717 0.0225 0.0000
vt 0.9721 0.0197 0.0000
vt 0.9734 0.0197 0.0000
vt 0.9701 0.0224 0.0000
vt 0.9708 0.0196 0.0000
vt 0.8839 0.1366 0.0000
vt 0.8824 0.1366 0.0000
vt 0.8826 0.1336 0.0000
vt 0.8838 0.1335 0.0000
vt 0.8809 0.1365 0.0000
vt 0.8813 0.1337 0.0000
vt 0.9810 0.0062 0.0000
vt 0.9802 0.0045 0.0000
vt 0.9826 0.0050 0.0000
vt 0.9831 0.0066 0.0000
vt 0.9996 0.0327 0.0000
vt 0.9997 0.0336 0.0000
vt 0.9983 0.0336 0.0000
vt 0.9983 0.0326 0.0000
vt 0.9801 0.0053 0.0000
vt 0.9793 0.0039 0.0000
vt 0.9750 0.0225 0.0000
vt 0.9746 0.0195 0.0000
vt 0.8854 0.1366 0.0000
vt 0.8850 0.1334 0.0000
vt 0.9792 0.0132 0.0000
vt 0.9809 0.0125 0.0000
vt 0.9789 0.0151 0.0000
vt 0.9801 0.0140 0.0000
vt 0.9775 0.0163 0.0000
vt 0.9776 0.0140 0.0000
vt 0.8994 0.0358 0.0000
vt 0.8991 0.0368 0.0000
vt 0.8981 0.0370 0.0000
vt 0.8982 0.0359 0.0000
vt 0.9687 0.0221 0.0000
vt 0.9694 0.0195 0.0000
vt 0.9673 0.0218 0.0000
vt 0.9680 0.0193 0.0000
vt 0.8794 0.1363 0.0000
vt 0.8799 0.1337 0.0000
vt 0.8779 0.1360 0.0000
vt 0.8785 0.1335 0.0000
vt 0.9767 0.0020 0.0000
vt 0.9754 0.0024 0.0000
vt 0.9748 0.0003 0.0000
vt 0.9763 0.0000 0.0000
vt 0.9782 0.0023 0.0000
vt 0.9779 0.0003 0.0000
vt 0.9787 0.0036 0.0000
vt 0.9771 0.0035 0.0000
vt 0.9757 0.0036 0.0000
vt 0.9934 0.1605 0.0000
vt 0.9920 0.1605 0.0000
vt 0.9923 0.1576 0.0000
vt 0.9934 0.1579 0.0000
vt 0.9906 0.1604 0.0000
vt 0.9911 0.1573 0.0000
vt 0.9719 0.1118 0.0000
vt 0.9705 0.1118 0.0000
vt 0.9709 0.1093 0.0000
vt 0.9720 0.1094 0.0000
vt 0.9691 0.1116 0.0000
vt 0.9696 0.1091 0.0000
vt 0.9146 0.1635 0.0000
vt 0.9151 0.1861 0.0000
vt 0.9069 0.1861 0.0000
vt 0.9069 0.1635 0.0000
vt 0.9223 0.1635 0.0000
vt 0.9232 0.1861 0.0000
vt 0.9743 0.1873 0.0000
vt 0.9747 0.2100 0.0000
vt 0.9665 0.2100 0.0000
vt 0.9666 0.1873 0.0000
vt 0.9820 0.1873 0.0000
vt 0.9829 0.2100 0.0000
vt 0.9713 0.0121 0.0000
vt 0.9706 0.0107 0.0000
vt 0.9712 0.0091 0.0000
vt 0.9717 0.0103 0.0000
vt 0.9744 0.0046 0.0000
vt 0.9747 0.0042 0.0000
vt 0.9724 0.0160 0.0000
vt 0.9739 0.0159 0.0000
vt 0.9744 0.0180 0.0000
vt 0.9728 0.0181 0.0000
vt 0.9706 0.0157 0.0000
vt 0.9711 0.0178 0.0000
vt 0.9703 0.0138 0.0000
vt 0.9714 0.0142 0.0000
vt 0.9848 0.0044 0.0000
vt 0.9840 0.0043 0.0000
vt 0.9840 0.0030 0.0000
vt 0.9848 0.0031 0.0000
vt 0.9739 0.0028 0.0000
vt 0.9734 0.0009 0.0000
vt 0.2242 0.0278 0.0000
vt 0.2251 0.0277 0.0000
vt 0.2251 0.0289 0.0000
vt 0.2242 0.0290 0.0000
vt 0.9745 0.0039 0.0000
vt 0.9735 0.0042 0.0000
vt 0.9950 0.1605 0.0000
vt 0.9946 0.1578 0.0000
vt 0.9734 0.1119 0.0000
vt 0.9731 0.1093 0.0000
vt 0.8992 0.1635 0.0000
vt 0.8987 0.1861 0.0000
vt 0.9589 0.1873 0.0000
vt 0.9584 0.2100 0.0000
vt 0.9740 0.0133 0.0000
vt 0.9752 0.0141 0.0000
vt 0.9778 0.0074 0.0000
vt 0.9788 0.0055 0.0000
vt 0.9874 0.0280 0.0000
vt 0.9864 0.0280 0.0000
vt 0.9864 0.0269 0.0000
vt 0.9873 0.0270 0.0000
vt 0.9757 0.0153 0.0000
vt 0.9760 0.0174 0.0000
vt 0.9760 0.0138 0.0000
vt 0.9800 0.0028 0.0000
vt 0.9794 0.0010 0.0000
vt 0.9818 0.0034 0.0000
vt 0.9808 0.0020 0.0000
vt 0.9757 0.1130 0.0000
vt 0.9767 0.1133 0.0000
vt 0.9769 0.1143 0.0000
vt 0.9757 0.1142 0.0000
vt 0.9891 0.1602 0.0000
vt 0.9897 0.1573 0.0000
vt 0.9876 0.1599 0.0000
vt 0.9883 0.1572 0.0000
vt 0.9676 0.1114 0.0000
vt 0.9683 0.1089 0.0000
vt 0.9661 0.1110 0.0000
vt 0.9669 0.1085 0.0000
vt 0.9300 0.1635 0.0000
vt 0.9314 0.1861 0.0000
vt 0.9377 0.1635 0.0000
vt 0.9395 0.1861 0.0000
vt 0.9897 0.1873 0.0000
vt 0.9910 0.2100 0.0000
vt 0.9974 0.1873 0.0000
vt 0.9992 0.2100 0.0000
vt 0.9685 0.0116 0.0000
vt 0.9685 0.0114 0.0000
vt 0.9685 0.0133 0.0000
vt 0.9682 0.0131 0.0000
vt 0.9661 0.0109 0.0000
vt 0.9662 0.0125 0.0000
vt 0.9663 0.0094 0.0000
vt 0.9686 0.0100 0.0000
vt 0.9710 0.1140 0.0000
vt 0.9697 0.1140 0.0000
vt 0.9697 0.1131 0.0000
vt 0.9710 0.1131 0.0000
vt 0.9693 0.0083 0.0000
vt 0.9669 0.0080 0.0000
vt 0.9711 0.0079 0.0000
vt 0.9689 0.0149 0.0000
vt 0.9695 0.0169 0.0000
vt 0.9670 0.0141 0.0000
vt 0.9681 0.0157 0.0000
vt 0.9722 0.0250 0.0000
vt 0.9711 0.0247 0.0000
vt 0.9709 0.0237 0.0000
vt 0.9721 0.0238 0.0000
vt 0.0380 0.3918 0.0000
vt 0.0492 0.3918 0.0000
vt 0.0604 0.3917 0.0000
vt 0.0715 0.3917 0.0000
vt 0.0827 0.3916 0.0000
vt 0.0939 0.3916 0.0000
vt 0.1050 0.3915 0.0000
vt 0.4197 0.7739 0.0000
vt 0.0089 0.7723 0.0000
vt 0.0097 0.5584 0.0000
vt 0.4205 0.5600 0.0000
vt 0.8673 0.2200 0.0000
vt 0.4565 0.2201 0.0000
vt 0.4565 0.0063 0.0000
vt 0.8673 0.0062 0.0000
vt 0.5763 0.5708 0.0000
vt 0.9921 0.5650 0.0000
vt 0.9922 0.5729 0.0000
vt 0.5764 0.5786 0.0000
vt 0.5573 0.5971 0.0000
vt 0.7772 0.5960 0.0000
vt 0.7772 0.6039 0.0000
vt 0.5574 0.6049 0.0000
vt 0.5804 0.7785 0.0000
vt 0.9963 0.7784 0.0000
vt 0.9963 0.7863 0.0000
vt 0.5804 0.7863 0.0000
vt 0.7770 0.5817 0.0000
vt 0.9968 0.5860 0.0000
vt 0.9966 0.5938 0.0000
vt 0.7768 0.5895 0.0000
vt 0.8673 0.0025 0.0000
vt 0.4565 0.0026 0.0000
vt 0.4554 0.0012 0.0000
vt 0.8684 0.0011 0.0000
vt 0.4546 0.0001 0.0000
vt 0.8692 0.0000 0.0000
vt 0.8708 0.2200 0.0000
vt 0.8707 0.0062 0.0000
vt 0.8719 0.0048 0.0000
vt 0.8719 0.2213 0.0000
vt 0.8729 0.0039 0.0000
vt 0.8729 0.2223 0.0000
vt 0.4565 0.2238 0.0000
vt 0.8673 0.2237 0.0000
vt 0.8684 0.2251 0.0000
vt 0.4554 0.2251 0.0000
vt 0.8693 0.2262 0.0000
vt 0.4546 0.2263 0.0000
vt 0.4530 0.0063 0.0000
vt 0.4531 0.2201 0.0000
vt 0.4519 0.2214 0.0000
vt 0.4519 0.0049 0.0000
vt 0.4509 0.2224 0.0000
vt 0.4509 0.0040 0.0000
vt 0.9921 0.5735 0.0000
vt 0.5765 0.5792 0.0000
vt 0.9916 0.5746 0.0000
vt 0.5770 0.5804 0.0000
vt 0.7770 0.6052 0.0000
vt 0.5576 0.6063 0.0000
vt 0.7765 0.6063 0.0000
vt 0.5581 0.6074 0.0000
vt 0.9961 0.7876 0.0000
vt 0.5805 0.7877 0.0000
vt 0.9957 0.7888 0.0000
vt 0.5810 0.7888 0.0000
vt 0.9964 0.5952 0.0000
vt 0.7770 0.5909 0.0000
vt 0.9958 0.5963 0.0000
vt 0.7775 0.5920 0.0000
vt 0.4231 0.7739 0.0000
vt 0.4240 0.5600 0.0000
vt 0.4251 0.5587 0.0000
vt 0.4243 0.7752 0.0000
vt 0.4261 0.5578 0.0000
vt 0.4253 0.7762 0.0000
vt 0.0089 0.7760 0.0000
vt 0.4197 0.7775 0.0000
vt 0.4208 0.7789 0.0000
vt 0.0077 0.7773 0.0000
vt 0.4216 0.7800 0.0000
vt 0.0069 0.7785 0.0000
vt 0.0063 0.5584 0.0000
vt 0.0054 0.7723 0.0000
vt 0.0043 0.7736 0.0000
vt 0.0051 0.5571 0.0000
vt 0.0033 0.7745 0.0000
vt 0.0041 0.5562 0.0000
vt 0.4205 0.5564 0.0000
vt 0.0097 0.5548 0.0000
vt 0.0086 0.5534 0.0000
vt 0.4216 0.5550 0.0000
vt 0.0078 0.5523 0.0000
vt 0.4225 0.5539 0.0000
vt 0.5764 0.5687 0.0000
vt 0.9919 0.5629 0.0000
vt 0.5769 0.5675 0.0000
vt 0.9915 0.5618 0.0000
vt 0.5575 0.5957 0.0000
vt 0.7770 0.5946 0.0000
vt 0.5581 0.5946 0.0000
vt 0.7764 0.5936 0.0000
vt 0.5805 0.7771 0.0000
vt 0.9961 0.7770 0.0000
vt 0.5810 0.7760 0.0000
vt 0.9957 0.7759 0.0000
vt 0.7772 0.5803 0.0000
vt 0.9966 0.5846 0.0000
vt 0.7778 0.5792 0.0000
vt 0.9961 0.5835 0.0000
vt 0.7799 0.5959 0.0000
vt 0.7799 0.6039 0.0000
vt 0.5546 0.6050 0.0000
vt 0.5546 0.5970 0.0000
vt 0.9995 0.5860 0.0000
vt 0.9993 0.5940 0.0000
vt 0.7741 0.5895 0.0000
vt 0.7743 0.5815 0.0000
vt 0.8694 0.0038 0.0000
vt 0.8706 0.0025 0.0000
vt 0.8706 0.2237 0.0000
vt 0.8695 0.2223 0.0000
vt 0.8715 0.0014 0.0000
vt 0.8715 0.2247 0.0000
vt 0.4544 0.2224 0.0000
vt 0.4532 0.2238 0.0000
vt 0.4532 0.0026 0.0000
vt 0.4543 0.0039 0.0000
vt 0.4523 0.2249 0.0000
vt 0.4523 0.0015 0.0000
vt 0.7797 0.6054 0.0000
vt 0.5548 0.6064 0.0000
vt 0.7794 0.6066 0.0000
vt 0.5552 0.6077 0.0000
vt 0.9991 0.5954 0.0000
vt 0.7743 0.5910 0.0000
vt 0.9987 0.5966 0.0000
vt 0.7746 0.5922 0.0000
vt 0.4226 0.5577 0.0000
vt 0.4238 0.5564 0.0000
vt 0.4230 0.7776 0.0000
vt 0.4218 0.7762 0.0000
vt 0.4247 0.5553 0.0000
vt 0.4239 0.7786 0.0000
vt 0.0067 0.7746 0.0000
vt 0.0056 0.7760 0.0000
vt 0.0064 0.5548 0.0000
vt 0.0076 0.5561 0.0000
vt 0.0047 0.7770 0.0000
vt 0.0055 0.5537 0.0000
vt 0.5548 0.5956 0.0000
vt 0.7797 0.5945 0.0000
vt 0.5552 0.5943 0.0000
vt 0.7793 0.5933 0.0000
vt 0.7745 0.5801 0.0000
vt 0.9993 0.5845 0.0000
vt 0.7749 0.5789 0.0000
vt 0.9990 0.5833 0.0000
vt 0.9947 0.5641 0.0000
vt 0.9948 0.5722 0.0000
vt 0.5738 0.5780 0.0000
vt 0.5737 0.5700 0.0000
vt 0.9989 0.7783 0.0000
vt 0.9988 0.7863 0.0000
vt 0.5778 0.7864 0.0000
vt 0.5778 0.7784 0.0000
vt 0.9946 0.5736 0.0000
vt 0.5740 0.5795 0.0000
vt 0.9944 0.5749 0.0000
vt 0.5743 0.5807 0.0000
vt 0.9987 0.7878 0.0000
vt 0.5780 0.7879 0.0000
vt 0.9984 0.7891 0.0000
vt 0.5783 0.7891 0.0000
vt 0.5739 0.5685 0.0000
vt 0.9945 0.5627 0.0000
vt 0.5741 0.5672 0.0000
vt 0.9942 0.5614 0.0000
vt 0.5780 0.7769 0.0000
vt 0.9987 0.7768 0.0000
vt 0.5783 0.7756 0.0000
vt 0.9984 0.7756 0.0000
vt 0.8947 0.0345 0.0000
vt 0.8935 0.0338 0.0000
vt 0.8926 0.0327 0.0000
vt 0.8922 0.0314 0.0000
vt 0.8922 0.0301 0.0000
vt 0.8926 0.0288 0.0000
vt 0.8935 0.0277 0.0000
vt 0.8947 0.0270 0.0000
vt 0.8961 0.0268 0.0000
vt 0.8974 0.0270 0.0000
vt 0.8986 0.0277 0.0000
vt 0.8995 0.0288 0.0000
vt 0.9000 0.0301 0.0000
vt 0.9000 0.0314 0.0000
vt 0.8995 0.0327 0.0000
vt 0.8986 0.0338 0.0000
vt 0.8974 0.0345 0.0000
vt 0.8961 0.0347 0.0000
vt 0.9122 0.3886 0.0000
vt 0.9136 0.3886 0.0000
vt 0.9135 0.5549 0.0000
vt 0.9122 0.5549 0.0000
vt 0.9149 0.3886 0.0000
vt 0.9149 0.5549 0.0000
vt 0.9309 0.3885 0.0000
vt 0.9323 0.3885 0.0000
vt 0.9323 0.5548 0.0000
vt 0.9309 0.5548 0.0000
vt 0.9337 0.3885 0.0000
vt 0.9336 0.5548 0.0000
vt 0.9350 0.3885 0.0000
vt 0.9350 0.5548 0.0000
vt 0.9364 0.3885 0.0000
vt 0.9364 0.5548 0.0000
vt 0.9378 0.3885 0.0000
vt 0.9378 0.5548 0.0000
vt 0.9238 0.3885 0.0000
vt 0.9251 0.3885 0.0000
vt 0.9251 0.5548 0.0000
vt 0.9237 0.5548 0.0000
vt 0.9265 0.3885 0.0000
vt 0.9265 0.5548 0.0000
vt 0.9279 0.3885 0.0000
vt 0.9279 0.5548 0.0000
vt 0.9292 0.3885 0.0000
vt 0.9292 0.5548 0.0000
vt 0.4421 0.5503 0.0000
vt 0.4435 0.5503 0.0000
vt 0.4435 0.7166 0.0000
vt 0.4421 0.7166 0.0000
vt 0.4448 0.5503 0.0000
vt 0.4449 0.7166 0.0000
vt 0.4462 0.5503 0.0000
vt 0.4462 0.7166 0.0000
vt 0.4476 0.5503 0.0000
vt 0.4476 0.7166 0.0000
vt 0.4490 0.5503 0.0000
vt 0.4490 0.7166 0.0000
vt 0.9094 0.3886 0.0000
vt 0.9108 0.3886 0.0000
vt 0.9108 0.5549 0.0000
vt 0.9094 0.5549 0.0000
vt 0.9940 0.1064 0.0000
vt 0.9927 0.1066 0.0000
vt 0.9913 0.1064 0.0000
vt 0.9901 0.1057 0.0000
vt 0.9893 0.1047 0.0000
vt 0.9888 0.1034 0.0000
vt 0.9888 0.1020 0.0000
vt 0.9893 0.1007 0.0000
vt 0.9901 0.0997 0.0000
vt 0.9913 0.0990 0.0000
vt 0.9927 0.0987 0.0000
vt 0.9940 0.0990 0.0000
vt 0.9952 0.0997 0.0000
vt 0.9961 0.1007 0.0000
vt 0.9966 0.1020 0.0000
vt 0.9966 0.1034 0.0000
vt 0.9961 0.1047 0.0000
vt 0.9952 0.1057 0.0000
vt 0.9699 0.1803 0.0000
vt 0.9687 0.1796 0.0000
vt 0.9678 0.1785 0.0000
vt 0.9673 0.1773 0.0000
vt 0.9673 0.1759 0.0000
vt 0.9678 0.1746 0.0000
vt 0.9687 0.1735 0.0000
vt 0.9699 0.1728 0.0000
vt 0.9712 0.1726 0.0000
vt 0.9726 0.1728 0.0000
vt 0.9738 0.1735 0.0000
vt 0.9746 0.1746 0.0000
vt 0.9751 0.1759 0.0000
vt 0.9751 0.1773 0.0000
vt 0.9746 0.1785 0.0000
vt 0.9738 0.1796 0.0000
vt 0.9726 0.1803 0.0000
vt 0.9712 0.1805 0.0000
vt 0.4298 0.5517 0.0000
vt 0.4312 0.5517 0.0000
vt 0.4312 0.7179 0.0000
vt 0.4298 0.7179 0.0000
vt 0.4326 0.5517 0.0000
vt 0.4325 0.7179 0.0000
vt 0.4342 0.5533 0.0000
vt 0.4356 0.5533 0.0000
vt 0.4355 0.7196 0.0000
vt 0.4342 0.7196 0.0000
vt 0.4369 0.5533 0.0000
vt 0.4369 0.7196 0.0000
vt 0.4383 0.5533 0.0000
vt 0.4383 0.7196 0.0000
vt 0.4397 0.5533 0.0000
vt 0.4396 0.7196 0.0000
vt 0.4411 0.5533 0.0000
vt 0.4410 0.7196 0.0000
vt 0.9166 0.3886 0.0000
vt 0.9180 0.3886 0.0000
vt 0.9179 0.5548 0.0000
vt 0.9166 0.5548 0.0000
vt 0.9193 0.3886 0.0000
vt 0.9193 0.5548 0.0000
vt 0.9207 0.3886 0.0000
vt 0.9207 0.5548 0.0000
vt 0.9221 0.3886 0.0000
vt 0.9221 0.5548 0.0000
vt 0.9393 0.3885 0.0000
vt 0.9406 0.3885 0.0000
vt 0.9406 0.5547 0.0000
vt 0.9392 0.5547 0.0000
vt 0.9420 0.3885 0.0000
vt 0.9420 0.5547 0.0000
vt 0.9434 0.3885 0.0000
vt 0.9434 0.5547 0.0000
vt 0.9447 0.3885 0.0000
vt 0.9447 0.5547 0.0000
vt 0.9461 0.3885 0.0000
vt 0.9461 0.5547 0.0000
vt 0.4271 0.5517 0.0000
vt 0.4284 0.5517 0.0000
vt 0.4284 0.7179 0.0000
vt 0.4270 0.7179 0.0000
vt 0.9726 0.1712 0.0000
vt 0.9712 0.1714 0.0000
vt 0.9699 0.1712 0.0000
vt 0.9687 0.1705 0.0000
vt 0.9678 0.1694 0.0000
vt 0.9673 0.1681 0.0000
vt 0.9673 0.1668 0.0000
vt 0.9678 0.1655 0.0000
vt 0.9687 0.1644 0.0000
vt 0.9699 0.1637 0.0000
vt 0.9712 0.1635 0.0000
vt 0.9726 0.1637 0.0000
vt 0.9738 0.1644 0.0000
vt 0.9746 0.1655 0.0000
vt 0.9751 0.1668 0.0000
vt 0.9751 0.1681 0.0000
vt 0.9746 0.1694 0.0000
vt 0.9738 0.1705 0.0000
vt 0.9847 0.0636 0.0000
vt 0.9908 0.0637 0.0000
vt 0.9907 0.0800 0.0000
vt 0.9846 0.0799 0.0000
vt 0.9970 0.0637 0.0000
vt 0.9969 0.0800 0.0000
vt 0.4676 0.5515 0.0000
vt 0.4738 0.5515 0.0000
vt 0.4737 0.5678 0.0000
vt 0.4676 0.5678 0.0000
vt 0.4799 0.5515 0.0000
vt 0.4799 0.5678 0.0000
vt 0.4861 0.5515 0.0000
vt 0.4860 0.5678 0.0000
vt 0.4922 0.5516 0.0000
vt 0.4922 0.5678 0.0000
vt 0.9662 0.0810 0.0000
vt 0.9724 0.0811 0.0000
vt 0.9723 0.0974 0.0000
vt 0.9661 0.0973 0.0000
vt 0.9785 0.0811 0.0000
vt 0.9784 0.0974 0.0000
vt 0.9847 0.0812 0.0000
vt 0.9846 0.0975 0.0000
vt 0.9908 0.0812 0.0000
vt 0.9907 0.0975 0.0000
vt 0.9970 0.0812 0.0000
vt 0.9969 0.0975 0.0000
vt 0.9412 0.1635 0.0000
vt 0.9474 0.1635 0.0000
vt 0.9472 0.1798 0.0000
vt 0.9411 0.1798 0.0000
vt 0.9535 0.1636 0.0000
vt 0.9534 0.1799 0.0000
vt 0.9597 0.1636 0.0000
vt 0.9595 0.1799 0.0000
vt 0.9658 0.1637 0.0000
vt 0.9657 0.1800 0.0000
vt 0.9662 0.0635 0.0000
vt 0.9724 0.0635 0.0000
vt 0.9723 0.0798 0.0000
vt 0.9661 0.0798 0.0000
vt 0.9785 0.0636 0.0000
vt 0.9784 0.0799 0.0000
vt 0.9116 0.2224 0.0000
vt 0.9058 0.2203 0.0000
vt 0.9103 0.2125 0.0000
vt 0.9132 0.2136 0.0000
vt 0.9011 0.2163 0.0000
vt 0.9080 0.2106 0.0000
vt 0.8980 0.2110 0.0000
vt 0.9064 0.2079 0.0000
vt 0.8969 0.2049 0.0000
vt 0.9059 0.2049 0.0000
vt 0.8980 0.1988 0.0000
vt 0.9064 0.2018 0.0000
vt 0.9011 0.1934 0.0000
vt 0.9080 0.1992 0.0000
vt 0.9058 0.1895 0.0000
vt 0.9103 0.1972 0.0000
vt 0.9116 0.1873 0.0000
vt 0.9132 0.1962 0.0000
vt 0.9178 0.1873 0.0000
vt 0.9163 0.1962 0.0000
vt 0.9236 0.1895 0.0000
vt 0.9192 0.1972 0.0000
vt 0.9284 0.1934 0.0000
vt 0.9215 0.1992 0.0000
vt 0.9314 0.1988 0.0000
vt 0.9230 0.2018 0.0000
vt 0.9325 0.2049 0.0000
vt 0.9236 0.2049 0.0000
vt 0.9314 0.2110 0.0000
vt 0.9230 0.2079 0.0000
vt 0.9284 0.2163 0.0000
vt 0.9215 0.2106 0.0000
vt 0.9236 0.2203 0.0000
vt 0.9192 0.2125 0.0000
vt 0.9178 0.2224 0.0000
vt 0.9163 0.2136 0.0000
vt 0.9147 0.2049 0.0000
vt 0.0598 0.3930 0.0000
vt 0.0626 0.3930 0.0000
vt 0.0625 0.4093 0.0000
vt 0.0597 0.4093 0.0000
vt 0.0654 0.3930 0.0000
vt 0.0653 0.4093 0.0000
vt 0.0382 0.3930 0.0000
vt 0.0410 0.3930 0.0000
vt 0.0410 0.4093 0.0000
vt 0.0382 0.4093 0.0000
vt 0.0438 0.3930 0.0000
vt 0.0438 0.4093 0.0000
vt 0.0466 0.3930 0.0000
vt 0.0466 0.4093 0.0000
vt 0.0494 0.3930 0.0000
vt 0.0494 0.4093 0.0000
vt 0.0669 0.3929 0.0000
vt 0.0697 0.3929 0.0000
vt 0.0696 0.4092 0.0000
vt 0.0668 0.4092 0.0000
vt 0.0725 0.3929 0.0000
vt 0.0724 0.4092 0.0000
vt 0.0753 0.3929 0.0000
vt 0.0752 0.4092 0.0000
vt 0.0781 0.3930 0.0000
vt 0.0780 0.4093 0.0000
vt 0.0809 0.3930 0.0000
vt 0.0808 0.4093 0.0000
vt 0.5523 0.5518 0.0000
vt 0.5551 0.5518 0.0000
vt 0.5551 0.5681 0.0000
vt 0.5523 0.5681 0.0000
vt 0.5579 0.5518 0.0000
vt 0.5579 0.5681 0.0000
vt 0.5607 0.5518 0.0000
vt 0.5607 0.5681 0.0000
vt 0.5635 0.5518 0.0000
vt 0.5635 0.5681 0.0000
vt 0.0514 0.3930 0.0000
vt 0.0542 0.3930 0.0000
vt 0.0541 0.4093 0.0000
vt 0.0513 0.4093 0.0000
vt 0.0570 0.3930 0.0000
vt 0.0569 0.4093 0.0000
vt 0.8811 0.1321 0.0000
vt 0.8784 0.1312 0.0000
vt 0.8805 0.1275 0.0000
vt 0.8818 0.1280 0.0000
vt 0.8762 0.1293 0.0000
vt 0.8795 0.1266 0.0000
vt 0.8748 0.1268 0.0000
vt 0.8788 0.1254 0.0000
vt 0.8743 0.1240 0.0000
vt 0.8785 0.1240 0.0000
vt 0.8748 0.1212 0.0000
vt 0.8788 0.1226 0.0000
vt 0.8762 0.1187 0.0000
vt 0.8795 0.1214 0.0000
vt 0.8784 0.1169 0.0000
vt 0.8805 0.1205 0.0000
vt 0.8811 0.1159 0.0000
vt 0.8818 0.1201 0.0000
vt 0.8840 0.1159 0.0000
vt 0.8832 0.1201 0.0000
vt 0.8867 0.1169 0.0000
vt 0.8845 0.1205 0.0000
vt 0.8889 0.1187 0.0000
vt 0.8856 0.1214 0.0000
vt 0.8903 0.1212 0.0000
vt 0.8863 0.1227 0.0000
vt 0.8908 0.1240 0.0000
vt 0.8866 0.1240 0.0000
vt 0.8903 0.1268 0.0000
vt 0.8863 0.1254 0.0000
vt 0.8889 0.1293 0.0000
vt 0.8856 0.1266 0.0000
vt 0.8867 0.1312 0.0000
vt 0.8845 0.1275 0.0000
vt 0.8840 0.1322 0.0000
vt 0.8832 0.1280 0.0000
vt 0.8825 0.1240 0.0000
vt 0.1063 0.3928 0.0000
vt 0.1099 0.3928 0.0000
vt 0.1099 0.4091 0.0000
vt 0.1063 0.4091 0.0000
vt 0.1136 0.3928 0.0000
vt 0.1135 0.4091 0.0000
vt 0.4939 0.5515 0.0000
vt 0.4976 0.5515 0.0000
vt 0.4974 0.5678 0.0000
vt 0.4938 0.5678 0.0000
vt 0.5012 0.5516 0.0000
vt 0.5011 0.5679 0.0000
vt 0.5048 0.5516 0.0000
vt 0.5047 0.5679 0.0000
vt 0.5085 0.5516 0.0000
vt 0.5083 0.5679 0.0000
vt 0.5121 0.5517 0.0000
vt 0.5119 0.5679 0.0000
vt 0.5142 0.5515 0.0000
vt 0.5178 0.5515 0.0000
vt 0.5177 0.5678 0.0000
vt 0.5141 0.5678 0.0000
vt 0.5215 0.5516 0.0000
vt 0.5213 0.5679 0.0000
vt 0.5251 0.5516 0.0000
vt 0.5250 0.5679 0.0000
vt 0.5287 0.5516 0.0000
vt 0.5286 0.5679 0.0000
vt 0.5323 0.5516 0.0000
vt 0.5322 0.5679 0.0000
vt 0.0823 0.3928 0.0000
vt 0.0859 0.3928 0.0000
vt 0.0860 0.4091 0.0000
vt 0.0823 0.4091 0.0000
vt 0.0896 0.3928 0.0000
vt 0.0896 0.4091 0.0000
vt 0.0932 0.3928 0.0000
vt 0.0932 0.4091 0.0000
vt 0.0968 0.3928 0.0000
vt 0.0968 0.4091 0.0000
vt 0.0991 0.3928 0.0000
vt 0.1027 0.3928 0.0000
vt 0.1026 0.4091 0.0000
vt 0.0990 0.4091 0.0000
vt 0.9895 0.1827 0.0000
vt 0.9858 0.1824 0.0000
vt 0.9872 0.1772 0.0000
vt 0.9890 0.1774 0.0000
vt 0.9825 0.1808 0.0000
vt 0.9856 0.1764 0.0000
vt 0.9799 0.1782 0.0000
vt 0.9843 0.1751 0.0000
vt 0.9784 0.1749 0.0000
vt 0.9836 0.1735 0.0000
vt 0.9781 0.1712 0.0000
vt 0.9834 0.1717 0.0000
vt 0.9790 0.1677 0.0000
vt 0.9839 0.1700 0.0000
vt 0.9811 0.1647 0.0000
vt 0.9849 0.1685 0.0000
vt 0.9841 0.1626 0.0000
vt 0.9864 0.1675 0.0000
vt 0.9877 0.1616 0.0000
vt 0.9881 0.1670 0.0000
vt 0.9913 0.1620 0.0000
vt 0.9899 0.1671 0.0000
vt 0.9946 0.1635 0.0000
vt 0.9916 0.1679 0.0000
vt 0.9972 0.1661 0.0000
vt 0.9928 0.1692 0.0000
vt 0.9988 0.1694 0.0000
vt 0.9936 0.1708 0.0000
vt 0.9991 0.1731 0.0000
vt 0.9938 0.1726 0.0000
vt 0.9982 0.1766 0.0000
vt 0.9933 0.1744 0.0000
vt 0.9961 0.1796 0.0000
vt 0.9923 0.1758 0.0000
vt 0.9931 0.1818 0.0000
vt 0.9908 0.1769 0.0000
vt 0.9886 0.1722 0.0000
vt 0.5426 0.5516 0.0000
vt 0.5466 0.5516 0.0000
vt 0.5465 0.5679 0.0000
vt 0.5425 0.5679 0.0000
vt 0.5507 0.5516 0.0000
vt 0.5506 0.5679 0.0000
vt 0.8743 0.2051 0.0000
vt 0.8783 0.2051 0.0000
vt 0.8783 0.2214 0.0000
vt 0.8743 0.2214 0.0000
vt 0.8824 0.2051 0.0000
vt 0.8824 0.2214 0.0000
vt 0.8864 0.2051 0.0000
vt 0.8864 0.2214 0.0000
vt 0.8905 0.2051 0.0000
vt 0.8905 0.2214 0.0000
vt 0.8945 0.2051 0.0000
vt 0.8945 0.2214 0.0000
vt 0.8744 0.1874 0.0000
vt 0.8785 0.1874 0.0000
vt 0.8783 0.2037 0.0000
vt 0.8743 0.2037 0.0000
vt 0.8825 0.1875 0.0000
vt 0.8824 0.2038 0.0000
vt 0.8866 0.1875 0.0000
vt 0.8864 0.2038 0.0000
vt 0.8906 0.1875 0.0000
vt 0.8905 0.2038 0.0000
vt 0.8947 0.1876 0.0000
vt 0.8945 0.2039 0.0000
vt 0.9829 0.1397 0.0000
vt 0.9870 0.1397 0.0000
vt 0.9869 0.1560 0.0000
vt 0.9828 0.1560 0.0000
vt 0.9910 0.1397 0.0000
vt 0.9909 0.1560 0.0000
vt 0.9951 0.1398 0.0000
vt 0.9950 0.1561 0.0000
vt 0.9991 0.1398 0.0000
vt 0.9990 0.1561 0.0000
vt 0.5345 0.5515 0.0000
vt 0.5385 0.5515 0.0000
vt 0.5384 0.5678 0.0000
vt 0.5344 0.5678 0.0000
vt 0.9884 0.0532 0.0000
vt 0.9843 0.0529 0.0000
vt 0.9859 0.0471 0.0000
vt 0.9879 0.0473 0.0000
vt 0.9806 0.0512 0.0000
vt 0.9841 0.0463 0.0000
vt 0.9778 0.0483 0.0000
vt 0.9826 0.0448 0.0000
vt 0.9760 0.0446 0.0000
vt 0.9818 0.0430 0.0000
vt 0.9757 0.0405 0.0000
vt 0.9816 0.0410 0.0000
vt 0.9767 0.0365 0.0000
vt 0.9821 0.0391 0.0000
vt 0.9791 0.0332 0.0000
vt 0.9833 0.0374 0.0000
vt 0.9824 0.0308 0.0000
vt 0.9849 0.0362 0.0000
vt 0.9864 0.0298 0.0000
vt 0.9869 0.0357 0.0000
vt 0.9904 0.0301 0.0000
vt 0.9889 0.0359 0.0000
vt 0.9941 0.0319 0.0000
vt 0.9907 0.0368 0.0000
vt 0.9970 0.0348 0.0000
vt 0.9922 0.0382 0.0000
vt 0.9988 0.0385 0.0000
vt 0.9930 0.0400 0.0000
vt 0.9991 0.0425 0.0000
vt 0.9932 0.0420 0.0000
vt 0.9981 0.0465 0.0000
vt 0.9927 0.0440 0.0000
vt 0.9957 0.0498 0.0000
vt 0.9915 0.0456 0.0000
vt 0.9924 0.0522 0.0000
vt 0.9898 0.0468 0.0000
vt 0.9874 0.0415 0.0000
vt 0.9955 0.1124 0.0000
vt 0.9946 0.1111 0.0000
vt 0.9949 0.1095 0.0000
vt 0.9961 0.1086 0.0000
vt 0.9977 0.1087 0.0000
vt 0.9987 0.1097 0.0000
vt 0.9990 0.1110 0.0000
vt 0.9982 0.1123 0.0000
vt 0.9969 0.1130 0.0000
vt 0.9422 0.2112 0.0000
vt 0.9443 0.2112 0.0000
vt 0.9443 0.2192 0.0000
vt 0.9421 0.2192 0.0000
vt 0.9459 0.2112 0.0000
vt 0.9481 0.2112 0.0000
vt 0.9480 0.2192 0.0000
vt 0.9458 0.2192 0.0000
vt 0.9501 0.2112 0.0000
vt 0.9500 0.2192 0.0000
vt 0.9924 0.0537 0.0000
vt 0.9945 0.0537 0.0000
vt 0.9945 0.0617 0.0000
vt 0.9924 0.0618 0.0000
vt 0.9967 0.0537 0.0000
vt 0.9968 0.0617 0.0000
vt 0.9990 0.0537 0.0000
vt 0.9990 0.0617 0.0000
vt 0.9340 0.2111 0.0000
vt 0.9364 0.2112 0.0000
vt 0.9363 0.2192 0.0000
vt 0.9339 0.2192 0.0000
vt 0.9387 0.2112 0.0000
vt 0.9386 0.2192 0.0000
vt 0.9399 0.2112 0.0000
vt 0.9399 0.2192 0.0000
vt 0.9678 0.0357 0.0000
vt 0.9693 0.0356 0.0000
vt 0.9695 0.0415 0.0000
vt 0.9680 0.0415 0.0000
vt 0.0336 0.3967 0.0000
vt 0.0350 0.3968 0.0000
vt 0.0349 0.4026 0.0000
vt 0.0334 0.4026 0.0000
vt 0.0364 0.3968 0.0000
vt 0.0363 0.4026 0.0000
vt 0.9874 0.0037 0.0000
vt 0.9889 0.0037 0.0000
vt 0.9886 0.0096 0.0000
vt 0.9871 0.0095 0.0000
vt 0.9904 0.0038 0.0000
vt 0.9901 0.0097 0.0000
vt 0.9919 0.0039 0.0000
vt 0.9917 0.0097 0.0000
vt 0.9936 0.0037 0.0000
vt 0.9952 0.0037 0.0000
vt 0.9952 0.0095 0.0000
vt 0.9936 0.0096 0.0000
vt 0.9968 0.0037 0.0000
vt 0.9968 0.0096 0.0000
vt 0.9662 0.0357 0.0000
vt 0.9665 0.0416 0.0000
vt 0.9881 0.0138 0.0000
vt 0.9896 0.0140 0.0000
vt 0.9882 0.0181 0.0000
vt 0.9868 0.0178 0.0000
vt 0.9871 0.1027 0.0000
vt 0.9827 0.1022 0.0000
vt 0.9829 0.1006 0.0000
vt 0.9874 0.1011 0.0000
vt 0.0363 0.4108 0.0000
vt 0.0365 0.4141 0.0000
vt 0.0351 0.4142 0.0000
vt 0.0350 0.4109 0.0000
vt 0.9865 0.0216 0.0000
vt 0.9852 0.0210 0.0000
vt 0.9691 0.0319 0.0000
vt 0.9677 0.0320 0.0000
vt 0.0351 0.3931 0.0000
vt 0.0336 0.3931 0.0000
vt 0.0365 0.3931 0.0000
vt 0.9890 0.0001 0.0000
vt 0.9876 0.0000 0.0000
vt 0.9906 0.0001 0.0000
vt 0.9921 0.0002 0.0000
vt 0.9953 0.0000 0.0000
vt 0.9936 0.0000 0.0000
vt 0.9968 0.0000 0.0000
vt 0.9661 0.0320 0.0000
vt 0.9699 0.0456 0.0000
vt 0.9712 0.0495 0.0000
vt 0.9698 0.0499 0.0000
vt 0.9685 0.0458 0.0000
vt 0.0349 0.4067 0.0000
vt 0.0335 0.4108 0.0000
vt 0.0334 0.4067 0.0000
vt 0.0363 0.4067 0.0000
vt 0.9866 0.0135 0.0000
vt 0.9854 0.0174 0.0000
vt 0.9911 0.0142 0.0000
vt 0.9897 0.0185 0.0000
vt 0.9936 0.0141 0.0000
vt 0.9952 0.0140 0.0000
vt 0.9954 0.0185 0.0000
vt 0.9938 0.0186 0.0000
vt 0.9968 0.0140 0.0000
vt 0.9970 0.0185 0.0000
vt 0.9683 0.0502 0.0000
vt 0.9670 0.0460 0.0000
vt 0.9876 0.0590 0.0000
vt 0.9897 0.0576 0.0000
vt 0.9903 0.0586 0.0000
vt 0.9877 0.0602 0.0000
vt 0.9813 0.1058 0.0000
vt 0.9834 0.1056 0.0000
vt 0.9835 0.1068 0.0000
vt 0.9811 0.1071 0.0000
vt 0.9812 0.1047 0.0000
vt 0.9833 0.1046 0.0000
vt 0.9697 0.0263 0.0000
vt 0.9696 0.0276 0.0000
vt 0.9672 0.0262 0.0000
vt 0.9678 0.0252 0.0000
vt 0.9696 0.0290 0.0000
vt 0.9667 0.0272 0.0000
vt 0.9694 0.0304 0.0000
vt 0.9661 0.0282 0.0000
vt 0.9702 0.0991 0.0000
vt 0.9704 0.1003 0.0000
vt 0.9664 0.1009 0.0000
vt 0.9662 0.0996 0.0000
vt 0.9702 0.1017 0.0000
vt 0.9665 0.1021 0.0000
vt 0.9908 0.0596 0.0000
vt 0.9877 0.0616 0.0000
vt 0.9776 0.0579 0.0000
vt 0.9768 0.0590 0.0000
vt 0.9738 0.0563 0.0000
vt 0.9749 0.0555 0.0000
vt 0.9711 0.1059 0.0000
vt 0.9710 0.1074 0.0000
vt 0.9673 0.1072 0.0000
vt 0.9675 0.1057 0.0000
vt 0.9676 0.1044 0.0000
vt 0.9711 0.1045 0.0000
vt 0.9829 0.0239 0.0000
vt 0.9800 0.0265 0.0000
vt 0.9792 0.0255 0.0000
vt 0.9818 0.0230 0.0000
vt 0.9840 0.0249 0.0000
vt 0.9809 0.0277 0.0000
vt 0.9851 0.0258 0.0000
vt 0.9818 0.0289 0.0000
vt 0.9830 0.0990 0.0000
vt 0.9876 0.0995 0.0000
vt 0.9759 0.0602 0.0000
vt 0.9727 0.0572 0.0000
vt 0.9715 0.0532 0.0000
vt 0.9727 0.0526 0.0000
vt 0.0354 0.4176 0.0000
vt 0.0339 0.4178 0.0000
vt 0.0337 0.4142 0.0000
vt 0.0368 0.4175 0.0000
vt 0.9839 0.0203 0.0000
vt 0.9878 0.0223 0.0000
vt 0.9957 0.0226 0.0000
vt 0.9961 0.0270 0.0000
vt 0.9945 0.0272 0.0000
vt 0.9941 0.0228 0.0000
vt 0.9977 0.0268 0.0000
vt 0.9972 0.0226 0.0000
vt 0.9701 0.0538 0.0000
vt 0.9812 0.0594 0.0000
vt 0.9845 0.0597 0.0000
vt 0.9842 0.0610 0.0000
vt 0.9806 0.0606 0.0000
vt 0.9748 0.1059 0.0000
vt 0.9781 0.1059 0.0000
vt 0.9779 0.1071 0.0000
vt 0.9747 0.1075 0.0000
vt 0.9781 0.1048 0.0000
vt 0.9748 0.1044 0.0000
vt 0.9780 0.1036 0.0000
vt 0.9747 0.1030 0.0000
vt 0.9731 0.0298 0.0000
vt 0.9728 0.0283 0.0000
vt 0.9763 0.0281 0.0000
vt 0.9769 0.0294 0.0000
vt 0.9733 0.0313 0.0000
vt 0.9774 0.0309 0.0000
vt 0.9743 0.1002 0.0000
vt 0.9742 0.0989 0.0000
vt 0.9783 0.0986 0.0000
vt 0.9783 0.1003 0.0000
vt 0.9781 0.1019 0.0000
vt 0.9741 0.1015 0.0000
vt 0.9840 0.0624 0.0000
vt 0.9801 0.0620 0.0000
vt 0.9899 0.0237 0.0000
vt 0.9909 0.0242 0.0000
vt 0.9895 0.0266 0.0000
vt 0.9888 0.0257 0.0000
vt 0.9672 0.0020 0.0000
vt 0.9672 0.0001 0.0000
vt 0.9683 0.0000 0.0000
vt 0.9684 0.0023 0.0000
vt 0.9662 0.0000 0.0000
vt 0.9661 0.0021 0.0000
vt 0.9730 0.0330 0.0000
vt 0.9739 0.0325 0.0000
vt 0.9750 0.0342 0.0000
vt 0.9742 0.0351 0.0000
vt 0.9719 0.0333 0.0000
vt 0.9735 0.0361 0.0000
vt 0.9709 0.0337 0.0000
vt 0.9727 0.0370 0.0000
vt 0.9722 0.0382 0.0000
vt 0.9734 0.0383 0.0000
vt 0.9734 0.0420 0.0000
vt 0.9721 0.0421 0.0000
vt 0.9709 0.0418 0.0000
vt 0.9711 0.0383 0.0000
vt 0.9920 0.0245 0.0000
vt 0.9903 0.0276 0.0000
vt 0.9727 0.0272 0.0000
vt 0.9708 0.1031 0.0000
vt 0.9989 0.1131 0.0000
vt 0.9970 0.1140 0.0000
vt 0.9999 0.1112 0.0000
vt 0.9996 0.1092 0.0000
vt 0.9981 0.1078 0.0000
vt 0.9958 0.1077 0.0000
vt 0.9940 0.1089 0.0000
vt 0.9936 0.1113 0.0000
vt 0.9948 0.1132 0.0000
vt 0.9857 0.1120 0.0000
vt 0.9870 0.1126 0.0000
vt 0.9870 0.1137 0.0000
vt 0.9851 0.1127 0.0000
vt 0.9885 0.1121 0.0000
vt 0.9891 0.1128 0.0000
vt 0.9894 0.1108 0.0000
vt 0.9904 0.1109 0.0000
vt 0.9891 0.1092 0.0000
vt 0.9900 0.1086 0.0000
vt 0.9878 0.1083 0.0000
vt 0.9881 0.1074 0.0000
vt 0.9863 0.1083 0.0000
vt 0.9859 0.1074 0.0000
vt 0.9852 0.1094 0.0000
vt 0.9844 0.1089 0.0000
vt 0.9850 0.1107 0.0000
vt 0.9840 0.1109 0.0000
vt 0.9966 0.0309 0.0000
vt 0.9975 0.0313 0.0000
vt 0.9975 0.0314 0.0000
vt 0.9965 0.0309 0.0000
vt 0.9985 0.0309 0.0000
vt 0.9986 0.0310 0.0000
vt 0.9991 0.0301 0.0000
vt 0.9992 0.0301 0.0000
vt 0.9989 0.0289 0.0000
vt 0.9990 0.0289 0.0000
vt 0.9980 0.0285 0.0000
vt 0.9981 0.0284 0.0000
vt 0.9970 0.0285 0.0000
vt 0.9969 0.0284 0.0000
vt 0.9962 0.0291 0.0000
vt 0.9961 0.0291 0.0000
vt 0.9961 0.0300 0.0000
vt 0.9959 0.0300 0.0000
vt 0.2248 0.0207 0.0000
vt 0.2242 0.0198 0.0000
vt 0.2243 0.0197 0.0000
vt 0.2249 0.0207 0.0000
vt 0.2247 0.0063 0.0000
vt 0.2251 0.0052 0.0000
vt 0.2252 0.0052 0.0000
vt 0.2248 0.0063 0.0000
vt 0.2249 0.0041 0.0000
vt 0.2250 0.0041 0.0000
vt 0.2242 0.0033 0.0000
vt 0.2243 0.0032 0.0000
vt 0.9998 0.0213 0.0000
vt 0.9996 0.0225 0.0000
vt 0.9995 0.0225 0.0000
vt 0.9997 0.0213 0.0000
vt 0.9669 0.0987 0.0000
vt 0.9661 0.0996 0.0000
vt 0.9669 0.0986 0.0000
vt 0.9663 0.1009 0.0000
vt 0.9664 0.1021 0.0000
vt 0.2245 0.0218 0.0000
vt 0.2246 0.0219 0.0000
# 2534 texture coords

o Box012
g Box012
usemtl wire_088088225
s 8
f 1/1/1 2/2/1 3/3/1 4/4/1 
f 2/2/1 5/5/1 6/6/1 3/3/1 
f 7/7/1 8/8/1 3/3/1 6/6/1 
f 8/8/1 9/9/1 4/4/1 3/3/1 
f 10/10/2 11/11/3 12/12/4 13/13/5 
f 11/11/3 14/14/3 15/15/6 12/12/4 
f 16/16/7 17/17/7 12/18/4 15/19/6 
f 17/17/7 18/20/8 13/21/5 12/18/4 
f 18/20/8 17/17/7 19/22/9 20/23/10 
f 17/17/7 16/16/7 21/24/11 19/22/9 
f 22/25/12 23/26/13 19/22/9 21/24/11 
f 23/26/13 24/27/14 20/23/10 19/22/9 
f 25/28/15 26/29/15 27/30/16 28/31/16 
f 26/29/15 29/32/15 30/33/16 27/30/16 
f 31/34/17 32/35/18 27/36/16 30/37/16 
f 32/35/18 33/38/17 28/39/16 27/36/16 
f 33/38/17 32/35/18 34/40/19 35/41/19 
f 32/35/18 31/34/17 36/42/19 34/40/19 
f 37/43/20 38/44/20 34/40/19 36/42/19 
f 38/44/20 39/45/20 35/41/19 34/40/19 
f 40/46/21 41/47/22 42/48/23 43/49/24 
f 41/47/22 44/50/25 45/51/23 42/48/23 
f 46/52/26 47/53/27 42/54/23 45/55/23 
f 47/53/27 48/56/28 43/57/24 42/54/23 
f 48/56/28 47/53/27 49/58/29 50/59/30 
f 47/53/27 46/52/26 51/60/29 49/58/29 
f 52/61/31 53/62/32 49/58/29 51/60/29 
f 53/62/32 54/63/33 50/59/30 49/58/29 
f 55/64/34 56/65/35 57/66/36 58/67/36 
f 56/65/35 59/68/35 60/69/37 57/66/36 
f 61/70/38 62/71/39 57/72/36 60/73/37 
f 62/71/39 63/74/38 58/75/36 57/72/36 
f 63/74/38 62/71/39 64/76/40 65/77/40 
f 62/71/39 61/70/38 66/78/41 64/76/40 
f 67/79/42 68/80/42 64/76/40 66/78/41 
f 68/80/42 69/81/42 65/77/40 64/76/40 
f 70/82/43 71/83/44 72/84/45 73/85/45 
f 71/83/44 74/86/46 75/87/45 72/84/45 
f 76/88/47 77/89/47 72/90/45 75/91/45 
f 77/89/47 78/92/47 73/93/45 72/90/45 
f 78/92/47 77/89/47 79/94/42 80/95/42 
f 77/89/47 76/88/47 81/96/42 79/94/42 
f 82/97/41 83/98/41 79/94/42 81/96/42 
f 83/98/41 84/99/41 80/95/42 79/94/42 
f 85/100/48 86/101/49 87/102/50 88/103/51 
f 86/101/49 89/104/49 90/105/50 87/102/50 
f 91/106/52 92/107/53 87/108/50 90/109/50 
f 92/107/53 93/110/54 88/111/51 87/108/50 
f 93/110/54 92/107/53 94/112/31 95/113/55 
f 92/107/53 91/106/52 96/114/31 94/112/31 
f 97/115/29 98/116/29 94/112/31 96/114/31 
f 98/116/29 99/117/56 95/113/55 94/112/31 
f 100/118/57 101/119/58 102/120/59 103/121/59 
f 101/119/58 104/122/58 105/123/59 102/120/59 
f 106/124/60 107/125/61 102/126/59 105/127/59 
f 107/125/61 108/128/60 103/129/59 102/126/59 
f 108/128/60 107/125/61 109/130/20 110/131/62 
f 107/125/61 106/124/60 111/132/20 109/130/20 
f 112/133/19 113/134/63 109/130/20 111/132/20 
f 113/134/63 114/135/63 110/131/62 109/130/20 
f 115/136/64 116/137/65 117/138/66 118/139/67 
f 116/137/65 119/140/68 120/141/69 117/138/66 
f 121/142/70 122/143/71 117/144/66 120/145/69 
f 122/143/71 123/146/72 118/147/67 117/144/66 
f 123/146/72 122/143/71 124/148/12 125/149/73 
f 122/143/71 121/142/70 126/150/13 124/148/12 
f 127/151/11 128/152/11 124/148/12 126/150/13 
f 128/152/11 129/153/74 125/149/73 124/148/12 
f 130/154/75 131/155/76 132/156/77 133/157/78 
f 131/155/76 134/158/76 135/159/77 132/156/77 
f 136/160/1 137/161/1 132/156/77 135/159/77 
f 137/161/1 138/162/1 133/157/78 132/156/77 
f 139/163/79 140/164/65 141/165/80 142/166/81 
f 140/164/65 143/167/68 144/168/82 141/165/80 
f 145/169/1 146/170/1 141/165/80 144/168/82 
f 146/170/1 147/171/1 142/166/81 141/165/80 
f 148/172/83 149/173/22 150/174/84 151/175/85 
f 149/173/22 152/176/25 153/177/86 150/174/84 
f 154/178/87 155/179/87 150/174/84 153/177/86 
f 155/179/87 156/180/88 151/175/85 150/174/84 
f 157/181/89 158/182/90 159/183/91 160/184/92 
f 158/182/90 161/185/3 162/186/93 159/183/91 
f 163/187/94 164/188/87 159/183/91 162/186/93 
f 164/188/87 165/189/95 160/184/92 159/183/91 
f 166/190/58 167/191/58 168/192/96 169/193/97 
f 167/191/58 170/194/58 171/195/96 168/192/96 
f 5/5/1 2/2/1 168/192/96 171/195/96 
f 2/2/1 1/1/1 169/193/97 168/192/96 
f 172/196/44 173/197/46 174/198/98 175/199/98 
f 173/197/46 176/200/46 177/201/99 174/198/98 
f 178/202/1 179/203/1 174/198/98 177/201/99 
f 179/203/1 180/204/1 175/199/98 174/198/98 
f 181/205/35 182/206/34 183/207/100 184/208/100 
f 182/206/34 185/209/35 186/210/100 183/207/100 
f 187/211/101 188/212/15 189/213/102 190/214/103 
f 188/212/15 191/215/15 192/216/102 189/213/102 
f 193/217/104 194/218/104 189/213/102 192/216/102 
f 194/218/104 195/219/105 190/214/103 189/213/102 
f 196/220/106 197/221/1 198/222/107 199/223/108 
f 200/224/109 201/225/1 202/226/80 203/227/110 
f 204/228/111 205/229/87 206/230/112 207/231/113 
f 208/232/114 209/233/94 210/234/115 211/235/116 
f 54/63/33 212/236/117 213/237/118 50/59/30 
f 99/117/56 214/238/119 215/239/120 95/113/55 
f 24/27/14 216/240/121 217/241/122 20/23/10 
f 129/153/74 218/242/123 219/243/124 125/149/73 
f 138/162/1 220/244/125 221/245/126 133/157/78 
f 147/171/1 222/246/127 223/247/128 142/166/81 
f 156/180/88 224/248/129 225/249/130 151/175/85 
f 165/189/95 226/250/131 227/251/132 160/184/92 
f 228/252/1 229/253/1 230/254/1 231/255/1 
f 229/253/1 147/171/1 146/170/1 230/254/1 
f 145/169/1 232/256/1 230/254/1 146/170/1 
f 232/256/1 233/257/1 231/255/1 230/254/1 
f 234/258/1 235/259/1 236/260/1 237/261/1 
f 235/259/1 138/162/1 137/161/1 236/260/1 
f 136/160/1 238/262/1 236/260/1 137/161/1 
f 238/262/1 239/263/1 237/261/1 236/260/1 
f 240/264/133 241/265/87 242/266/87 243/267/134 
f 241/265/87 165/189/95 164/188/87 242/266/87 
f 163/187/94 244/268/87 242/266/87 164/188/87 
f 244/268/87 245/269/134 243/267/134 242/266/87 
f 246/270/135 247/271/94 248/272/87 249/273/136 
f 247/271/94 156/180/88 155/179/87 248/272/87 
f 154/178/87 250/274/94 248/272/87 155/179/87 
f 250/274/94 251/275/136 249/273/136 248/272/87 
f 187/211/101 252/276/137 253/277/138 254/278/16 
f 255/279/139 256/280/140 253/281/138 257/282/141 
f 256/280/140 258/283/17 254/284/16 253/281/138 
f 33/38/17 259/285/142 260/286/143 28/39/16 
f 259/285/142 261/287/144 262/288/145 260/286/143 
f 263/289/146 25/28/15 28/31/16 260/290/143 
f 258/283/17 256/280/140 264/291/147 114/135/63 
f 256/280/140 255/279/139 265/292/148 264/291/147 
f 261/287/144 259/285/142 266/293/149 267/294/150 
f 259/285/142 33/38/17 35/41/19 266/293/149 
f 181/205/35 268/295/151 269/296/152 270/297/37 
f 271/298/153 272/299/154 269/300/152 273/301/155 
f 272/299/154 274/302/38 270/303/37 269/300/152 
f 63/74/38 275/304/156 276/305/157 58/75/36 
f 275/304/156 277/306/158 278/307/159 276/305/157 
f 279/308/160 55/64/34 58/67/36 276/309/157 
f 274/302/38 272/299/154 280/310/161 84/99/41 
f 272/299/154 271/298/153 281/311/162 280/310/161 
f 277/306/158 275/304/156 282/312/163 283/313/164 
f 275/304/156 63/74/38 65/77/40 282/312/163 
f 172/196/44 284/314/165 285/315/166 286/316/45 
f 287/317/167 288/318/168 285/319/166 289/320/169 
f 288/318/168 290/321/47 286/322/45 285/319/166 
f 78/92/47 291/323/170 292/324/171 73/93/45 
f 291/323/170 293/325/172 294/326/173 292/324/171 
f 295/327/174 70/82/43 73/85/45 292/328/171 
f 290/321/47 288/318/168 296/329/175 69/81/42 
f 288/318/168 287/317/167 297/330/176 296/329/175 
f 283/313/164 282/312/163 296/329/175 297/330/176 
f 282/312/163 65/77/40 69/81/42 296/329/175 
f 84/99/41 280/310/161 298/331/177 80/95/42 
f 280/310/161 281/311/162 299/332/178 298/331/177 
f 293/325/172 291/323/170 298/331/177 299/332/178 
f 291/323/170 78/92/47 80/95/42 298/331/177 
f 166/190/58 300/333/179 301/334/180 302/335/181 
f 303/336/182 304/337/183 301/338/180 305/339/184 
f 304/337/183 306/340/60 302/341/181 301/338/180 
f 108/128/60 307/342/185 308/343/186 103/129/59 
f 307/342/185 309/344/187 310/345/188 308/343/186 
f 311/346/189 100/118/57 103/121/59 308/347/186 
f 306/340/60 304/337/183 312/348/190 39/45/20 
f 304/337/183 303/336/182 313/349/191 312/348/190 
f 267/294/150 266/293/149 312/348/190 313/349/191 
f 266/293/149 35/41/19 39/45/20 312/348/190 
f 114/135/63 264/291/147 314/350/192 110/131/62 
f 264/291/147 265/292/148 315/351/193 314/350/192 
f 309/344/187 307/342/185 314/350/192 315/351/193 
f 307/342/185 108/128/60 110/131/62 314/350/192 
f 100/118/57 311/346/189 316/352/194 317/353/96 
f 147/171/1 229/253/1 316/352/194 222/246/127 
f 229/253/1 228/252/1 317/353/96 316/352/194 
f 300/333/179 166/190/58 169/193/97 318/354/195 
f 138/162/1 235/259/1 319/355/196 220/244/125 
s 1
f 235/259/1 234/258/1 320/356/197 319/355/196 
s 8
f 284/314/165 172/196/44 175/199/98 321/357/198 
f 55/64/34 279/308/160 322/358/199 323/359/200 
f 165/189/95 241/265/87 322/358/199 226/250/131 
f 241/265/87 240/264/133 323/359/200 322/358/199 
f 268/295/151 181/205/35 184/208/100 324/360/201 
f 25/28/15 263/289/146 325/361/202 326/362/102 
f 156/180/88 247/271/94 325/361/202 224/248/129 
f 247/271/94 246/270/135 326/362/102 325/361/202 
f 252/276/137 187/211/101 190/214/103 327/363/203 
f 1/1/1 328/364/1 318/354/195 169/193/97 
f 328/364/1 197/221/1 196/220/106 318/354/195 
f 180/204/1 329/365/1 321/357/198 175/199/98 
f 329/365/1 201/225/1 200/224/109 321/357/198 
f 195/219/105 330/366/87 327/363/203 190/214/103 
f 330/366/87 209/233/94 208/232/114 327/363/203 
s 1
f 331/367/204 332/368/205 333/369/206 334/370/207 
f 332/368/205 335/371/208 336/372/206 333/369/206 
f 337/373/209 338/374/210 339/375/211 340/376/212 
f 338/374/210 341/377/210 342/378/213 339/375/211 
f 343/379/214 344/380/215 345/381/216 346/382/217 
f 344/380/215 347/383/218 348/384/219 345/381/216 
f 349/385/220 350/386/221 351/387/222 352/388/223 
f 350/386/221 353/389/221 354/390/222 351/387/222 
s 2
f 346/391/217 355/392/224 356/393/225 357/394/213 
f 334/395/207 358/396/226 359/397/227 360/398/222 
f 361/399/225 362/400/213 357/394/213 356/393/225 
f 363/401/227 364/402/222 360/398/222 359/397/227 
f 365/403/228 366/404/229 332/405/205 331/406/204 
f 366/404/229 367/407/230 335/408/208 332/405/205 
s 4
f 240/409/133 243/410/134 338/411/210 337/412/209 
f 243/410/134 245/413/134 341/414/210 338/411/210 
s 2
f 195/415/105 194/416/104 344/417/215 343/418/214 
f 194/416/104 193/419/104 347/420/218 344/417/215 
s 4
f 246/421/135 249/422/136 350/423/221 349/424/220 
f 249/422/136 251/425/136 353/426/221 350/423/221 
s 8
f 358/427/226 368/428/231 369/429/232 370/430/233 
f 368/428/231 371/431/234 372/432/235 369/429/232 
f 373/433/236 374/434/225 375/435/237 376/436/238 
f 374/434/225 377/437/225 378/438/239 375/435/237 
f 355/439/224 379/440/240 380/441/241 381/442/242 
f 379/440/240 382/443/243 383/444/244 380/441/241 
f 384/445/245 385/446/227 386/447/246 387/448/247 
f 385/446/227 388/449/227 389/450/248 386/447/246 
f 390/451/249 391/452/250 392/453/251 393/454/252 
f 391/455/250 394/456/253 395/457/254 392/458/251 
f 396/459/255 397/460/256 398/461/257 399/462/258 
f 397/463/256 400/464/259 401/465/260 398/466/257 
f 402/467/261 403/468/262 404/469/263 405/470/264 
f 403/471/262 406/472/265 407/473/266 404/474/263 
f 271/298/153 273/301/155 404/474/263 407/473/266 
f 408/475/267 409/476/268 410/477/269 411/478/270 
f 409/479/268 412/480/271 413/481/272 410/482/269 
f 414/483/273 415/484/274 416/485/275 417/486/276 
f 415/487/274 418/488/277 419/489/278 416/490/275 
f 420/491/279 421/492/280 422/493/281 423/494/282 
f 421/495/280 424/496/283 425/497/284 422/498/281 
f 426/499/285 427/500/286 428/501/287 429/502/288 
f 297/330/176 429/502/288 428/501/287 283/313/164 
f 299/332/178 281/311/162 430/503/289 431/504/290 
f 432/505/291 431/504/290 430/503/289 433/506/292 
f 434/507/293 435/508/294 436/509/295 437/510/296 
f 435/511/294 438/512/297 439/513/298 436/514/295 
f 303/336/182 305/339/184 436/514/295 439/513/298 
f 440/515/299 441/516/300 442/517/301 443/518/302 
f 441/519/300 444/520/303 445/521/304 442/522/301 
f 446/523/305 447/524/306 448/525/307 449/526/308 
f 313/349/191 449/526/308 448/525/307 267/294/150 
f 315/351/193 265/292/148 450/527/309 451/528/310 
f 452/529/311 451/528/310 450/527/309 453/530/312 
f 412/480/271 409/479/268 454/531/313 455/532/314 
f 409/533/268 408/534/267 456/535/315 454/536/313 
f 391/452/250 390/451/249 457/537/316 458/538/317 
f 400/464/259 397/463/256 459/539/318 460/540/319 
f 397/541/256 396/542/255 461/543/320 459/544/318 
f 403/468/262 402/467/261 462/545/321 463/546/322 
f 424/496/283 421/495/280 464/547/323 465/548/324 
f 421/549/280 420/550/279 466/551/325 464/552/323 
f 435/508/294 434/507/293 467/553/326 468/554/327 
f 432/555/291 433/556/292 213/237/118 212/236/117 
f 446/557/305 215/239/120 214/238/119 447/558/306 
f 444/520/303 441/519/300 469/559/328 470/560/329 
f 441/561/300 440/562/299 471/563/330 469/564/328 
f 415/484/274 414/483/273 472/565/331 473/566/332 
f 452/567/311 453/568/312 217/241/122 216/240/121 
f 426/569/285 219/243/124 218/242/123 427/570/286 
f 474/571/1 475/572/1 476/573/1 477/574/1 
f 475/572/1 478/575/1 479/576/1 476/573/1 
f 480/577/1 481/578/1 476/573/1 479/576/1 
f 481/578/1 482/579/1 477/574/1 476/573/1 
s 1
f 483/580/333 484/581/334 485/582/335 486/583/336 
s 8
f 487/584/3 488/585/90 489/586/6 490/587/6 
f 488/585/90 161/185/3 491/588/6 489/586/6 
f 492/589/337 493/590/337 489/591/6 491/592/6 
f 493/590/337 494/593/7 490/594/6 489/591/6 
f 494/593/7 493/590/337 495/595/11 496/596/11 
f 493/590/337 492/589/337 127/151/11 495/595/11 
f 126/150/13 497/597/13 495/595/11 127/151/11 
f 497/597/13 498/598/13 496/596/11 495/595/11 
f 499/599/25 500/600/25 501/601/23 502/602/23 
f 500/600/25 152/176/25 503/603/23 501/601/23 
f 504/604/27 505/605/26 501/606/23 503/607/23 
f 505/605/26 506/608/26 502/609/23 501/606/23 
f 506/608/26 505/605/26 507/610/29 508/611/29 
f 505/605/26 504/604/27 97/115/29 507/610/29 
f 96/114/31 509/612/31 507/610/29 97/115/29 
f 509/612/31 510/613/31 508/611/29 507/610/29 
f 511/614/49 512/615/49 513/616/50 514/617/50 
f 512/615/49 134/158/76 515/618/50 513/616/50 
f 516/619/52 517/620/53 513/621/50 515/622/50 
f 517/620/53 518/623/52 514/624/50 513/621/50 
f 518/623/52 517/620/53 519/625/31 510/613/31 
f 517/620/53 516/619/52 52/61/31 519/625/31 
f 51/60/29 520/626/29 519/625/31 52/61/31 
f 520/626/29 508/611/29 510/613/31 519/625/31 
f 521/627/68 522/628/68 523/629/69 524/630/69 
f 522/628/68 143/167/68 525/631/69 523/629/69 
f 526/632/70 527/633/71 523/634/69 525/635/69 
f 527/633/71 528/636/70 524/637/69 523/634/69 
f 528/636/70 527/633/71 529/638/12 498/598/13 
f 527/633/71 526/632/70 22/25/12 529/638/12 
f 21/24/11 530/639/11 529/638/12 22/25/12 
f 530/639/11 496/596/11 498/598/13 529/638/12 
f 511/614/49 531/640/49 532/641/77 533/642/77 
f 531/640/49 89/104/49 534/643/77 532/641/77 
f 535/644/1 536/645/1 532/641/77 534/643/77 
f 536/645/1 537/646/1 533/642/77 532/641/77 
f 521/627/68 538/647/68 539/648/82 540/649/82 
f 538/647/68 119/140/68 541/650/82 539/648/82 
f 542/651/1 543/652/1 539/648/82 541/650/82 
f 543/652/1 544/653/1 540/649/82 539/648/82 
f 499/599/25 545/654/22 546/655/84 547/656/86 
f 545/654/22 44/50/25 548/657/86 546/655/84 
f 549/658/87 550/659/88 546/655/84 548/657/86 
f 550/659/88 551/660/87 547/656/86 546/655/84 
f 487/584/3 552/661/90 553/662/92 554/663/93 
f 552/661/90 14/14/3 555/664/338 553/662/92 
f 556/665/95 557/666/87 553/662/92 555/664/338 
f 557/666/87 558/667/94 554/663/93 553/662/92 
f 544/653/1 543/652/1 559/668/1 560/669/1 
f 543/652/1 542/651/1 561/670/1 559/668/1 
f 478/575/1 475/572/1 559/668/1 561/670/1 
f 475/572/1 474/571/1 560/669/1 559/668/1 
f 537/646/1 536/645/1 562/671/1 563/672/1 
f 536/645/1 535/644/1 564/673/1 562/671/1 
f 9/9/1 565/674/1 562/671/1 564/673/1 
f 565/674/1 566/675/1 563/672/1 562/671/1 
f 558/667/94 557/666/87 567/676/87 568/677/88 
f 557/666/87 556/665/95 569/678/87 567/676/87 
f 570/679/134 571/680/134 567/676/87 569/678/87 
f 571/680/134 572/681/134 568/677/88 567/676/87 
f 551/660/87 550/659/88 573/682/87 574/683/95 
f 550/659/88 549/658/87 575/684/95 573/682/87 
f 576/685/136 577/686/136 573/682/87 575/684/95 
f 577/686/136 578/687/339 574/683/95 573/682/87 
s 1
f 579/688/340 580/689/340 581/690/213 582/691/213 
f 580/689/340 583/692/210 362/693/213 581/690/213 
f 584/694/341 585/695/221 586/696/342 587/697/343 
f 585/695/221 588/698/221 364/699/222 586/696/342 
s 2
f 589/700/225 590/701/225 591/702/213 582/703/213 
f 590/701/225 377/704/225 342/705/213 591/702/213 
f 592/706/344 593/707/227 594/708/222 587/709/343 
f 593/707/227 388/710/227 354/711/222 594/708/222 
s 4
f 572/712/134 571/713/134 580/714/340 579/715/340 
f 571/713/134 570/716/134 583/717/210 580/714/340 
f 578/718/339 577/719/136 585/720/221 584/721/341 
f 577/719/136 576/722/136 588/723/221 585/720/221 
s 8
f 589/724/225 595/725/225 596/726/345 597/727/346 
f 595/725/225 361/728/225 598/729/347 596/726/345 
f 592/730/344 599/731/348 600/732/349 601/733/350 
f 599/731/348 363/734/227 602/735/351 600/732/349 
f 233/257/1 603/736/1 604/737/1 605/738/1 
f 603/736/1 474/571/1 477/574/1 604/737/1 
f 482/579/1 606/739/1 604/737/1 477/574/1 
f 606/739/1 607/740/1 605/738/1 604/737/1 
f 14/14/3 552/661/90 608/741/6 15/15/6 
f 552/661/90 487/584/3 490/587/6 608/741/6 
f 494/593/7 609/742/337 608/743/6 490/594/6 
f 609/742/337 16/16/7 15/19/6 608/743/6 
f 16/16/7 609/742/337 530/639/11 21/24/11 
f 609/742/337 494/593/7 496/596/11 530/639/11 
f 44/50/25 545/654/22 610/744/23 45/51/23 
f 545/654/22 499/599/25 502/602/23 610/744/23 
f 506/608/26 611/745/27 610/746/23 502/609/23 
f 611/745/27 46/52/26 45/55/23 610/746/23 
f 46/52/26 611/745/27 520/626/29 51/60/29 
f 611/745/27 506/608/26 508/611/29 520/626/29 
f 89/104/49 531/640/49 612/747/50 90/105/50 
f 531/640/49 511/614/49 514/617/50 612/747/50 
f 518/623/52 613/748/53 612/749/50 514/624/50 
f 613/748/53 91/106/52 90/109/50 612/749/50 
f 91/106/52 613/748/53 509/612/31 96/114/31 
f 613/748/53 518/623/52 510/613/31 509/612/31 
f 119/140/68 538/647/68 614/750/69 120/141/69 
f 538/647/68 521/627/68 524/630/69 614/750/69 
f 528/636/70 615/751/71 614/752/69 524/637/69 
f 615/751/71 121/142/70 120/145/69 614/752/69 
f 121/142/70 615/751/71 497/597/13 126/150/13 
f 615/751/71 528/636/70 498/598/13 497/597/13 
f 134/158/76 512/615/49 616/753/77 135/159/77 
f 512/615/49 511/614/49 533/642/77 616/753/77 
f 537/646/1 617/754/1 616/753/77 533/642/77 
f 617/754/1 136/160/1 135/159/77 616/753/77 
f 143/167/68 522/628/68 618/755/82 144/168/82 
f 522/628/68 521/627/68 540/649/82 618/755/82 
f 544/653/1 619/756/1 618/755/82 540/649/82 
f 619/756/1 145/169/1 144/168/82 618/755/82 
f 152/176/25 500/600/25 620/757/84 153/177/86 
f 500/600/25 499/599/25 547/656/86 620/757/84 
f 551/660/87 621/758/87 620/757/84 547/656/86 
f 621/758/87 154/178/87 153/177/86 620/757/84 
f 161/185/3 488/585/90 622/759/91 162/186/93 
f 488/585/90 487/584/3 554/663/93 622/759/91 
f 558/667/94 623/760/94 622/759/91 554/663/93 
f 623/760/94 163/187/94 162/186/93 622/759/91 
f 145/169/1 619/756/1 624/761/1 232/256/1 
f 619/756/1 544/653/1 560/669/1 624/761/1 
f 474/571/1 603/736/1 624/761/1 560/669/1 
f 603/736/1 233/257/1 232/256/1 624/761/1 
f 136/160/1 617/754/1 625/762/1 238/262/1 
f 617/754/1 537/646/1 563/672/1 625/762/1 
f 566/675/1 626/763/1 625/762/1 563/672/1 
f 626/763/1 239/263/1 238/262/1 625/762/1 
f 163/187/94 623/760/94 627/764/87 244/268/87 
f 623/760/94 558/667/94 568/677/88 627/764/87 
f 572/681/134 628/765/134 627/764/87 568/677/88 
f 628/765/134 245/269/134 244/268/87 627/764/87 
f 154/178/87 621/758/87 629/766/87 250/274/94 
f 621/758/87 551/660/87 574/683/95 629/766/87 
f 578/687/339 630/767/136 629/766/87 574/683/95 
f 630/767/136 251/275/136 250/274/94 629/766/87 
s 1
f 341/377/210 631/768/210 591/769/213 342/378/213 
f 631/768/210 579/688/340 582/691/213 591/769/213 
f 353/389/221 632/770/341 594/771/222 354/390/222 
f 632/770/341 584/694/341 587/697/343 594/771/222 
s 2
f 361/399/225 595/772/225 581/773/213 362/400/213 
f 595/772/225 589/700/225 582/703/213 581/773/213 
f 363/401/227 599/774/348 586/775/342 364/402/222 
f 599/774/348 592/706/344 587/709/343 586/775/342 
s 4
f 245/413/134 628/776/134 631/777/210 341/414/210 
f 628/776/134 572/712/134 579/715/340 631/777/210 
f 251/425/136 630/778/136 632/779/341 353/426/221 
f 630/778/136 578/718/339 584/721/341 632/779/341 
s 8
f 377/437/225 590/780/225 633/781/352 378/438/239 
f 590/780/225 589/724/225 597/727/346 633/781/352 
f 388/449/227 593/782/227 634/783/353 389/450/248 
f 593/782/227 592/730/344 601/733/350 634/783/353 
f 478/575/1 635/784/1 636/785/1 479/576/1 
f 635/784/1 180/204/1 179/203/1 636/785/1 
f 178/202/1 637/786/1 636/785/1 179/203/1 
f 637/786/1 480/577/1 479/576/1 636/785/1 
f 161/185/3 158/182/90 638/787/6 491/588/6 
f 158/182/90 157/181/89 639/788/354 638/787/6 
f 640/789/355 641/790/7 638/791/6 639/792/354 
f 641/790/7 492/589/337 491/592/6 638/791/6 
f 492/589/337 641/790/7 128/152/11 127/151/11 
f 641/790/7 640/789/355 129/153/74 128/152/11 
f 152/176/25 149/173/22 642/793/23 503/603/23 
f 149/173/22 148/172/83 643/794/356 642/793/23 
f 644/795/357 645/796/26 642/797/23 643/798/356 
f 645/796/26 504/604/27 503/607/23 642/797/23 
f 504/604/27 645/796/26 98/116/29 97/115/29 
f 645/796/26 644/795/357 99/117/56 98/116/29 
f 134/158/76 131/155/76 646/799/358 515/618/50 
f 131/155/76 130/154/75 647/800/359 646/799/358 
f 648/801/360 649/802/52 646/803/358 647/804/359 
f 649/802/52 516/619/52 515/622/50 646/803/358 
f 516/619/52 649/802/52 53/62/32 52/61/31 
f 649/802/52 648/801/360 54/63/33 53/62/32 
f 143/167/68 140/164/65 650/805/66 525/631/69 
f 140/164/65 139/163/79 651/806/361 650/805/66 
f 652/807/362 653/808/71 650/809/66 651/810/361 
f 653/808/71 526/632/70 525/635/69 650/809/66 
f 526/632/70 653/808/71 23/26/13 22/25/12 
f 653/808/71 652/807/362 24/27/14 23/26/13 
f 89/104/49 86/101/49 654/811/77 534/643/77 
f 86/101/49 85/100/48 198/222/107 654/811/77 
f 197/221/1 655/812/1 654/811/77 198/222/107 
f 655/812/1 535/644/1 534/643/77 654/811/77 
f 119/140/68 116/137/65 656/813/82 541/650/82 
f 116/137/65 115/136/64 202/226/80 656/813/82 
f 201/225/1 657/814/1 656/813/82 202/226/80 
f 657/814/1 542/651/1 541/650/82 656/813/82 
f 44/50/25 41/47/22 658/815/84 548/657/86 
f 41/47/22 40/46/21 206/230/112 658/815/84 
f 205/229/87 659/816/87 658/815/84 206/230/112 
f 659/816/87 549/658/87 548/657/86 658/815/84 
f 14/14/3 11/11/3 660/817/91 555/664/338 
f 11/11/3 10/10/2 210/234/115 660/817/91 
f 209/233/94 661/818/87 660/817/91 210/234/115 
f 661/818/87 556/665/95 555/664/338 660/817/91 
f 542/651/1 657/814/1 662/819/1 561/670/1 
f 657/814/1 201/225/1 329/365/1 662/819/1 
f 180/204/1 635/784/1 662/819/1 329/365/1 
f 635/784/1 478/575/1 561/670/1 662/819/1 
f 535/644/1 655/812/1 663/820/1 564/673/1 
f 655/812/1 197/221/1 328/364/1 663/820/1 
f 1/1/1 4/4/1 663/820/1 328/364/1 
f 4/4/1 9/9/1 564/673/1 663/820/1 
f 556/665/95 661/818/87 664/821/87 569/678/87 
f 661/818/87 209/233/94 330/366/87 664/821/87 
f 195/219/105 665/822/134 664/821/87 330/366/87 
f 665/822/134 570/679/134 569/678/87 664/821/87 
f 549/658/87 659/816/87 666/823/87 575/684/95 
f 659/816/87 205/229/87 667/824/94 666/823/87 
f 365/825/228 668/826/136 666/823/87 667/824/94 
f 668/826/136 576/685/136 575/684/95 666/823/87 
s 1
f 583/692/210 669/827/210 357/828/213 362/693/213 
f 669/827/210 343/379/214 346/382/217 357/828/213 
f 588/698/221 670/829/221 360/830/222 364/699/222 
f 670/829/221 331/367/204 334/370/207 360/830/222 
s 2
f 377/704/225 374/831/225 339/832/211 342/705/213 
f 374/831/225 373/833/236 340/834/212 339/832/211 
f 388/710/227 385/835/227 351/836/222 354/711/222 
f 385/835/227 384/837/245 352/838/223 351/836/222 
s 4
f 570/716/134 665/839/134 669/840/210 583/717/210 
f 665/839/134 195/841/105 343/842/214 669/840/210 
f 576/722/136 668/843/136 670/844/221 588/723/221 
f 668/843/136 365/845/228 331/846/204 670/844/221 
s 8
f 361/728/225 356/847/225 671/848/363 598/729/347 
f 356/847/225 355/439/224 381/442/242 671/848/363 
f 363/734/227 359/849/227 672/850/364 602/735/351 
f 359/849/227 358/427/226 370/430/233 672/850/364 
f 673/851/1 674/852/1 675/853/1 676/854/1 
f 674/852/1 677/855/1 678/856/1 675/853/1 
f 607/740/1 679/857/1 675/853/1 678/856/1 
f 679/857/1 680/858/1 676/854/1 675/853/1 
f 681/859/15 682/860/101 683/861/16 684/862/16 
f 682/860/101 191/215/15 685/863/16 683/861/16 
f 686/864/17 687/865/18 683/866/16 685/867/16 
f 687/865/18 688/868/17 684/869/16 683/866/16 
f 688/868/17 687/865/18 689/870/19 690/871/19 
f 687/865/18 686/864/17 112/133/19 689/870/19 
f 111/132/20 691/872/20 689/870/19 112/133/19 
f 691/872/20 692/873/20 690/871/19 689/870/19 
f 693/874/35 694/875/34 695/876/37 696/877/37 
f 694/875/34 185/209/35 697/878/37 695/876/37 
f 698/879/38 699/880/38 695/881/37 697/882/37 
f 699/880/38 700/883/38 696/884/37 695/881/37 
f 700/883/38 699/880/38 701/885/41 702/886/41 
f 699/880/38 698/879/38 82/97/41 701/885/41 
f 81/96/42 703/887/42 701/885/41 82/97/41 
f 703/887/42 704/888/42 702/886/41 701/885/41 
f 705/889/46 706/890/44 707/891/45 708/892/45 
f 706/890/44 176/200/46 709/893/45 707/891/45 
f 710/894/47 711/895/365 707/896/45 709/897/45 
f 711/895/365 712/898/47 708/899/45 707/896/45 
f 712/898/47 711/895/365 713/900/42 704/888/42 
f 711/895/365 710/894/47 67/79/42 713/900/42 
f 66/78/41 714/901/41 713/900/42 67/79/42 
f 714/901/41 702/886/41 704/888/42 713/900/42 
f 715/902/58 716/903/366 717/904/59 718/905/59 
f 716/903/366 170/194/58 719/906/59 717/904/59 
f 720/907/60 721/908/61 717/909/59 719/910/59 
f 721/908/61 722/911/60 718/912/59 717/909/59 
f 722/911/60 721/908/61 723/913/20 692/873/20 
f 721/908/61 720/907/60 37/43/20 723/913/20 
f 36/42/19 724/914/19 723/913/20 37/43/20 
f 724/914/19 690/871/19 692/873/20 723/913/20 
f 715/902/58 725/915/366 726/916/96 727/917/96 
f 725/915/366 104/122/58 728/918/96 726/916/96 
f 677/855/1 674/852/1 726/916/96 728/918/96 
f 674/852/1 673/851/1 727/917/96 726/916/96 
f 705/889/46 729/919/44 730/920/99 731/921/99 
f 729/919/44 74/86/46 732/922/99 730/920/99 
f 733/923/1 734/924/1 730/920/99 732/922/99 
f 734/924/1 735/925/1 731/921/99 730/920/99 
f 693/874/35 736/926/34 737/927/100 738/928/100 
f 736/926/34 59/68/35 739/929/100 737/927/100 
f 681/859/15 740/930/101 741/931/102 742/932/102 
f 740/930/101 29/32/15 743/933/102 741/931/102 
f 744/934/104 745/935/104 741/931/102 743/933/102 
f 745/935/104 746/936/104 742/932/102 741/931/102 
s 1
f 747/937/367 748/938/368 749/939/369 750/940/369 
f 748/938/368 751/941/370 752/942/369 749/939/369 
f 753/943/371 754/944/372 755/945/219 756/946/219 
f 754/944/372 757/947/373 758/948/374 755/945/219 
s 2
f 759/949/230 760/950/230 748/951/368 747/952/367 
f 760/950/230 761/953/230 751/954/370 748/951/368 
f 746/955/104 745/956/104 754/957/372 753/958/371 
f 745/956/104 744/959/104 757/960/373 754/957/372 
s 8
f 762/961/375 763/962/376 764/963/377 765/964/378 
f 763/962/376 766/965/379 767/966/380 764/963/377 
f 768/967/381 769/968/382 770/969/383 771/970/384 
f 769/968/382 772/971/385 773/972/386 770/969/383 
f 774/973/1 775/974/1 776/975/1 777/976/1 
f 775/974/1 778/977/1 779/978/1 776/975/1 
f 780/979/1 781/980/1 776/975/1 779/978/1 
f 781/980/1 782/981/1 777/976/1 776/975/1 
s 1
f 783/982/387 784/983/388 785/984/389 786/985/390 
f 787/986/391 788/987/392 789/988/393 790/989/394 
f 791/990/395 792/991/87 786/985/390 785/984/389 
s 8
f 782/981/1 781/980/1 793/992/1 794/993/1 
f 781/980/1 780/979/1 795/994/1 793/992/1 
f 7/7/1 796/995/1 793/992/1 795/994/1 
f 796/995/1 680/858/1 794/993/1 793/992/1 
s 1
f 797/996/396 798/997/397 799/998/398 800/999/399 
f 801/1000/400 802/1001/401 803/1002/402 804/1003/403 
s 8
f 735/925/1 734/924/1 805/1004/1 806/1005/1 
f 734/924/1 733/923/1 807/1006/1 805/1004/1 
f 778/977/1 775/974/1 805/1004/1 807/1006/1 
f 775/974/1 774/973/1 806/1005/1 805/1004/1 
f 5/5/1 808/1007/1 809/1008/1 6/6/1 
f 808/1007/1 673/851/1 676/854/1 809/1008/1 
f 680/858/1 796/995/1 809/1008/1 676/854/1 
f 796/995/1 7/7/1 6/6/1 809/1008/1 
f 29/32/15 740/930/101 810/1009/16 30/33/16 
f 740/930/101 681/859/15 684/862/16 810/1009/16 
f 688/868/17 811/1010/17 810/1011/16 684/869/16 
f 811/1010/17 31/34/17 30/37/16 810/1011/16 
f 31/34/17 811/1010/17 724/914/19 36/42/19 
f 811/1010/17 688/868/17 690/871/19 724/914/19 
f 59/68/35 736/926/34 812/1012/37 60/69/37 
f 736/926/34 693/874/35 696/877/37 812/1012/37 
f 700/883/38 813/1013/39 812/1014/37 696/884/37 
f 813/1013/39 61/70/38 60/73/37 812/1014/37 
f 61/70/38 813/1013/39 714/901/41 66/78/41 
f 813/1013/39 700/883/38 702/886/41 714/901/41 
f 74/86/46 729/919/44 814/1015/45 75/87/45 
f 729/919/44 705/889/46 708/892/45 814/1015/45 
f 712/898/47 815/1016/365 814/1017/45 708/899/45 
f 815/1016/365 76/88/47 75/91/45 814/1017/45 
f 76/88/47 815/1016/365 703/887/42 81/96/42 
f 815/1016/365 712/898/47 704/888/42 703/887/42 
f 104/122/58 725/915/366 816/1018/59 105/123/59 
f 725/915/366 715/902/58 718/905/59 816/1018/59 
f 722/911/60 817/1019/61 816/1020/59 718/912/59 
f 817/1019/61 106/124/60 105/127/59 816/1020/59 
f 106/124/60 817/1019/61 691/872/20 111/132/20 
f 817/1019/61 722/911/60 692/873/20 691/872/20 
f 170/194/58 716/903/366 818/1021/96 171/195/96 
f 716/903/366 715/902/58 727/917/96 818/1021/96 
f 673/851/1 808/1007/1 818/1021/96 727/917/96 
f 808/1007/1 5/5/1 171/195/96 818/1021/96 
f 176/200/46 706/890/44 819/1022/99 177/201/99 
f 706/890/44 705/889/46 731/921/99 819/1022/99 
f 735/925/1 820/1023/1 819/1022/99 731/921/99 
f 820/1023/1 178/202/1 177/201/99 819/1022/99 
f 185/209/35 694/875/34 821/1024/100 186/210/100 
f 694/875/34 693/874/35 738/928/100 821/1024/100 
f 191/215/15 682/860/101 822/1025/102 192/216/102 
f 682/860/101 681/859/15 742/932/102 822/1025/102 
f 746/936/104 823/1026/104 822/1025/102 742/932/102 
f 823/1026/104 193/217/104 192/216/102 822/1025/102 
s 1
f 335/371/208 824/1027/404 825/1028/369 336/372/206 
f 824/1027/404 747/937/367 750/940/369 825/1028/369 
f 347/383/218 826/1029/405 827/1030/219 348/384/219 
f 826/1029/405 753/943/371 756/946/219 827/1030/219 
s 2
f 367/407/230 828/1031/230 824/1032/404 335/408/208 
f 828/1031/230 759/949/230 747/952/367 824/1032/404 
f 193/419/104 823/1033/104 826/1034/405 347/420/218 
f 823/1033/104 746/955/104 753/958/371 826/1034/405 
s 8
f 371/431/234 829/1035/406 830/1036/407 372/432/235 
f 829/1035/406 762/961/375 765/964/378 830/1036/407 
f 382/443/243 831/1037/408 832/1038/409 383/444/244 
f 831/1037/408 768/967/381 771/970/384 832/1038/409 
f 480/577/1 833/1039/1 834/1040/1 481/578/1 
f 833/1039/1 774/973/1 777/976/1 834/1040/1 
f 782/981/1 835/1041/1 834/1040/1 777/976/1 
f 835/1041/1 482/579/1 481/578/1 834/1040/1 
s 1
f 836/1042/410 837/1043/411 838/1044/412 839/1045/413 
f 840/1046/398 841/1047/399 842/1048/396 843/1049/414 
s 8
f 482/579/1 835/1041/1 844/1050/1 606/739/1 
f 835/1041/1 782/981/1 794/993/1 844/1050/1 
f 680/858/1 679/857/1 844/1050/1 794/993/1 
f 679/857/1 607/740/1 606/739/1 844/1050/1 
s 1
f 845/1051/415 792/1052/87 846/1053/416 847/1054/417 
s 8
f 178/202/1 820/1023/1 848/1055/1 637/786/1 
f 820/1023/1 735/925/1 806/1005/1 848/1055/1 
f 774/973/1 833/1039/1 848/1055/1 806/1005/1 
f 833/1039/1 480/577/1 637/786/1 848/1055/1 
f 677/855/1 849/1056/1 850/1057/1 678/856/1 
f 849/1056/1 228/252/1 231/255/1 850/1057/1 
f 233/257/1 605/738/1 850/1057/1 231/255/1 
f 605/738/1 607/740/1 678/856/1 850/1057/1 
f 191/215/15 188/212/15 851/1058/16 685/863/16 
f 188/212/15 187/211/101 254/278/16 851/1058/16 
f 258/283/17 852/1059/17 851/1060/16 254/284/16 
f 852/1059/17 686/864/17 685/867/16 851/1060/16 
f 686/864/17 852/1059/17 113/134/63 112/133/19 
f 852/1059/17 258/283/17 114/135/63 113/134/63 
f 185/209/35 182/206/34 853/1061/37 697/878/37 
f 182/206/34 181/205/35 270/297/37 853/1061/37 
f 274/302/38 854/1062/38 853/1063/37 270/303/37 
f 854/1062/38 698/879/38 697/882/37 853/1063/37 
f 698/879/38 854/1062/38 83/98/41 82/97/41 
f 854/1062/38 274/302/38 84/99/41 83/98/41 
f 176/200/46 173/197/46 855/1064/45 709/893/45 
f 173/197/46 172/196/44 286/316/45 855/1064/45 
f 290/321/47 856/1065/365 855/1066/45 286/322/45 
f 856/1065/365 710/894/47 709/897/45 855/1066/45 
f 710/894/47 856/1065/365 68/80/42 67/79/42 
f 856/1065/365 290/321/47 69/81/42 68/80/42 
f 170/194/58 167/191/58 857/1067/59 719/906/59 
f 167/191/58 166/190/58 302/335/181 857/1067/59 
f 306/340/60 858/1068/61 857/1069/59 302/341/181 
f 858/1068/61 720/907/60 719/910/59 857/1069/59 
f 720/907/60 858/1068/61 38/44/20 37/43/20 
f 858/1068/61 306/340/60 39/45/20 38/44/20 
f 104/122/58 101/119/58 859/1070/96 728/918/96 
f 101/119/58 100/118/57 317/353/96 859/1070/96 
f 228/252/1 849/1056/1 859/1070/96 317/353/96 
f 849/1056/1 677/855/1 728/918/96 859/1070/96 
f 74/86/46 71/83/44 860/1071/99 732/922/99 
f 71/83/44 70/82/43 320/356/197 860/1071/99 
f 234/258/1 861/1072/1 860/1071/99 320/356/197 
f 861/1072/1 733/923/1 732/922/99 860/1071/99 
f 59/68/35 56/65/35 862/1073/200 739/929/100 
f 56/65/35 55/64/34 323/359/200 862/1073/200 
f 29/32/15 26/29/15 863/1074/102 743/933/102 
f 26/29/15 25/28/15 326/362/102 863/1074/102 
f 246/270/135 864/1075/104 863/1074/102 326/362/102 
f 864/1075/104 744/934/104 743/933/102 863/1074/102 
s 1
f 751/941/370 865/1076/418 866/1077/419 752/942/369 
f 865/1076/418 337/373/209 340/376/212 866/1077/419 
f 757/947/373 867/1078/420 868/1079/374 758/948/374 
f 867/1078/420 349/385/220 352/388/223 868/1079/374 
s 2
f 761/953/230 869/1080/229 865/1081/418 751/954/370 
f 869/1080/229 240/1082/133 337/1083/209 865/1081/418 
f 744/959/104 864/1084/104 867/1085/420 757/960/373 
f 864/1084/104 246/1086/135 349/1087/220 867/1085/420 
s 8
f 766/965/379 870/1088/421 871/1089/422 767/966/380 
f 870/1088/421 373/433/236 376/436/238 871/1089/422 
f 772/971/385 872/1090/423 873/1091/424 773/972/386 
f 872/1090/423 384/445/245 387/448/247 873/1091/424 
f 778/977/1 874/1092/1 875/1093/1 779/978/1 
f 874/1092/1 239/263/1 626/763/1 875/1093/1 
f 566/675/1 876/1094/1 875/1093/1 626/763/1 
f 876/1094/1 780/979/1 779/978/1 875/1093/1 
f 780/979/1 876/1094/1 877/1095/1 795/994/1 
f 876/1094/1 566/675/1 565/674/1 877/1095/1 
f 9/9/1 8/8/1 877/1095/1 565/674/1 
f 8/8/1 7/7/1 795/994/1 877/1095/1 
f 733/923/1 861/1072/1 878/1096/1 807/1006/1 
f 861/1072/1 234/258/1 237/261/1 878/1096/1 
f 239/263/1 874/1092/1 878/1096/1 237/261/1 
f 874/1092/1 778/977/1 807/1006/1 878/1096/1 
s 2
f 785/1097/389 784/1098/388 787/1099/391 790/1100/394 
s 4
f 784/1101/388 879/1102/425 788/1103/392 787/1104/391 
s 2
f 879/1105/425 880/1106/426 789/1107/393 788/1108/392 
s 4
f 880/1109/426 785/1110/389 790/1111/394 789/1112/393 
s 2
f 792/1113/87 791/1114/395 798/1115/397 797/1116/396 
s 4
f 791/1117/395 881/1118/427 799/1119/398 798/1120/397 
s 2
f 881/1121/427 846/1122/416 800/1123/399 799/1124/398 
s 4
f 846/1125/416 792/1126/87 797/1127/396 800/1128/399 
s 8
f 881/1129/427 882/1130/428 804/1131/403 803/1132/402 
s 2
f 882/1133/428 883/1134/429 801/1135/400 804/1136/403 
s 4
f 883/1137/429 884/1138/430 802/1139/401 801/1140/400 
s 16
f 884/1141/430 881/1142/427 803/1143/402 802/1144/401 
s 2
f 484/1145/334 483/1146/333 836/1147/410 839/1148/413 
s 4
f 483/1149/333 885/1150/431 837/1151/411 836/1152/410 
s 2
f 885/1153/431 886/1154/432 838/1155/412 837/1156/411 
s 4
f 886/1157/432 484/1158/334 839/1159/413 838/1160/412 
s 8
f 786/1161/390 792/1162/87 840/1163/398 843/1164/414 
s 16
f 792/1165/87 845/1166/415 841/1167/399 840/1168/398 
s 8
f 845/1169/415 886/1170/432 842/1171/396 841/1172/399 
s 16
f 886/1173/432 786/1174/390 843/1175/414 842/1176/396 
s 2
f 887/1177/433 888/1178/434 889/1179/435 890/1180/436 
s 8
f 888/1181/434 883/1182/429 891/1183/437 889/1184/435 
s 16
f 883/1185/429 892/1186/438 893/1187/439 891/1188/437 
s 4
f 892/1189/438 887/1190/433 890/1191/436 893/1192/439 
s 2
f 894/1193/440 895/1194/441 896/1195/442 897/1196/443 
s 4
f 895/1197/441 898/1198/444 899/1199/445 896/1200/442 
s 2
f 898/1201/444 900/1202/446 901/1203/447 899/1204/445 
s 4
f 900/1205/446 894/1206/440 897/1207/443 901/1208/447 
s 8
f 483/1209/333 486/1210/336 902/1211/448 903/1212/449 
s 2
f 486/1213/336 904/1214/450 905/1215/451 902/1216/448 
s 4
f 904/1217/450 906/1218/452 907/1219/453 905/1220/451 
s 16
f 906/1221/452 483/1222/333 903/1223/449 907/1224/453 
s 8
f 784/1225/388 783/1226/387 908/1227/454 909/1228/455 
s 2
f 783/1229/387 910/1230/456 911/1231/457 908/1232/454 
s 4
f 910/1233/456 912/1234/458 913/1235/459 911/1236/457 
s 16
f 912/1237/458 784/1238/388 909/1239/455 913/1240/459 
s 2
f 914/1241/460 915/1242/461 916/1243/462 917/1244/463 
s 8
f 915/1245/461 884/1246/430 918/1247/464 916/1248/462 
s 2
f 884/1249/430 919/1250/465 920/1251/466 918/1252/464 
s 4
f 919/1253/465 914/1254/460 917/1255/463 920/1256/466 
s 8
f 921/1257/467 898/1258/444 922/1259/468 923/1260/469 
s 16
f 898/1261/444 847/1262/417 924/1263/470 922/1264/468 
s 2
f 847/1265/417 925/1266/471 926/1267/472 924/1268/470 
s 4
f 925/1269/471 921/1270/467 923/1271/469 926/1272/472 
s 2
f 927/1273/473 921/1274/467 928/1275/474 929/1276/475 
s 16
f 921/1277/467 930/1278/476 931/1279/477 928/1280/474 
s 2
f 930/1281/476 932/1282/478 933/1283/479 931/1284/477 
s 4
f 932/1285/478 927/1286/473 929/1287/475 933/1288/479 
s 8
f 934/1289/480 880/1290/426 935/1291/481 936/1292/482 
s 16
f 880/1293/426 937/1294/483 938/1295/484 935/1296/481 
s 2
f 937/1297/483 939/1298/485 940/1299/486 938/1300/484 
s 4
f 939/1301/485 934/1302/480 936/1303/482 940/1304/486 
s 8
f 879/1305/425 941/1306/487 942/1307/488 943/1308/489 
s 2
f 941/1309/487 944/1310/490 945/1311/491 942/1312/488 
s 4
f 944/1313/490 946/1314/492 947/1315/493 945/1316/491 
s 16
f 946/1317/492 879/1318/425 943/1319/489 947/1320/493 
s 8
f 465/548/324 130/154/75 133/157/78 221/245/126 
f 455/532/314 157/181/89 160/184/92 227/251/132 
f 640/789/355 639/792/354 454/536/313 456/535/315 
f 640/789/355 456/535/315 218/242/123 129/153/74 
f 48/56/28 948/1321/494 463/1322/322 43/57/24 
f 50/59/30 213/237/118 948/1321/494 48/56/28 
f 648/801/360 647/804/359 464/552/323 466/551/325 
f 648/801/360 466/551/325 212/236/117 54/63/33 
f 123/146/72 949/1323/495 473/1324/332 118/147/67 
f 125/149/73 219/243/124 949/1323/495 123/146/72 
s 1
f 887/1325/433 950/1326/496 951/1327/497 952/1328/498 
f 888/1329/434 887/1325/433 952/1328/498 953/1330/499 
f 890/1331/436 889/1332/435 891/1333/437 893/1334/439 
f 950/1326/496 887/1325/433 892/1335/438 954/1336/500 
s 8
f 437/510/296 199/223/108 467/553/326 434/507/293 
f 199/223/108 437/510/296 955/1337/501 196/220/106 
f 425/497/284 221/245/126 220/244/125 956/1338/502 
f 221/245/126 425/497/284 424/496/283 465/548/324 
f 417/486/276 203/227/110 472/565/331 414/483/273 
f 203/227/110 417/486/276 957/1339/503 200/224/109 
f 445/521/304 223/247/128 222/246/127 958/1340/504 
f 223/247/128 445/521/304 444/520/303 470/560/329 
f 470/560/329 139/163/79 142/166/81 223/247/128 
f 405/470/264 207/231/113 462/545/321 402/467/261 
f 207/231/113 405/470/264 959/1341/505 204/228/111 
f 401/465/260 225/249/130 224/248/129 960/1342/506 
f 225/249/130 401/465/260 400/464/259 460/540/319 
f 460/540/319 148/172/83 151/175/85 225/249/130 
f 393/454/252 211/235/116 457/537/316 390/451/249 
f 211/235/116 393/454/252 961/1343/507 208/232/114 
f 413/481/272 227/251/132 226/250/131 962/1344/508 
f 227/251/132 413/481/272 412/480/271 455/532/314 
f 455/532/314 454/531/313 639/788/354 157/181/89 
f 18/20/8 963/1345/509 458/1346/317 13/21/5 
f 10/10/2 13/13/5 458/538/317 457/537/316 
f 20/23/10 217/241/122 963/1345/509 18/20/8 
f 148/172/83 460/540/319 459/539/318 643/794/356 
f 644/795/357 643/798/356 459/544/318 461/543/320 
f 43/49/24 463/546/322 462/545/321 40/46/21 
f 644/795/357 461/543/320 214/238/119 99/117/56 
f 465/548/324 464/547/323 647/800/359 130/154/75 
f 93/110/54 964/1347/510 468/1348/327 88/111/51 
f 85/100/48 88/103/51 468/554/327 467/553/326 
f 95/113/55 215/239/120 964/1347/510 93/110/54 
f 139/163/79 470/560/329 469/559/328 651/806/361 
f 652/807/362 651/810/361 469/564/328 471/563/330 
f 118/139/67 473/566/332 472/565/331 115/136/64 
f 652/807/362 471/563/330 216/240/121 24/27/14 
f 85/100/48 467/553/326 199/223/108 198/222/107 
f 472/565/331 203/227/110 202/226/80 115/136/64 
f 462/545/321 207/231/113 206/230/112 40/46/21 
f 10/10/2 457/537/316 211/235/116 210/234/115 
f 257/1349/141 253/277/138 252/276/137 961/1343/507 
f 260/290/143 262/1350/145 960/1342/506 263/289/146 
f 273/1351/155 269/296/152 268/295/151 959/1341/505 
f 276/309/157 278/1352/159 962/1344/508 279/308/160 
f 289/1353/169 285/315/166 284/314/165 957/1339/503 
f 292/328/171 294/1354/173 956/1338/502 295/327/174 
f 305/1355/184 301/334/180 300/333/179 955/1337/501 
f 308/347/186 310/1356/188 958/1340/504 311/346/189 
f 222/246/127 316/352/194 311/346/189 958/1340/504 
f 318/354/195 196/220/106 955/1337/501 300/333/179 
f 319/355/196 320/356/197 70/82/43 295/327/174 
f 220/244/125 319/355/196 295/327/174 956/1338/502 
f 321/357/198 200/224/109 957/1339/503 284/314/165 
f 226/250/131 322/358/199 279/308/160 962/1344/508 
f 324/360/201 204/228/111 959/1341/505 268/295/151 
f 224/248/129 325/361/202 263/289/146 960/1342/506 
f 327/363/203 208/232/114 961/1343/507 252/276/137 
s 2
f 370/1357/233 369/1358/232 952/1359/498 951/1360/497 
f 369/1358/232 372/1361/235 953/1362/499 952/1359/498 
f 376/1363/238 375/1364/237 965/1365/511 966/1366/512 
f 375/1364/237 378/1367/239 967/1368/513 965/1365/511 
f 381/1369/242 380/1370/241 968/1371/514 969/1372/515 
f 380/1370/241 383/1373/244 970/1374/516 968/1371/514 
f 387/1375/247 386/1376/246 971/1377/517 972/1378/518 
f 386/1376/246 389/1379/248 973/1380/519 971/1377/517 
s 4
f 870/1381/421 866/1382/419 340/1383/212 373/1384/236 
f 870/1381/421 766/1385/379 752/1386/369 866/1382/419 
f 872/1387/423 868/1388/374 352/1389/223 384/1390/245 
f 872/1387/423 772/1391/385 758/1392/374 868/1388/374 
s 8
f 392/458/251 395/457/254 255/279/139 257/282/141 
f 393/454/252 392/453/251 257/1349/141 961/1343/507 
f 398/466/257 401/465/260 960/1342/506 262/1350/145 
f 399/462/258 398/461/257 262/288/145 261/287/144 
f 450/527/309 395/457/254 394/456/253 453/530/312 
f 395/457/254 450/527/309 265/292/148 255/279/139 
f 448/525/307 399/462/258 261/287/144 267/294/150 
f 399/462/258 448/525/307 447/524/306 396/459/255 
f 405/470/264 404/469/263 273/1351/155 959/1341/505 
f 410/482/269 413/481/272 962/1344/508 278/1352/159 
f 411/478/270 410/477/269 278/307/159 277/306/158 
f 430/503/289 407/473/266 406/472/265 433/506/292 
f 407/473/266 430/503/289 281/311/162 271/298/153 
f 428/501/287 411/478/270 277/306/158 283/313/164 
f 411/478/270 428/501/287 427/500/286 408/475/267 
f 416/490/275 419/489/278 287/317/167 289/320/169 
f 417/486/276 416/485/275 289/1353/169 957/1339/503 
f 422/498/281 425/497/284 956/1338/502 294/1354/173 
f 423/494/282 422/493/281 294/326/173 293/325/172 
f 429/502/288 419/489/278 418/488/277 426/499/285 
f 419/489/278 429/502/288 297/330/176 287/317/167 
f 431/504/290 423/494/282 293/325/172 299/332/178 
f 423/494/282 431/504/290 432/505/291 420/491/279 
f 437/510/296 436/509/295 305/1355/184 955/1337/501 
f 442/522/301 445/521/304 958/1340/504 310/1356/188 
f 443/518/302 442/517/301 310/345/188 309/344/187 
f 449/526/308 439/513/298 438/512/297 446/523/305 
f 439/513/298 449/526/308 313/349/191 303/336/182 
f 451/528/310 443/518/302 309/344/187 315/351/193 
f 443/518/302 451/528/310 452/529/311 440/515/299 
f 458/1346/317 963/1345/509 394/1393/253 391/1394/250 
f 218/242/123 456/535/315 408/534/267 427/570/286 
f 963/1345/509 217/241/122 453/568/312 394/1393/253 
f 463/1322/322 948/1321/494 406/1395/265 403/1396/262 
f 214/238/119 461/543/320 396/542/255 447/558/306 
f 948/1321/494 213/237/118 433/556/292 406/1395/265 
f 468/1348/327 964/1347/510 438/1397/297 435/1398/294 
f 212/236/117 466/551/325 420/550/279 432/555/291 
f 964/1347/510 215/239/120 446/557/305 438/1397/297 
f 473/1324/332 949/1323/495 418/1399/277 415/1400/274 
f 216/240/121 471/563/330 440/562/299 452/567/311 
f 949/1323/495 219/243/124 426/569/285 418/1399/277 
s 1
f 485/582/335 894/1401/440 974/1402/520 975/1403/521 
f 486/583/336 485/582/335 975/1403/521 976/1404/522 
f 894/1401/440 485/582/335 484/581/334 895/1405/441 
s 2
f 597/1406/346 596/1407/345 975/1408/521 974/1409/520 
f 596/1407/345 598/1410/347 976/1411/522 975/1408/521 
f 601/1412/350 600/1413/349 977/1414/523 978/1415/524 
f 600/1413/349 602/1416/351 954/1417/500 977/1414/523 
s 1
f 900/1418/446 927/1419/473 967/1420/513 979/1421/525 
f 894/1401/440 900/1418/446 979/1421/525 974/1402/520 
f 901/1422/447 897/1423/443 896/1424/442 899/1425/445 
f 927/1419/473 900/1418/446 898/1426/444 921/1427/467 
s 2
f 378/1367/239 633/1428/352 979/1429/525 967/1368/513 
f 633/1428/352 597/1406/346 974/1409/520 979/1429/525 
f 389/1379/248 634/1430/353 980/1431/526 973/1380/519 
f 634/1430/353 601/1412/350 978/1415/524 980/1431/526 
s 1
f 904/1432/450 486/583/336 976/1404/522 981/1433/527 
f 968/1434/514 904/1432/450 981/1433/527 969/1435/515 
f 904/1432/450 968/1434/514 970/1436/516 906/1437/452 
f 902/1438/448 905/1439/451 907/1440/453 903/1441/449 
s 2
f 598/1410/347 671/1442/363 981/1443/527 976/1411/522 
f 671/1442/363 381/1444/242 969/1445/515 981/1443/527 
f 602/1416/351 672/1446/364 950/1447/496 954/1417/500 
f 672/1446/364 370/1448/233 951/1449/497 950/1447/496 
s 1
f 982/1450/528 914/1451/460 983/1452/529 984/1453/530 
f 930/1454/476 982/1450/528 984/1453/530 985/1455/531 
f 982/1450/528 930/1454/476 921/1456/467 925/1457/471 
f 914/1451/460 982/1450/528 925/1457/471 915/1458/461 
s 2
f 765/1459/378 764/1460/377 984/1461/530 983/1462/529 
f 764/1460/377 767/1463/380 985/1464/531 984/1461/530 
f 771/1465/384 770/1466/383 986/1467/532 987/1468/533 
f 770/1466/383 773/1469/386 988/1470/534 986/1467/532 
s 4
f 829/1471/406 825/1472/369 750/1473/369 762/1474/375 
f 829/1471/406 371/1475/234 336/1476/206 825/1472/369 
f 831/1477/408 827/1478/219 756/1479/219 768/1480/381 
f 831/1477/408 382/1481/243 348/1482/219 827/1478/219 
s 1
f 785/984/389 880/1483/426 934/1484/480 791/990/395 
f 882/1485/428 881/1486/427 791/990/395 934/1484/480 
f 846/1053/416 881/1487/427 884/1488/430 915/1458/461 
f 912/1489/458 910/1490/456 987/1491/533 986/1492/532 
f 941/1493/487 912/1489/458 986/1492/532 988/1494/534 
f 912/1489/458 941/1493/487 879/1495/425 784/1496/388 
f 911/1497/457 913/1498/459 909/1499/455 908/1500/454 
f 919/1501/465 888/1329/434 953/1330/499 989/1502/535 
f 914/1451/460 919/1501/465 989/1502/535 983/1452/529 
f 920/1503/466 917/1504/463 916/1505/462 918/1506/464 
f 888/1329/434 919/1501/465 884/1507/430 883/1508/429 
s 2
f 372/1361/235 830/1509/407 989/1510/535 953/1362/499 
f 830/1509/407 765/1459/378 983/1462/529 989/1510/535 
f 383/1373/244 832/1511/409 990/1512/536 970/1374/516 
f 832/1511/409 771/1465/384 987/1468/533 990/1512/536 
s 4
f 763/1513/376 749/1514/369 752/1386/369 766/1385/379 
f 763/1513/376 762/1474/375 750/1473/369 749/1514/369 
f 769/1515/382 755/1516/219 758/1392/374 772/1391/385 
f 769/1515/382 768/1480/381 756/1479/219 755/1516/219 
s 1
f 786/985/390 886/1517/432 885/1518/431 783/982/387 
f 484/581/334 886/1519/432 845/1051/415 895/1405/441 
f 847/1054/417 898/1520/444 895/1405/441 845/1051/415 
f 847/1054/417 846/1053/416 915/1458/461 925/1457/471 
f 922/1521/468 924/1522/470 926/1523/472 923/1524/469 
f 991/1525/537 906/1437/452 970/1436/516 990/1526/536 
f 910/1490/456 991/1525/537 990/1526/536 987/1491/533 
f 991/1525/537 910/1490/456 783/982/387 885/1518/431 
f 906/1437/452 991/1525/537 885/1518/431 483/1527/333 
f 932/1528/478 930/1454/476 985/1455/531 992/1529/538 
f 965/1530/511 932/1528/478 992/1529/538 966/1531/512 
f 932/1528/478 965/1530/511 967/1420/513 927/1419/473 
f 931/1532/477 933/1533/479 929/1534/475 928/1535/474 
s 2
f 767/1463/380 871/1536/422 992/1537/538 985/1464/531 
f 871/1536/422 376/1538/238 966/1539/512 992/1537/538 
f 773/1469/386 873/1540/424 993/1541/539 988/1470/534 
f 873/1540/424 387/1542/247 972/1543/518 993/1541/539 
s 4
f 368/1544/231 333/1545/206 336/1476/206 371/1475/234 
f 358/1546/226 334/1547/207 333/1545/206 368/1544/231 
f 379/1548/240 345/1549/216 348/1482/219 382/1481/243 
f 355/1550/224 346/1551/217 345/1549/216 379/1548/240 
s 1
f 937/1552/483 880/1553/426 879/1554/425 946/1555/492 
f 980/1556/526 937/1552/483 946/1555/492 973/1557/519 
f 937/1552/483 980/1556/526 978/1558/524 939/1559/485 
f 935/1560/481 938/1561/484 940/1562/486 936/1563/482 
f 994/1564/540 882/1485/428 934/1484/480 939/1559/485 
f 977/1565/523 994/1564/540 939/1559/485 978/1558/524 
f 994/1564/540 977/1565/523 954/1336/500 892/1335/438 
f 882/1485/428 994/1564/540 892/1335/438 883/1566/429 
f 944/1567/490 941/1493/487 988/1494/534 993/1568/539 
f 971/1569/517 944/1567/490 993/1568/539 972/1570/518 
f 944/1567/490 971/1569/517 973/1557/519 946/1555/492 
f 942/1571/488 945/1572/491 947/1573/493 943/1574/489 
s 8
f 366/1575/229 365/825/228 184/208/100 183/207/100 
f 367/1576/230 366/1575/229 183/207/100 186/210/100 
f 828/1577/230 367/1576/230 186/210/100 821/1024/100 
f 759/1578/230 828/1577/230 821/1024/100 738/928/100 
f 760/1579/230 759/1578/230 738/928/100 737/927/100 
f 761/1580/230 760/1579/230 737/927/100 739/929/100 
f 869/1581/229 761/1580/230 739/929/100 862/1073/200 
f 240/264/133 869/1581/229 862/1073/200 323/359/200 
f 667/824/94 205/229/87 204/228/111 324/360/201 
f 365/825/228 667/824/94 324/360/201 184/208/100 
s 1
f 995/1582/1 996/1583/1 997/1584/1 998/1585/1 
f 999/1586/87 1000/1587/87 1001/1588/87 1002/1589/87 
f 1003/1590/541 1004/1591/542 1005/1592/543 1006/1593/544 
f 1007/1594/545 1008/1595/546 1009/1596/547 1010/1597/548 
f 1011/1598/549 1012/1599/550 1013/1600/551 1014/1601/552 
f 1015/1602/553 1016/1603/554 1017/1604/555 1018/1605/556 
f 1019/1606/557 1020/1607/558 1021/1608/559 1022/1609/560 
f 1022/1609/560 1021/1608/559 1023/1610/561 1024/1611/562 
f 1025/1612/563 1026/1613/564 1027/1614/565 1028/1615/566 
f 1028/1615/566 1027/1614/565 1029/1616/567 1030/1617/568 
f 1031/1618/569 1032/1619/570 1033/1620/571 1034/1621/572 
f 1034/1621/572 1033/1620/571 1035/1622/573 1036/1623/574 
f 1037/1624/575 1038/1625/576 1039/1626/577 1040/1627/578 
f 1040/1627/578 1039/1626/577 1041/1628/579 1042/1629/580 
f 1006/1593/544 1005/1592/543 1043/1630/581 1044/1631/582 
f 1044/1631/582 1043/1630/581 1024/1632/562 1023/1633/561 
f 1010/1597/548 1009/1596/547 1045/1634/583 1046/1635/584 
f 1046/1635/584 1045/1634/583 1030/1636/568 1029/1637/567 
f 1014/1601/552 1013/1600/551 1047/1638/585 1048/1639/586 
f 1048/1639/586 1047/1638/585 1036/1640/574 1035/1641/573 
f 1018/1605/556 1017/1604/555 1049/1642/587 1050/1643/588 
f 1050/1643/588 1049/1642/587 1042/1644/580 1041/1645/579 
f 1051/1646/589 1052/1647/590 1053/1648/591 1054/1649/592 
f 1054/1649/592 1053/1648/591 1055/1650/593 1056/1651/594 
f 1057/1652/595 1058/1653/596 1059/1654/597 1060/1655/598 
f 1060/1655/598 1059/1654/597 1061/1656/599 1062/1657/600 
f 1063/1658/601 1064/1659/602 1065/1660/603 1066/1661/604 
f 1066/1661/604 1065/1660/603 1067/1662/605 1068/1663/606 
f 1069/1664/607 1070/1665/608 1071/1666/609 1072/1667/610 
f 1072/1667/610 1071/1666/609 1073/1668/611 1074/1669/612 
f 1004/1591/542 1003/1590/541 1075/1670/613 1076/1671/614 
f 1076/1671/614 1075/1670/613 1074/1672/612 1073/1673/611 
f 1008/1595/546 1007/1594/545 1077/1674/615 1078/1675/616 
f 1078/1675/616 1077/1674/615 1068/1676/606 1067/1677/605 
f 1012/1599/550 1011/1598/549 1079/1678/617 1080/1679/618 
f 1080/1679/618 1079/1678/617 1062/1680/600 1061/1681/599 
f 1016/1603/554 1015/1602/553 1081/1682/619 1082/1683/620 
f 1082/1683/620 1081/1682/619 1056/1684/594 1055/1685/593 
f 1058/1653/596 1057/1652/595 996/1583/1 995/1582/1 
f 1070/1665/608 1069/1664/607 998/1585/1 997/1584/1 
f 1032/1619/570 1031/1618/569 1000/1587/87 999/1586/87 
f 1020/1607/558 1019/1606/557 1002/1589/87 1001/1588/87 
f 1008/1595/546 1083/1686/621 1084/1687/622 1009/1596/547 
f 1010/1597/548 1085/1688/623 1086/1689/624 1007/1594/545 
f 1016/1603/554 1087/1690/625 1088/1691/626 1017/1604/555 
f 1018/1605/556 1089/1692/627 1090/1693/628 1015/1602/553 
f 1026/1613/564 1091/1694/629 1092/1695/630 1027/1614/565 
f 1028/1615/566 1093/1696/631 1094/1697/632 1025/1612/563 
f 1027/1614/565 1092/1695/630 1095/1698/633 1029/1616/567 
f 1030/1617/568 1096/1699/634 1093/1696/631 1028/1615/566 
f 1038/1625/576 1097/1700/635 1098/1701/636 1039/1626/577 
f 1040/1627/578 1099/1702/637 1100/1703/638 1037/1624/575 
f 1039/1626/577 1098/1701/636 1101/1704/639 1041/1628/579 
f 1042/1629/580 1102/1705/640 1099/1702/637 1040/1627/578 
f 1009/1596/547 1084/1687/622 1103/1706/641 1045/1634/583 
f 1046/1635/584 1104/1707/642 1085/1688/623 1010/1597/548 
f 1045/1634/583 1103/1706/641 1096/1708/634 1030/1636/568 
f 1029/1637/567 1095/1709/633 1104/1707/642 1046/1635/584 
f 1017/1604/555 1088/1691/626 1105/1710/643 1049/1642/587 
f 1050/1643/588 1106/1711/644 1089/1692/627 1018/1605/556 
f 1049/1642/587 1105/1710/643 1102/1712/640 1042/1644/580 
f 1041/1645/579 1101/1713/639 1106/1711/644 1050/1643/588 
f 1052/1647/590 1107/1714/645 1108/1715/646 1053/1648/591 
f 1054/1649/592 1109/1716/647 1110/1717/648 1051/1646/589 
f 1053/1648/591 1108/1715/646 1111/1718/649 1055/1650/593 
f 1056/1651/594 1112/1719/650 1109/1716/647 1054/1649/592 
f 1064/1659/602 1113/1720/651 1114/1721/652 1065/1660/603 
f 1066/1661/604 1115/1722/653 1116/1723/654 1063/1658/601 
f 1065/1660/603 1114/1721/652 1117/1724/655 1067/1662/605 
f 1068/1663/606 1118/1725/656 1115/1722/653 1066/1661/604 
f 1007/1594/545 1086/1689/624 1119/1726/657 1077/1674/615 
f 1078/1675/616 1120/1727/658 1083/1686/621 1008/1595/546 
f 1077/1674/615 1119/1726/657 1118/1728/656 1068/1676/606 
f 1067/1677/605 1117/1729/655 1120/1727/658 1078/1675/616 
f 1015/1602/553 1090/1693/628 1121/1730/659 1081/1682/619 
f 1082/1683/620 1122/1731/660 1087/1690/625 1016/1603/554 
f 1081/1682/619 1121/1730/659 1112/1732/650 1056/1684/594 
f 1055/1685/593 1111/1733/649 1122/1731/660 1082/1683/620 
f 996/1583/1 1064/1659/602 1063/1658/601 997/1584/1 
f 998/1585/1 1052/1647/590 1051/1646/589 995/1582/1 
f 1000/1587/87 1038/1625/576 1037/1624/575 1001/1588/87 
f 1002/1589/87 1026/1613/564 1025/1612/563 999/1586/87 
f 1004/1591/542 1086/1734/624 1085/1735/623 1005/1592/543 
f 1006/1593/544 1088/1736/626 1087/1737/625 1003/1590/541 
f 1012/1599/550 1090/1738/628 1089/1739/627 1013/1600/551 
f 1014/1601/552 1084/1740/622 1083/1741/621 1011/1598/549 
f 1020/1607/558 1100/1703/638 1099/1702/637 1021/1608/559 
f 1022/1609/560 1092/1695/630 1091/1694/629 1019/1606/557 
f 1021/1608/559 1099/1702/637 1102/1705/640 1023/1610/561 
f 1024/1611/562 1095/1698/633 1092/1695/630 1022/1609/560 
f 1032/1619/570 1094/1697/632 1093/1696/631 1033/1620/571 
f 1034/1621/572 1098/1701/636 1097/1700/635 1031/1618/569 
f 1033/1620/571 1093/1696/631 1096/1699/634 1035/1622/573 
f 1036/1623/574 1101/1704/639 1098/1701/636 1034/1621/572 
f 1005/1592/543 1085/1735/623 1104/1742/642 1043/1630/581 
f 1044/1631/582 1105/1743/643 1088/1736/626 1006/1593/544 
f 1043/1630/581 1104/1742/642 1095/1744/633 1024/1632/562 
f 1023/1633/561 1102/1745/640 1105/1743/643 1044/1631/582 
f 1013/1600/551 1089/1739/627 1106/1746/644 1047/1638/585 
f 1048/1639/586 1103/1747/641 1084/1740/622 1014/1601/552 
f 1047/1638/585 1106/1746/644 1101/1748/639 1036/1640/574 
f 1035/1641/573 1096/1749/634 1103/1747/641 1048/1639/586 
f 1058/1653/596 1110/1717/648 1109/1716/647 1059/1654/597 
f 1060/1655/598 1114/1721/652 1113/1720/651 1057/1652/595 
f 1059/1654/597 1109/1716/647 1112/1719/650 1061/1656/599 
f 1062/1657/600 1117/1724/655 1114/1721/652 1060/1655/598 
f 1070/1665/608 1116/1723/654 1115/1722/653 1071/1666/609 
f 1072/1667/610 1108/1715/646 1107/1714/645 1069/1664/607 
f 1071/1666/609 1115/1722/653 1118/1725/656 1073/1668/611 
f 1074/1669/612 1111/1718/649 1108/1715/646 1072/1667/610 
f 1003/1590/541 1087/1737/625 1122/1750/660 1075/1670/613 
f 1076/1671/614 1119/1751/657 1086/1734/624 1004/1591/542 
f 1075/1670/613 1122/1750/660 1111/1752/649 1074/1672/612 
f 1073/1673/611 1118/1753/656 1119/1751/657 1076/1671/614 
f 1011/1598/549 1083/1741/621 1120/1754/658 1079/1678/617 
f 1080/1679/618 1121/1755/659 1090/1738/628 1012/1599/550 
f 1079/1678/617 1120/1754/658 1117/1756/655 1062/1680/600 
f 1061/1681/599 1112/1757/650 1121/1755/659 1080/1679/618 
f 1057/1652/595 1113/1720/651 1064/1659/602 996/1583/1 
f 995/1582/1 1051/1646/589 1110/1717/648 1058/1653/596 
f 1069/1664/607 1107/1714/645 1052/1647/590 998/1585/1 
f 997/1584/1 1063/1658/601 1116/1723/654 1070/1665/608 
f 1031/1618/569 1097/1700/635 1038/1625/576 1000/1587/87 
f 999/1586/87 1025/1612/563 1094/1697/632 1032/1619/570 
f 1019/1606/557 1091/1694/629 1026/1613/564 1002/1589/87 
f 1001/1588/87 1037/1624/575 1100/1703/638 1020/1607/558 
f 1123/1758/661 1124/1759/662 1125/1760/663 1126/1761/664 1127/1762/665 1128/1763/666 1129/1764/667 1130/1765/668 1131/1766/669 1132/1767/670 1133/1768/671 1134/1769/672 1135/1770/673 1136/1771/674 1137/1772/675 1138/1773/676 1139/1774/677 1140/1775/678 
s 8
f 1140/1776/678 1139/1777/677 1141/1778/679 1142/1779/680 
f 1139/1777/677 1138/1780/676 1143/1781/681 1141/1778/679 
f 1138/1782/676 1137/1783/675 1144/1784/682 1143/1785/681 
f 1137/1783/675 1136/1786/674 1145/1787/683 1144/1784/682 
f 1136/1786/674 1135/1788/673 1146/1789/684 1145/1787/683 
f 1135/1788/673 1134/1790/672 1147/1791/685 1146/1789/684 
f 1134/1790/672 1133/1792/671 1148/1793/686 1147/1791/685 
f 1133/1794/671 1132/1795/670 1149/1796/687 1148/1797/686 
f 1132/1795/670 1131/1798/669 1150/1799/688 1149/1796/687 
f 1131/1798/669 1130/1800/668 1151/1801/689 1150/1799/688 
f 1130/1800/668 1129/1802/667 1152/1803/690 1151/1801/689 
f 1129/1804/667 1128/1805/666 1153/1806/691 1152/1807/690 
f 1128/1805/666 1127/1808/665 1154/1809/692 1153/1806/691 
f 1127/1808/665 1126/1810/664 1155/1811/693 1154/1809/692 
f 1126/1810/664 1125/1812/663 1156/1813/694 1155/1811/693 
f 1125/1812/663 1124/1814/662 1157/1815/695 1156/1813/694 
f 1124/1816/662 1123/1817/661 1158/1818/696 1157/1819/695 
f 1123/1817/661 1140/1776/678 1142/1779/680 1158/1818/696 
s 1
f 1158/1820/696 1142/1821/680 1141/1822/679 1143/1823/681 1144/1824/682 1145/1825/683 1146/1826/684 1147/1827/685 1148/1828/686 1149/1829/687 1150/1830/688 1151/1831/689 1152/1832/690 1153/1833/691 1154/1834/692 1155/1835/693 1156/1836/694 1157/1837/695 
f 1159/1838/661 1160/1839/662 1161/1840/663 1162/1841/664 1163/1842/697 1164/1843/698 1165/1844/667 1166/1845/668 1167/1846/669 1168/1847/670 1169/1848/671 1170/1849/699 1171/1850/700 1172/1851/701 1173/1852/702 1174/1853/703 1175/1854/704 1176/1855/678 
s 8
f 1176/1856/678 1175/1857/704 1177/1858/705 1178/1859/680 
f 1175/1857/704 1174/1860/703 1179/1861/706 1177/1858/705 
f 1174/1862/703 1173/1863/702 1180/1864/707 1179/1865/706 
f 1173/1863/702 1172/1866/701 1181/1867/708 1180/1864/707 
f 1172/1866/701 1171/1868/700 1182/1869/709 1181/1867/708 
f 1171/1868/700 1170/1870/699 1183/1871/710 1182/1869/709 
f 1170/1870/699 1169/1872/671 1184/1873/686 1183/1871/710 
f 1169/1874/671 1168/1875/670 1185/1876/687 1184/1877/686 
f 1168/1875/670 1167/1878/669 1186/1879/688 1185/1876/687 
f 1167/1878/669 1166/1880/668 1187/1881/689 1186/1879/688 
f 1166/1880/668 1165/1882/667 1188/1883/690 1187/1881/689 
f 1165/1884/667 1164/1885/698 1189/1886/711 1188/1887/690 
f 1164/1885/698 1163/1888/697 1190/1889/712 1189/1886/711 
f 1163/1888/697 1162/1890/664 1191/1891/693 1190/1889/712 
f 1162/1890/664 1161/1892/663 1192/1893/694 1191/1891/693 
f 1161/1892/663 1160/1894/662 1193/1895/695 1192/1893/694 
f 1160/1896/662 1159/1897/661 1194/1898/696 1193/1899/695 
f 1159/1897/661 1176/1856/678 1178/1859/680 1194/1898/696 
s 1
f 1194/1900/696 1178/1901/680 1177/1902/705 1179/1903/706 1180/1904/707 1181/1905/708 1182/1906/709 1183/1907/710 1184/1908/686 1185/1909/687 1186/1910/688 1187/1911/689 1188/1912/690 1189/1913/711 1190/1914/712 1191/1915/693 1192/1916/694 1193/1917/695 
s 8
f 1195/1918/713 1196/1919/714 1197/1920/715 1198/1921/716 
f 1196/1919/714 1199/1922/717 1200/1923/718 1197/1920/715 
f 1199/1924/717 1201/1925/719 1202/1926/720 1200/1927/718 
f 1201/1925/719 1203/1928/721 1204/1929/722 1202/1926/720 
f 1203/1928/721 1205/1930/723 1206/1931/724 1204/1929/722 
f 1205/1930/723 1207/1932/725 1208/1933/726 1206/1931/724 
f 1207/1934/725 1209/1935/727 1210/1936/728 1208/1937/726 
f 1209/1935/727 1211/1938/729 1212/1939/730 1210/1936/728 
f 1211/1938/729 1213/1940/731 1214/1941/732 1212/1939/730 
f 1213/1940/731 1215/1942/733 1216/1943/734 1214/1941/732 
f 1215/1942/733 1217/1944/735 1218/1945/736 1216/1943/734 
f 1217/1946/735 1219/1947/737 1220/1948/738 1218/1949/736 
f 1219/1947/737 1221/1950/739 1222/1951/740 1220/1948/738 
f 1221/1950/739 1223/1952/741 1224/1953/742 1222/1951/740 
f 1223/1952/741 1225/1954/743 1226/1955/744 1224/1953/742 
f 1225/1956/743 1227/1957/745 1228/1958/746 1226/1959/744 
f 1227/1957/745 1229/1960/747 1230/1961/748 1228/1958/746 
f 1229/1960/747 1195/1918/713 1198/1921/716 1230/1961/748 
s 2
f 1198/1962/716 1197/1963/715 1231/1964/749 1232/1965/750 
f 1197/1963/715 1200/1966/718 1233/1967/751 1231/1964/749 
f 1200/1966/718 1202/1968/720 1234/1969/752 1233/1967/751 
f 1202/1968/720 1204/1970/722 1235/1971/753 1234/1969/752 
f 1204/1970/722 1206/1972/724 1236/1973/754 1235/1971/753 
f 1206/1972/724 1208/1974/726 1237/1975/755 1236/1973/754 
f 1208/1974/726 1210/1976/728 1238/1977/756 1237/1975/755 
f 1210/1976/728 1212/1978/730 1239/1979/757 1238/1977/756 
f 1212/1978/730 1214/1980/732 1240/1981/758 1239/1979/757 
f 1214/1980/732 1216/1982/734 1241/1983/759 1240/1981/758 
f 1216/1982/734 1218/1984/736 1242/1985/760 1241/1983/759 
f 1218/1984/736 1220/1986/738 1243/1987/761 1242/1985/760 
f 1220/1986/738 1222/1988/740 1244/1989/762 1243/1987/761 
f 1222/1988/740 1224/1990/742 1245/1991/763 1244/1989/762 
f 1224/1990/742 1226/1992/744 1246/1993/764 1245/1991/763 
f 1226/1992/744 1228/1994/746 1247/1995/765 1246/1993/764 
f 1228/1994/746 1230/1996/748 1248/1997/766 1247/1995/765 
f 1230/1996/748 1198/1962/716 1232/1965/750 1248/1997/766 
s 1
f 1231/1964/749 1249/1998/87 1232/1965/750 
f 1233/1967/751 1249/1998/87 1231/1964/749 
f 1234/1969/752 1249/1998/87 1233/1967/751 
f 1235/1971/753 1249/1998/87 1234/1969/752 
f 1236/1973/754 1249/1998/87 1235/1971/753 
f 1237/1975/755 1249/1998/87 1236/1973/754 
f 1238/1977/756 1249/1998/87 1237/1975/755 
f 1239/1979/757 1249/1998/87 1238/1977/756 
f 1240/1981/758 1249/1998/87 1239/1979/757 
f 1241/1983/759 1249/1998/87 1240/1981/758 
f 1242/1985/760 1249/1998/87 1241/1983/759 
f 1243/1987/761 1249/1998/87 1242/1985/760 
f 1244/1989/762 1249/1998/87 1243/1987/761 
f 1245/1991/763 1249/1998/87 1244/1989/762 
f 1246/1993/764 1249/1998/87 1245/1991/763 
f 1247/1995/765 1249/1998/87 1246/1993/764 
f 1248/1997/766 1249/1998/87 1247/1995/765 
f 1232/1965/750 1249/1998/87 1248/1997/766 
s 8
f 1250/1999/713 1251/2000/714 1252/2001/767 1253/2002/768 
f 1251/2000/714 1254/2003/717 1255/2004/769 1252/2001/767 
f 1254/2005/717 1256/2006/719 1257/2007/770 1255/2008/769 
f 1256/2006/719 1258/2009/721 1259/2010/771 1257/2007/770 
f 1258/2009/721 1260/2011/723 1261/2012/772 1259/2010/771 
f 1260/2011/723 1262/2013/725 1263/2014/773 1261/2012/772 
f 1262/2015/725 1264/2016/727 1265/2017/774 1263/2018/773 
f 1264/2016/727 1266/2019/729 1267/2020/775 1265/2017/774 
f 1266/2019/729 1268/2021/731 1269/2022/776 1267/2020/775 
f 1268/2021/731 1270/2023/733 1271/2024/777 1269/2022/776 
f 1270/2023/733 1272/2025/735 1273/2026/778 1271/2024/777 
f 1272/2027/735 1274/2028/737 1275/2029/779 1273/2030/778 
f 1274/2028/737 1276/2031/739 1277/2032/780 1275/2029/779 
f 1276/2031/739 1278/2033/741 1279/2034/781 1277/2032/780 
f 1278/2033/741 1280/2035/782 1281/2036/783 1279/2034/781 
f 1280/2037/782 1282/2038/745 1283/2039/784 1281/2040/783 
f 1282/2038/745 1284/2041/747 1285/2042/785 1283/2039/784 
f 1284/2041/747 1250/1999/713 1253/2002/768 1285/2042/785 
s 2
f 1253/2043/768 1252/2044/767 1286/2045/786 1287/2046/787 
f 1252/2044/767 1255/2047/769 1288/2048/788 1286/2045/786 
f 1255/2047/769 1257/2049/770 1289/2050/789 1288/2048/788 
f 1257/2049/770 1259/2051/771 1290/2052/790 1289/2050/789 
f 1259/2051/771 1261/2053/772 1291/2054/791 1290/2052/790 
f 1261/2053/772 1263/2055/773 1292/2056/792 1291/2054/791 
f 1263/2055/773 1265/2057/774 1293/2058/793 1292/2056/792 
f 1265/2057/774 1267/2059/775 1294/2060/794 1293/2058/793 
f 1267/2059/775 1269/2061/776 1295/2062/795 1294/2060/794 
f 1269/2061/776 1271/2063/777 1296/2064/796 1295/2062/795 
f 1271/2063/777 1273/2065/778 1297/2066/797 1296/2064/796 
f 1273/2065/778 1275/2067/779 1298/2068/798 1297/2066/797 
f 1275/2067/779 1277/2069/780 1299/2070/799 1298/2068/798 
f 1277/2069/780 1279/2071/781 1300/2072/800 1299/2070/799 
f 1279/2071/781 1281/2073/783 1301/2074/801 1300/2072/800 
f 1281/2073/783 1283/2075/784 1302/2076/802 1301/2074/801 
f 1283/2075/784 1285/2077/785 1303/2078/803 1302/2076/802 
f 1285/2077/785 1253/2043/768 1287/2046/787 1303/2078/803 
s 1
f 1286/2045/786 1304/2079/87 1287/2046/787 
f 1288/2048/788 1304/2079/87 1286/2045/786 
f 1289/2050/789 1304/2079/87 1288/2048/788 
f 1290/2052/790 1304/2079/87 1289/2050/789 
f 1291/2054/791 1304/2079/87 1290/2052/790 
f 1292/2056/792 1304/2079/87 1291/2054/791 
f 1293/2058/793 1304/2079/87 1292/2056/792 
f 1294/2060/794 1304/2079/87 1293/2058/793 
f 1295/2062/795 1304/2079/87 1294/2060/794 
f 1296/2064/796 1304/2079/87 1295/2062/795 
f 1297/2066/797 1304/2079/87 1296/2064/796 
f 1298/2068/798 1304/2079/87 1297/2066/797 
f 1299/2070/799 1304/2079/87 1298/2068/798 
f 1300/2072/800 1304/2079/87 1299/2070/799 
f 1301/2074/801 1304/2079/87 1300/2072/800 
f 1302/2076/802 1304/2079/87 1301/2074/801 
f 1303/2078/803 1304/2079/87 1302/2076/802 
f 1287/2046/787 1304/2079/87 1303/2078/803 
s 8
f 1305/2080/804 1306/2081/805 1307/2082/806 1308/2083/807 
f 1306/2081/805 1309/2084/808 1310/2085/809 1307/2082/806 
f 1309/2086/808 1311/2087/810 1312/2088/811 1310/2089/809 
f 1311/2087/810 1313/2090/812 1314/2091/813 1312/2088/811 
f 1313/2090/812 1315/2092/814 1316/2093/815 1314/2091/813 
f 1315/2092/814 1317/2094/816 1318/2095/817 1316/2093/815 
f 1317/2094/816 1319/2096/818 1320/2097/819 1318/2095/817 
f 1319/2098/818 1321/2099/820 1322/2100/821 1320/2101/819 
f 1321/2099/820 1323/2102/822 1324/2103/823 1322/2100/821 
f 1323/2102/822 1325/2104/824 1326/2105/825 1324/2103/823 
f 1325/2104/824 1327/2106/826 1328/2107/827 1326/2105/825 
f 1327/2106/826 1329/2108/828 1330/2109/829 1328/2107/827 
f 1329/2110/828 1331/2111/830 1332/2112/831 1330/2113/829 
f 1331/2111/830 1333/2114/832 1334/2115/833 1332/2112/831 
f 1333/2114/832 1335/2116/834 1336/2117/835 1334/2115/833 
f 1335/2116/834 1337/2118/836 1338/2119/837 1336/2117/835 
f 1337/2120/836 1339/2121/838 1340/2122/839 1338/2123/837 
f 1339/2121/838 1305/2080/804 1308/2083/807 1340/2122/839 
s 2
f 1308/2124/807 1307/2125/806 1341/2126/840 1342/2127/841 
f 1307/2125/806 1310/2128/809 1343/2129/842 1341/2126/840 
f 1310/2128/809 1312/2130/811 1344/2131/843 1343/2129/842 
f 1312/2130/811 1314/2132/813 1345/2133/844 1344/2131/843 
f 1314/2132/813 1316/2134/815 1346/2135/845 1345/2133/844 
f 1316/2134/815 1318/2136/817 1347/2137/846 1346/2135/845 
f 1318/2136/817 1320/2138/819 1348/2139/847 1347/2137/846 
f 1320/2138/819 1322/2140/821 1349/2141/848 1348/2139/847 
f 1322/2140/821 1324/2142/823 1350/2143/849 1349/2141/848 
f 1324/2142/823 1326/2144/825 1351/2145/850 1350/2143/849 
f 1326/2144/825 1328/2146/827 1352/2147/851 1351/2145/850 
f 1328/2146/827 1330/2148/829 1353/2149/852 1352/2147/851 
f 1330/2148/829 1332/2150/831 1354/2151/853 1353/2149/852 
f 1332/2150/831 1334/2152/833 1355/2153/854 1354/2151/853 
f 1334/2152/833 1336/2154/835 1356/2155/855 1355/2153/854 
f 1336/2154/835 1338/2156/837 1357/2157/856 1356/2155/855 
f 1338/2156/837 1340/2158/839 1358/2159/857 1357/2157/856 
f 1340/2158/839 1308/2124/807 1342/2127/841 1358/2159/857 
s 1
f 1341/2126/840 1359/2160/87 1342/2127/841 
f 1343/2129/842 1359/2160/87 1341/2126/840 
f 1344/2131/843 1359/2160/87 1343/2129/842 
f 1345/2133/844 1359/2160/87 1344/2131/843 
f 1346/2135/845 1359/2160/87 1345/2133/844 
f 1347/2137/846 1359/2160/87 1346/2135/845 
f 1348/2139/847 1359/2160/87 1347/2137/846 
f 1349/2141/848 1359/2160/87 1348/2139/847 
f 1350/2143/849 1359/2160/87 1349/2141/848 
f 1351/2145/850 1359/2160/87 1350/2143/849 
f 1352/2147/851 1359/2160/87 1351/2145/850 
f 1353/2149/852 1359/2160/87 1352/2147/851 
f 1354/2151/853 1359/2160/87 1353/2149/852 
f 1355/2153/854 1359/2160/87 1354/2151/853 
f 1356/2155/855 1359/2160/87 1355/2153/854 
f 1357/2157/856 1359/2160/87 1356/2155/855 
f 1358/2159/857 1359/2160/87 1357/2157/856 
f 1342/2127/841 1359/2160/87 1358/2159/857 
s 8
f 1360/2161/804 1361/2162/805 1362/2163/858 1363/2164/859 
f 1361/2162/805 1364/2165/808 1365/2166/860 1362/2163/858 
f 1364/2167/808 1366/2168/810 1367/2169/861 1365/2170/860 
f 1366/2168/810 1368/2171/812 1369/2172/862 1367/2169/861 
f 1368/2171/812 1370/2173/863 1371/2174/864 1369/2172/862 
f 1370/2173/863 1372/2175/816 1373/2176/865 1371/2174/864 
f 1372/2175/816 1374/2177/818 1375/2178/866 1373/2176/865 
f 1374/2179/818 1376/2180/820 1377/2181/867 1375/2182/866 
f 1376/2180/820 1378/2183/822 1379/2184/868 1377/2181/867 
f 1378/2183/822 1380/2185/824 1381/2186/869 1379/2184/868 
f 1380/2185/824 1382/2187/826 1383/2188/870 1381/2186/869 
f 1382/2187/826 1384/2189/828 1385/2190/871 1383/2188/870 
f 1384/2191/828 1386/2192/830 1387/2193/872 1385/2194/871 
f 1386/2192/830 1388/2195/873 1389/2196/874 1387/2193/872 
f 1388/2195/873 1390/2197/834 1391/2198/875 1389/2196/874 
f 1390/2197/834 1392/2199/836 1393/2200/876 1391/2198/875 
f 1392/2201/836 1394/2202/838 1395/2203/877 1393/2204/876 
f 1394/2202/838 1360/2161/804 1363/2164/859 1395/2203/877 
s 2
f 1363/2205/859 1362/2206/858 1396/2207/878 1397/2208/879 
f 1362/2206/858 1365/2209/860 1398/2210/880 1396/2207/878 
f 1365/2209/860 1367/2211/861 1399/2212/881 1398/2210/880 
f 1367/2211/861 1369/2213/862 1400/2214/882 1399/2212/881 
f 1369/2213/862 1371/2215/864 1401/2216/883 1400/2214/882 
f 1371/2215/864 1373/2217/865 1402/2218/884 1401/2216/883 
f 1373/2217/865 1375/2219/866 1403/2220/885 1402/2218/884 
f 1375/2219/866 1377/2221/867 1404/2222/886 1403/2220/885 
f 1377/2221/867 1379/2223/868 1405/2224/887 1404/2222/886 
f 1379/2223/868 1381/2225/869 1406/2226/888 1405/2224/887 
f 1381/2225/869 1383/2227/870 1407/2228/889 1406/2226/888 
f 1383/2227/870 1385/2229/871 1408/2230/890 1407/2228/889 
f 1385/2229/871 1387/2231/872 1409/2232/891 1408/2230/890 
f 1387/2231/872 1389/2233/874 1410/2234/892 1409/2232/891 
f 1389/2233/874 1391/2235/875 1411/2236/893 1410/2234/892 
f 1391/2235/875 1393/2237/876 1412/2238/894 1411/2236/893 
f 1393/2237/876 1395/2239/877 1413/2240/895 1412/2238/894 
f 1395/2239/877 1363/2205/859 1397/2208/879 1413/2240/895 
s 1
f 1396/2207/878 1414/2241/87 1397/2208/879 
f 1398/2210/880 1414/2241/87 1396/2207/878 
f 1399/2212/881 1414/2241/87 1398/2210/880 
f 1400/2214/882 1414/2241/87 1399/2212/881 
f 1401/2216/883 1414/2241/87 1400/2214/882 
f 1402/2218/884 1414/2241/87 1401/2216/883 
f 1403/2220/885 1414/2241/87 1402/2218/884 
f 1404/2222/886 1414/2241/87 1403/2220/885 
f 1405/2224/887 1414/2241/87 1404/2222/886 
f 1406/2226/888 1414/2241/87 1405/2224/887 
f 1407/2228/889 1414/2241/87 1406/2226/888 
f 1408/2230/890 1414/2241/87 1407/2228/889 
f 1409/2232/891 1414/2241/87 1408/2230/890 
f 1410/2234/892 1414/2241/87 1409/2232/891 
f 1411/2236/893 1414/2241/87 1410/2234/892 
f 1412/2238/894 1414/2241/87 1411/2236/893 
f 1413/2240/895 1414/2241/87 1412/2238/894 
f 1397/2208/879 1414/2241/87 1413/2240/895 
f 1415/2242/1 1416/2243/1 1417/2244/1 1418/2245/1 1419/2246/1 1420/2247/1 1421/2248/1 1422/2249/1 1423/2250/1 
s 2
f 1424/2251/896 1425/2252/897 1426/2253/898 1427/2254/899 
f 1425/2255/897 1428/2256/900 1429/2257/901 1426/2258/898 
f 1428/2256/900 1430/2259/902 1431/2260/903 1429/2257/901 
f 1430/2261/902 1432/2262/904 1433/2263/905 1431/2264/903 
f 1432/2262/904 1434/2265/906 1435/2266/907 1433/2263/905 
f 1434/2265/906 1436/2267/908 1437/2268/909 1435/2266/907 
f 1436/2269/908 1438/2270/910 1439/2271/911 1437/2272/909 
f 1438/2270/910 1440/2273/912 1441/2274/913 1439/2271/911 
f 1440/2275/912 1424/2251/896 1427/2254/899 1441/2276/913 
s 1
f 1442/2277/914 1443/2278/915 1444/2279/916 1445/2280/917 
f 1443/2281/915 1446/2282/918 1447/2283/919 1444/2284/916 
f 1446/2282/918 1448/2285/920 1449/2286/921 1447/2283/919 
f 1448/2287/920 1450/2288/922 1451/2289/923 1449/2290/921 
f 1450/2288/922 1452/2291/924 1453/2292/925 1451/2289/923 
f 1452/2291/924 1454/2293/926 1455/2294/927 1453/2292/925 
f 1454/2295/926 1456/2296/928 1457/2297/929 1455/2298/927 
f 1456/2296/928 1458/2299/930 1459/2300/931 1457/2297/929 
f 1458/2301/930 1442/2277/914 1445/2280/917 1459/2302/931 
f 1460/2303/932 1461/2304/933 1462/2305/934 1463/2306/935 
f 1464/2307/936 1465/2308/937 1466/2309/938 1467/2310/939 
f 1468/2311/940 1469/2312/941 1470/2313/942 1471/2314/943 
f 1462/2305/934 1472/2315/944 1473/2316/945 1463/2306/935 
f 1474/2317/946 1443/2278/915 1442/2277/914 1475/2318/947 
f 1476/2319/948 1446/2282/918 1443/2281/915 1474/2320/946 
f 1477/2321/949 1448/2285/920 1446/2282/918 1476/2319/948 
f 1478/2322/950 1450/2288/922 1448/2287/920 1477/2323/949 
f 1479/2324/951 1452/2291/924 1450/2288/922 1478/2322/950 
f 1480/2325/952 1454/2293/926 1452/2291/924 1479/2324/951 
f 1481/2326/953 1456/2296/928 1454/2295/926 1480/2327/952 
f 1482/2328/954 1458/2299/930 1456/2296/928 1481/2326/953 
f 1475/2318/947 1442/2277/914 1458/2301/930 1482/2329/954 
f 1483/2330/955 1484/2331/956 1485/2332/957 1486/2333/958 
f 1487/2334/959 1471/2314/943 1484/2335/956 1483/2336/955 
f 1487/2334/959 1488/2337/960 1468/2311/940 1471/2314/943 
f 1488/2338/960 1460/2303/932 1463/2306/935 1468/2339/940 
f 1461/2304/933 1489/2340/961 1490/2341/962 1462/2305/934 
f 1489/2342/961 1491/2343/963 1492/2344/964 1490/2345/962 
f 1493/2346/965 1494/2347/966 1492/2344/964 1491/2343/963 
f 1486/2333/958 1485/2332/957 1494/2348/966 1493/2349/965 
f 1495/2350/967 1496/2351/968 1497/2352/969 1498/2353/970 
f 1499/2354/971 1500/2355/972 1496/2356/968 1495/2357/967 
f 1499/2354/971 1501/2358/973 1502/2359/974 1500/2355/972 
f 1501/2360/973 1503/2361/975 1504/2362/976 1502/2363/974 
f 1503/2361/975 1505/2364/977 1506/2365/978 1504/2362/976 
f 1505/2364/977 1507/2366/979 1508/2367/980 1506/2365/978 
f 1507/2368/979 1509/2369/981 1510/2370/982 1508/2371/980 
f 1511/2372/983 1512/2373/984 1510/2370/982 1509/2369/981 
f 1498/2353/970 1497/2352/969 1512/2374/984 1511/2375/983 
f 1513/2376/985 1514/2377/986 1515/2378/987 1516/2379/988 
f 1517/2380/989 1513/2381/985 1516/2382/988 1518/2383/990 
f 1519/2384/991 1520/2385/992 1517/2380/989 1518/2383/990 
f 1521/2386/993 1522/2387/994 1520/2388/992 1519/2389/991 
f 1523/2390/995 1524/2391/996 1522/2387/994 1521/2386/993 
f 1525/2392/997 1526/2393/998 1524/2391/996 1523/2390/995 
f 1467/2310/939 1466/2309/938 1526/2394/998 1525/2395/997 
f 1514/2377/986 1465/2396/937 1464/2397/936 1515/2378/987 
f 1516/2379/988 1515/2378/987 1527/2398/999 1528/2399/1000 
f 1518/2400/990 1516/2401/988 1528/2402/1000 1470/2313/942 
f 1469/2312/941 1519/2403/991 1518/2400/990 1470/2313/942 
f 1473/2316/945 1521/2386/993 1519/2389/991 1469/2404/941 
f 1472/2315/944 1523/2390/995 1521/2386/993 1473/2316/945 
f 1529/2405/1001 1525/2392/997 1523/2390/995 1472/2315/944 
f 1530/2406/1002 1467/2407/939 1525/2408/997 1529/2409/1001 
f 1464/2410/936 1467/2407/939 1530/2406/1002 1531/2411/1003 
f 1515/2378/987 1464/2397/936 1531/2412/1003 1527/2398/999 
f 1532/2413/1004 1533/2414/1005 1534/2415/1006 1535/2416/1007 
f 1536/2417/1008 1537/2418/1009 1533/2419/1005 1532/2420/1004 
f 1538/2421/1010 1537/2418/1009 1536/2417/1008 1539/2422/1011 
f 1540/2423/1012 1538/2421/1010 1539/2422/1011 1541/2424/1013 
f 1542/2425/1014 1540/2426/1012 1541/2427/1013 1543/2428/1015 
f 1544/2429/1016 1542/2425/1014 1543/2428/1015 1545/2430/1017 
f 1546/2431/1018 1544/2432/1016 1545/2433/1017 1547/2434/1019 
f 1548/2435/1020 1549/2436/1021 1546/2431/1018 1547/2434/1019 
f 1535/2416/1007 1534/2415/1006 1549/2437/1021 1548/2438/1020 
f 1550/2439/1022 1551/2440/1023 1552/2441/1024 1553/2442/1025 
f 1554/2443/1026 1555/2444/1027 1550/2445/1022 1553/2446/1025 
f 1556/2447/1028 1555/2444/1027 1554/2443/1026 1557/2448/1029 
f 1558/2449/1030 1556/2450/1028 1557/2451/1029 1559/2452/1031 
f 1560/2453/1032 1558/2449/1030 1559/2452/1031 1561/2454/1033 
f 1562/2455/1034 1560/2453/1032 1561/2454/1033 1563/2456/1035 
f 1564/2457/1036 1562/2458/1034 1563/2459/1035 1565/2460/1037 
f 1566/2461/1038 1567/2462/1039 1564/2457/1036 1565/2460/1037 
f 1552/2441/1024 1551/2440/1023 1567/2463/1039 1566/2464/1038 
f 1495/2350/967 1498/2353/970 1534/2415/1006 1533/2414/1005 
f 1499/2354/971 1495/2357/967 1533/2419/1005 1537/2418/1009 
f 1501/2358/973 1499/2354/971 1537/2418/1009 1538/2421/1010 
f 1540/2426/1012 1503/2361/975 1501/2360/973 1538/2465/1010 
f 1542/2425/1014 1505/2364/977 1503/2361/975 1540/2426/1012 
f 1544/2429/1016 1507/2366/979 1505/2364/977 1542/2425/1014 
f 1546/2431/1018 1509/2369/981 1507/2368/979 1544/2432/1016 
f 1511/2372/983 1509/2369/981 1546/2431/1018 1549/2436/1021 
f 1498/2353/970 1511/2375/983 1549/2437/1021 1534/2415/1006 
f 1532/2413/1004 1535/2416/1007 1514/2377/986 1513/2376/985 
f 1536/2417/1008 1532/2420/1004 1513/2381/985 1517/2380/989 
f 1520/2385/992 1539/2422/1011 1536/2417/1008 1517/2380/989 
f 1522/2466/994 1541/2424/1013 1539/2422/1011 1520/2385/992 
f 1524/2391/996 1543/2428/1015 1541/2427/1013 1522/2387/994 
f 1526/2393/998 1545/2430/1017 1543/2428/1015 1524/2391/996 
f 1466/2309/938 1547/2434/1019 1545/2433/1017 1526/2394/998 
f 1548/2435/1020 1547/2434/1019 1466/2309/938 1465/2308/937 
f 1535/2416/1007 1548/2438/1020 1465/2396/937 1514/2377/986 
f 1483/2330/955 1486/2333/958 1445/2280/917 1444/2279/916 
f 1487/2334/959 1483/2336/955 1444/2284/916 1447/2283/919 
f 1488/2337/960 1487/2334/959 1447/2283/919 1449/2286/921 
f 1460/2303/932 1488/2338/960 1449/2290/921 1451/2289/923 
f 1461/2304/933 1460/2303/932 1451/2289/923 1453/2292/925 
f 1489/2340/961 1461/2304/933 1453/2292/925 1455/2294/927 
f 1491/2343/963 1489/2342/961 1455/2298/927 1457/2297/929 
f 1493/2346/965 1491/2343/963 1457/2297/929 1459/2300/931 
f 1486/2333/958 1493/2349/965 1459/2302/931 1445/2280/917 
f 1484/2331/956 1528/2399/1000 1527/2398/999 1485/2332/957 
f 1471/2314/943 1470/2313/942 1528/2402/1000 1484/2335/956 
f 1473/2316/945 1469/2404/941 1468/2339/940 1463/2306/935 
f 1529/2405/1001 1472/2315/944 1462/2305/934 1490/2341/962 
f 1530/2406/1002 1529/2409/1001 1490/2345/962 1492/2344/964 
f 1531/2411/1003 1530/2406/1002 1492/2344/964 1494/2347/966 
f 1527/2398/999 1531/2412/1003 1494/2348/966 1485/2332/957 
f 1423/2250/1 1422/2249/1 1425/2467/897 1424/2468/896 
f 1422/2249/1 1421/2248/1 1428/2469/900 1425/2467/897 
f 1421/2248/1 1420/2247/1 1430/2470/902 1428/2469/900 
f 1420/2247/1 1419/2246/1 1432/2471/904 1430/2470/902 
f 1419/2246/1 1418/2245/1 1434/2472/906 1432/2471/904 
f 1418/2245/1 1417/2244/1 1436/2473/908 1434/2472/906 
f 1417/2244/1 1416/2243/1 1438/2474/910 1436/2473/908 
f 1416/2243/1 1415/2242/1 1440/2475/912 1438/2474/910 
f 1415/2242/1 1423/2250/1 1424/2468/896 1440/2475/912 
s 8
f 1474/2476/946 1475/2477/947 1427/2478/899 1426/2479/898 
f 1475/2477/947 1482/2480/954 1441/2481/913 1427/2478/899 
f 1482/2480/954 1481/2482/953 1439/2483/911 1441/2481/913 
f 1481/2482/953 1480/2484/952 1437/2485/909 1439/2483/911 
f 1480/2484/952 1479/2486/951 1435/2487/907 1437/2485/909 
f 1479/2486/951 1478/2488/950 1433/2489/905 1435/2487/907 
f 1478/2488/950 1477/2490/949 1431/2491/903 1433/2489/905 
f 1477/2490/949 1476/2492/948 1429/2493/901 1431/2491/903 
f 1476/2492/948 1474/2476/946 1426/2479/898 1429/2493/901 
s 4
f 1568/2494/1040 1569/2495/1041 1551/2496/1023 1550/2497/1022 
f 1569/2495/1041 1570/2498/1042 1567/2499/1039 1551/2496/1023 
f 1570/2498/1042 1571/2500/1043 1564/2501/1036 1567/2499/1039 
f 1571/2500/1043 1572/2502/1044 1562/2503/1034 1564/2501/1036 
f 1572/2502/1044 1573/2504/1045 1560/2505/1032 1562/2503/1034 
f 1573/2504/1045 1574/2506/1046 1558/2507/1030 1560/2505/1032 
f 1574/2506/1046 1575/2508/1047 1556/2509/1028 1558/2507/1030 
f 1575/2508/1047 1576/2510/1048 1555/2511/1027 1556/2509/1028 
f 1576/2510/1048 1568/2494/1040 1550/2497/1022 1555/2511/1027 
f 1497/2512/969 1496/2513/968 1553/2514/1025 1552/2515/1024 
f 1496/2516/968 1500/2517/972 1554/2518/1026 1553/2519/1025 
f 1500/2517/972 1502/2520/974 1557/2521/1029 1554/2518/1026 
f 1502/2520/974 1504/2522/976 1559/2523/1031 1557/2521/1029 
f 1504/2524/976 1506/2525/978 1561/2526/1033 1559/2527/1031 
f 1506/2528/978 1508/2371/980 1563/2529/1035 1561/2530/1033 
f 1508/2371/980 1510/2370/982 1565/2531/1037 1563/2529/1035 
f 1510/2370/982 1512/2373/984 1566/2532/1038 1565/2531/1037 
f 1512/2533/984 1497/2512/969 1552/2515/1024 1566/2534/1038 
# 1456 polygons - 72 triangles

