# 3ds Max Wavefront OBJ Exporter v0.99 - (c)2007 guruware
# File Created: 27.08.2025 21:51:45

mtllib Office Chair.mtl

#
# object Object001
#

v  -180.9991 14.1208 -13.2328
v  -181.0079 14.1208 -14.6187
v  -180.4713 14.1208 -14.6187
v  -180.4585 14.1208 -13.2328
v  -181.1074 14.9892 -30.3383
v  -181.0943 16.0499 -30.8979
v  -180.6163 16.0507 -30.9090
v  -180.6203 14.9896 -30.3494
v  -183.2541 14.1208 -13.2328
v  -183.2369 14.1208 -14.6187
v  -185.3996 14.1208 -13.2328
v  -185.3554 14.1208 -14.6187
v  -183.2605 14.1208 -16.8060
v  -185.3692 14.1208 -16.8094
v  -185.3762 14.1208 -18.1515
v  -183.2733 14.1208 -18.1476
v  -178.8367 14.1208 -13.2328
v  -178.8616 14.1208 -14.6187
v  -176.7289 14.1208 -14.6187
v  -176.6844 14.1208 -13.2328
v  -174.8080 14.1208 -14.6187
v  -174.7504 14.1208 -13.2328
v  -174.8574 14.1208 -16.8062
v  -176.7737 14.1208 -16.8052
v  -176.7836 14.1208 -18.1476
v  -174.8620 14.1208 -18.1494
v  -175.3026 14.1208 -26.5016
v  -175.2196 14.1208 -24.5089
v  -177.0461 14.1208 -24.5089
v  -177.1100 14.1208 -26.5016
v  -179.0393 14.1208 -24.5089
v  -179.0751 14.1208 -26.5016
v  -179.5472 14.1208 -24.5089
v  -179.5773 14.1208 -26.5016
v  -181.0837 14.1208 -26.5016
v  -181.0710 14.1208 -24.5089
v  -183.1140 14.1208 -24.5089
v  -183.0893 14.1208 -26.5016
v  -185.0396 14.1208 -24.5089
v  -184.9760 14.1208 -26.5016
v  -179.1174 14.1208 -18.8427
v  -180.7804 14.1208 -18.7203
v  -183.1016 14.1208 -22.2449
v  -185.0394 14.1208 -22.2404
v  -180.9102 14.1208 -20.2359
v  -177.0085 14.1208 -22.2456
v  -179.2282 14.1208 -20.2659
v  -175.1766 14.1208 -22.2439
v  -181.2765 17.8599 -16.8037
v  -181.3003 17.8601 -18.1455
v  -183.7538 18.0324 -18.1456
v  -183.7273 18.0317 -16.8034
v  -181.2110 17.8573 -14.6189
v  -180.5688 17.8482 -14.6189
v  -180.6193 17.8505 -16.8041
v  -178.7955 17.8553 -24.5087
v  -179.4262 17.8493 -24.5086
v  -179.3811 17.8518 -22.2473
v  -178.7318 17.8581 -22.2479
v  -185.2971 14.1208 -19.4862
v  -185.1539 14.1208 -20.8629
v  -183.1601 14.1208 -20.8658
v  -183.2350 14.1208 -19.4869
v  -176.8286 14.1208 -19.4881
v  -176.9227 14.1208 -20.8668
v  -175.0548 14.1208 -20.8659
v  -174.9209 14.1208 -19.4882
v  -181.3095 17.8602 -19.4877
v  -180.6384 17.8507 -18.1458
v  -180.6483 17.8509 -19.4877
v  -189.4964 15.9921 -19.4777
v  -189.4427 15.9913 -20.9048
v  -189.1531 15.3067 -20.9077
v  -189.2062 15.3067 -19.4771
v  -179.9347 14.1208 -14.6187
v  -179.3982 14.1208 -14.6187
v  -179.3773 14.1208 -13.2328
v  -179.9179 14.1208 -13.2328
v  -180.1309 16.0501 -30.8986
v  -179.6452 16.0507 -30.9084
v  -179.6326 14.9896 -30.3489
v  -180.1266 14.9893 -30.3393
v  -180.0552 14.1208 -24.5089
v  -180.5631 14.1208 -24.5089
v  -180.5816 14.1208 -26.5016
v  -180.0794 14.1208 -26.5016
v  -179.9297 17.8537 -14.6189
v  -179.2907 17.8456 -14.6189
v  -179.3112 17.8480 -16.8044
v  -179.9652 17.8565 -16.8044
v  -180.0534 17.8569 -24.5086
v  -180.6807 17.8498 -24.5086
v  -180.6726 17.8523 -22.2470
v  -180.0267 17.8598 -22.2470
v  -179.3209 17.8485 -18.1461
v  -179.9795 17.8569 -18.1460
v  -180.0076 17.8591 -20.8675
v  -179.9902 17.8575 -19.4878
v  -179.3324 17.8494 -19.4878
v  -179.3540 17.8510 -20.8677
v  -181.3184 17.8612 -20.8676
v  -180.6614 17.8519 -20.8674
v  -179.3230 16.0477 -9.5096
v  -179.8703 16.0468 -9.5137
v  -179.8732 15.3229 -9.8198
v  -179.3195 15.3232 -9.8159
v  -179.9124 17.8476 -13.2407
v  -179.3065 17.8400 -13.2407
v  -180.4173 16.0472 -9.5001
v  -180.9591 16.0463 -9.5048
v  -180.9755 15.3226 -9.8111
v  -180.4267 15.3231 -9.8065
v  -181.3219 17.8616 -22.2473
v  -181.3115 17.8586 -24.5086
v  -178.6539 17.8531 -16.8043
v  -178.6588 17.8538 -18.1461
v  -178.7818 16.0472 -9.5222
v  -178.7712 15.3229 -9.8284
v  -179.1672 16.0502 -30.8997
v  -179.1456 14.9893 -30.3403
v  -188.3716 14.7613 -22.3209
v  -188.4752 14.7636 -20.9008
v  -189.0511 15.3066 -22.3361
v  -171.0755 16.7056 -20.8988
v  -170.8744 15.9913 -20.9068
v  -170.9656 15.9909 -22.3298
v  -171.1658 16.7057 -22.3121
v  -187.4517 14.4207 -22.2956
v  -187.5583 14.4238 -20.8891
v  -179.6086 14.4241 -28.9605
v  -179.6213 14.5423 -29.6458
v  -179.1283 14.5426 -29.6387
v  -179.1104 14.4246 -28.9554
v  -178.9218 17.8481 -26.4953
v  -179.5015 17.8428 -26.4957
v  -189.1709 15.9937 -14.4882
v  -188.6959 15.9967 -13.0844
v  -188.5134 16.7083 -13.1308
v  -188.9765 16.7062 -14.5250
v  -171.4531 15.3057 -14.4735
v  -171.1749 15.9940 -14.4863
v  -171.6514 15.9973 -13.0822
v  -171.9203 15.3034 -13.0680
v  -180.6060 14.4241 -28.9607
v  -181.1042 14.4247 -28.9541
v  -180.9985 14.1024 -19.0928
v  -178.9345 14.1058 -19.1804
v  -189.4106 15.9924 -16.7046
v  -189.1257 15.3066 -16.6973
v  -188.8884 15.3060 -14.4748
v  -171.3647 16.7069 -14.5238
v  -170.9932 15.9926 -16.7029
v  -171.1877 16.7062 -16.7259
v  -179.5522 14.1086 -18.5187
v  -188.9101 16.7059 -24.5896
v  -189.1083 15.9920 -24.6213
v  -189.3388 15.9909 -22.3299
v  -189.1365 16.7053 -22.3122
v  -180.4636 14.1011 -20.4675
v  -171.2342 15.9920 -24.6212
v  -171.2519 15.3064 -22.3361
v  -171.5185 15.3058 -24.6333
v  -174.1548 18.1109 -24.5052
v  -176.5767 18.0184 -24.5085
v  -176.4717 18.0275 -22.2497
v  -173.9799 18.1251 -22.2547
v  -183.5818 18.0274 -24.5084
v  -183.6369 18.0369 -22.2482
v  -186.1068 18.1233 -24.5053
v  -186.2385 18.1381 -22.2523
v  -174.5285 17.5866 -11.5964
v  -174.1560 18.0505 -13.2484
v  -176.4338 17.9838 -13.2441
v  -176.5477 17.5856 -11.2707
v  -187.6346 14.4362 -16.7476
v  -188.4944 14.7764 -16.7168
v  -188.5620 14.7735 -18.0978
v  -187.6845 14.4339 -18.1158
v  -172.6923 14.4466 -16.7463
v  -172.6477 14.4435 -18.1149
v  -171.8082 14.7827 -18.0980
v  -171.8729 14.7863 -16.7156
v  -181.0907 16.7459 -30.6617
v  -183.0179 16.7300 -30.4208
v  -183.1511 17.6353 -28.8574
v  -181.1451 17.5796 -28.9934
v  -184.7489 16.7194 -29.8200
v  -185.1323 17.6447 -28.5066
v  -186.7563 16.7142 -28.4691
v  -186.3770 17.6206 -27.7250
v  -177.1785 14.5517 -29.4358
v  -177.1517 14.4369 -28.8092
v  -175.4068 14.5785 -28.9544
v  -175.3599 14.4697 -28.4649
v  -173.8132 14.8309 -28.1693
v  -174.2074 14.4804 -27.7245
v  -188.1845 14.7745 -24.6185
v  -187.6235 14.8091 -26.6492
v  -186.8960 14.4712 -26.6134
v  -187.3168 14.4347 -24.5879
v  -186.4906 14.5897 -27.8984
v  -186.0999 14.4789 -27.7233
v  -171.4304 16.7062 -24.5893
v  -172.1015 16.7079 -26.6045
v  -173.0600 17.6006 -26.5354
v  -172.4877 17.6336 -24.5398
v  -173.5703 16.7151 -28.4718
v  -173.9307 17.6150 -27.7258
v  -187.5460 17.6010 -13.2011
v  -187.9247 17.6302 -14.5819
v  -187.1674 16.7106 -11.5722
v  -186.7428 17.5948 -12.2016
v  -178.7903 16.7475 -9.7465
v  -176.5990 16.7291 -9.9829
v  -178.7590 17.5364 -11.1383
v  -174.7690 16.7160 -10.5414
v  -173.0783 16.7126 -11.6117
v  -173.4697 17.5745 -12.2246
v  -183.3205 14.8136 -10.5432
v  -185.4750 14.8400 -11.0126
v  -185.4659 14.5023 -11.6129
v  -183.3055 14.4720 -11.2776
v  -186.9142 14.8447 -11.8250
v  -186.5145 14.4982 -12.1982
v  -172.0101 14.7991 -14.4929
v  -172.3803 14.8280 -13.0842
v  -173.0261 14.4909 -13.1214
v  -172.7774 14.4601 -14.5294
v  -173.3135 14.8510 -11.8564
v  -173.6897 14.5050 -12.2203
v  -185.6124 17.6030 -11.5699
v  -186.0112 18.0777 -13.2484
v  -181.0186 17.5414 -11.1277
v  -180.4537 17.5373 -11.1242
v  -180.5184 17.8432 -13.2407
v  -181.1267 17.8514 -13.2414
v  -176.3963 18.0245 -20.8696
v  -173.8833 18.1195 -20.8725
v  -178.6969 17.8570 -20.8682
v  -188.0083 17.6579 -22.2792
v  -188.1069 17.6547 -20.8821
v  -186.3303 18.1350 -20.8700
v  -173.9144 18.0836 -14.6224
v  -176.3280 18.0045 -14.6195
v  -178.6980 17.8438 -13.2415
v  -178.6484 17.8503 -14.6190
v  -186.2646 18.1091 -14.6224
v  -174.5844 18.0754 -26.4886
v  -176.8204 17.9951 -26.4932
v  -187.2551 17.6091 -26.5351
v  -187.8204 17.6445 -24.5400
v  -185.6940 18.0851 -26.4885
v  -177.0925 17.6326 -28.8562
v  -175.1648 17.6414 -28.5105
v  -179.0726 17.5788 -28.9940
v  -179.5906 17.5766 -29.0003
v  -172.7235 17.5772 -13.2000
v  -172.3500 17.6079 -14.5809
v  -173.8311 18.0985 -16.7997
v  -172.2108 17.6212 -16.7665
v  -172.1501 17.6246 -18.1258
v  -173.8015 18.1022 -18.1442
v  -183.3509 17.5993 -11.2338
v  -183.5053 18.0036 -13.2440
v  -183.6380 18.0229 -14.6193
v  -181.2350 17.8507 -26.4951
v  -183.3770 18.0021 -26.4930
v  -183.6852 18.0358 -20.8681
v  -180.6271 17.5765 -29.0008
v  -180.6125 16.7456 -30.6722
v  -188.1241 17.6432 -16.7679
v  -188.1894 17.6451 -18.1254
v  -189.2948 16.7053 -18.1025
v  -189.2122 16.7056 -16.7271
v  -179.3238 17.5350 -11.1298
v  -179.3297 16.7470 -9.7344
v  -172.1661 17.6410 -20.8843
v  -172.2595 17.6464 -22.2804
v  -183.0275 16.0331 -30.6454
v  -184.7573 16.0204 -30.0269
v  -184.8496 14.9736 -29.4922
v  -186.7498 14.9671 -28.2032
v  -186.8724 16.0034 -28.6273
v  -177.2562 16.7308 -30.4198
v  -179.1665 16.7461 -30.6633
v  -175.5607 16.7208 -29.8281
v  -188.2393 16.7076 -26.6040
v  -171.9175 15.9952 -26.6517
v  -173.4579 16.0032 -28.6320
v  -187.2942 15.9991 -11.4345
v  -176.5764 16.0283 -9.7734
v  -174.7419 16.0142 -10.3543
v  -172.9570 16.0011 -11.4729
v  -183.2734 16.7270 -9.9214
v  -180.9573 16.7466 -9.7289
v  -185.3533 16.7126 -10.5000
v  -171.8279 16.7090 -13.1298
v  -189.4959 15.9923 -18.0901
v  -189.2082 15.3067 -18.0862
v  -177.2502 16.0338 -30.6449
v  -175.5545 16.0213 -30.0346
v  -175.4578 14.9733 -29.4997
v  -173.5759 15.3053 -28.4504
v  -188.4254 15.9956 -26.6505
v  -183.2910 16.0263 -9.7116
v  -185.3784 16.0111 -10.3140
v  -181.1076 14.5427 -29.6370
v  -183.0900 14.4368 -28.8093
v  -183.0794 14.5517 -29.4359
v  -184.9368 14.4701 -28.4597
v  -184.8958 14.5791 -28.9479
v  -172.1411 14.7792 -24.6184
v  -172.9897 14.4396 -24.5879
v  -173.4186 14.4748 -26.6136
v  -172.7072 14.8123 -26.6509
v  -188.2975 14.7890 -14.4933
v  -187.4885 14.4497 -14.5293
v  -187.2336 14.4800 -13.1211
v  -187.9247 14.8174 -13.0847
v  -176.5629 14.8175 -10.5927
v  -176.5931 14.4757 -11.3128
v  -174.6679 14.5051 -11.6364
v  -174.6531 14.8430 -11.0454
v  -172.8145 14.4260 -22.2980
v  -172.7117 14.4301 -20.8913
v  -178.7921 14.4647 -11.1709
v  -179.3414 14.4641 -11.1636
v  -180.9901 14.4636 -11.1610
v  -186.4105 18.1233 -16.8008
v  -176.3070 18.0137 -16.8038
v  -171.9150 14.7663 -22.3220
v  -188.4214 15.3037 -13.0694
v  -171.2744 15.3063 -16.6960
v  -188.8224 15.3060 -24.6336
v  -183.0645 14.9822 -30.0923
v  -172.1941 15.3035 -26.6670
v  -187.1592 15.3016 -11.5980
v  -176.5531 15.3149 -10.0708
v  -174.6698 15.3056 -10.6287
v  -173.0871 15.3019 -11.6359
v  -171.1927 15.3064 -18.0875
v  -170.9084 15.9925 -18.0913
v  -177.2065 14.9824 -30.0920
v  -188.1491 15.3045 -26.6642
v  -183.3195 15.3143 -10.0097
v  -185.4541 15.3046 -10.5885
v  -181.0699 14.1010 -19.8466
v  -181.1272 14.1111 -19.4685
v  -178.8426 14.1155 -19.5155
v  -178.9715 14.1072 -19.8916
v  -176.3030 18.0156 -18.1465
v  -173.8181 18.1085 -19.4884
v  -176.3326 18.0186 -19.4885
v  -188.1716 17.6477 -19.4835
v  -186.4502 18.1254 -18.1443
v  -186.4088 18.1278 -19.4867
v  -172.1292 17.6307 -19.4855
v  -183.7302 18.0326 -19.4875
v  -178.6711 17.8550 -19.4880
v  -189.2390 16.7052 -20.8970
v  -189.2932 16.7052 -19.4798
v  -171.1058 16.7059 -18.1037
v  -171.0591 16.7057 -19.4823
v  -170.8590 15.9922 -19.4804
v  -172.6468 14.4389 -19.4831
v  -187.6488 14.4310 -19.4820
v  -171.1620 15.3065 -20.9095
v  -171.1464 15.3065 -19.4797
v  -180.6145 14.5423 -29.6462
v  -180.1180 14.5427 -29.6379
v  -180.1073 14.4246 -28.9547
v  -180.6553 17.8431 -26.4957
v  -180.0783 17.8494 -26.4957
v  -180.3866 14.1056 -18.4773
v  -179.9916 14.1208 -18.3568
v  -179.6250 14.1100 -20.4798
v  -180.0174 14.1208 -20.5808
v  -179.8888 17.5382 -11.1313
v  -180.1088 17.5788 -28.9954
v  -179.6447 16.7456 -30.6716
v  -180.1286 16.7448 -30.6627
v  -180.4175 16.7466 -9.7249
v  -179.8737 16.7459 -9.7376
v  -180.4407 14.4635 -11.1582
v  -179.8911 14.4642 -11.1660
v  -171.8197 14.7697 -20.9027
v  -188.5446 14.7700 -19.4792
v  -180.9846 14.8081 -10.3808
v  -180.4338 14.8081 -10.3770
v  -179.8806 14.8087 -10.3878
v  -179.3272 14.8087 -10.3846
v  -178.7768 14.8093 -10.3948
v  -171.7825 14.7776 -19.4809
v  -172.5351 14.2819 -19.4833
v  -172.5347 14.2870 -18.1128
v  -172.6012 14.2726 -20.8936
v  -172.4233 14.1248 -19.4834
v  -172.4216 14.1305 -18.1107
v  -172.4907 14.1151 -20.8959
v  -171.1099 1.2927 -27.8705
v  -171.1093 0.0364 -27.8706
v  -171.3491 0.0365 -28.2020
v  -171.3537 1.2927 -28.2072
v  -178.9192 3.9063 -19.1281
v  -178.9185 2.6506 -19.1250
v  -178.8478 2.6506 -19.4927
v  -178.8488 3.9064 -19.4942
v  -178.9185 2.6505 -19.8547
v  -178.9191 3.9068 -19.8546
v  -184.4952 1.6138 -15.3972
v  -184.6945 1.6138 -15.7392
v  -181.0760 2.6506 -19.1199
v  -180.8767 2.6506 -18.7778
v  -184.0870 1.6140 -15.0876
v  -180.4685 2.6508 -18.4683
v  -184.0817 2.8691 -15.0882
v  -180.4632 3.9059 -18.4689
v  -184.4889 2.8700 -15.3934
v  -180.8705 3.9068 -18.7741
v  -184.6900 2.8694 -15.7380
v  -181.0715 3.9062 -19.1186
v  -184.5169 1.6039 -23.5331
v  -184.1305 1.6037 -23.8405
v  -180.4825 2.6505 -20.4918
v  -180.8689 2.6506 -20.1843
v  -184.7105 1.6038 -23.2068
v  -181.0624 2.6505 -19.8581
v  -184.7123 2.8596 -23.2059
v  -181.0642 3.9063 -19.8571
v  -184.5196 2.8601 -23.5364
v  -180.8715 3.9068 -20.1877
v  -184.1293 2.8586 -23.8390
v  -180.4812 3.9054 -20.4902
v  -175.7027 1.6090 -23.7331
v  -175.4629 1.6090 -23.4018
v  -179.1583 2.6506 -20.1861
v  -176.1098 1.6091 -24.0337
v  -179.5654 2.6506 -20.4866
v  -176.1137 2.8646 -24.0332
v  -179.5693 3.9061 -20.4862
v  -175.7073 2.8652 -23.7383
v  -179.1628 3.9068 -20.1912
v  -175.4635 2.8652 -23.4016
v  -175.5114 1.6133 -15.3982
v  -175.9108 1.6133 -15.0905
v  -179.5285 2.6506 -18.4719
v  -179.1292 2.6506 -18.7796
v  -175.3007 1.6133 -15.7436
v  -175.3014 2.8690 -15.7467
v  -175.5106 2.8695 -15.4023
v  -179.1284 3.9068 -18.7837
v  -175.9123 2.8687 -15.0936
v  -179.5301 3.9060 -18.4750
v  -186.5395 1.0636 -13.4872
v  -189.0541 0.0472 -11.1379
v  -189.2534 0.0473 -11.4800
v  -186.7388 1.0636 -13.8293
v  -186.1313 1.0638 -13.1777
v  -188.6459 0.0474 -10.8284
v  -186.1260 2.3190 -13.1782
v  -188.6405 1.3026 -10.8290
v  -186.5333 2.3198 -13.4834
v  -189.0478 1.3034 -11.1342
v  -186.7344 2.3192 -13.8280
v  -189.2489 1.3028 -11.4787
v  -186.5779 1.0481 -25.4250
v  -189.1130 0.0248 -27.7521
v  -188.7266 0.0247 -28.0596
v  -186.1915 1.0479 -25.7325
v  -186.7715 1.0480 -25.0988
v  -189.3066 0.0247 -27.4259
v  -186.7733 2.3038 -25.0978
v  -189.3084 1.2805 -27.4249
v  -186.5806 2.3043 -25.4284
v  -189.1157 1.2810 -27.7555
v  -186.1903 2.3028 -25.7309
v  -188.7254 1.2796 -28.0580
v  -173.7504 1.0562 -25.7371
v  -173.5106 1.0561 -25.4057
v  -174.1575 1.0562 -26.0377
v  -171.7562 0.0365 -28.5026
v  -174.1614 2.3117 -26.0372
v  -171.7601 1.2920 -28.5021
v  -173.7550 2.3124 -25.7423
v  -173.5112 2.3123 -25.4056
v  -173.4675 1.0628 -13.4878
v  -170.9534 0.0461 -11.1380
v  -171.3527 0.0461 -10.8303
v  -173.8668 1.0629 -13.1801
v  -173.2568 1.0629 -13.8332
v  -170.7427 0.0461 -11.4834
v  -173.2574 2.3185 -13.8363
v  -170.7434 1.3018 -11.4865
v  -173.4667 2.3190 -13.4919
v  -170.9526 1.3023 -11.1421
v  -173.8683 2.3183 -13.1832
v  -171.3543 1.3015 -10.8334
v  -171.6952 14.5071 -18.0959
v  -188.6907 14.2084 -20.9102
v  -188.7621 14.2154 -19.4853
v  -190.2030 15.9756 -19.5250
v  -190.1292 15.9671 -20.9750
v  -188.7813 14.2196 -18.1007
v  -190.2237 15.9809 -18.1187
v  -171.5821 14.2314 -18.0938
v  -171.5590 14.2253 -19.4811
v  -170.1151 15.9940 -19.4878
v  -170.1372 16.0018 -18.0737
v  -171.5988 14.2164 -20.9073
v  -170.1574 15.9830 -20.9444
v  -190.2499 16.2874 -20.9804
v  -190.3238 16.2959 -19.5302
v  -190.3238 21.6466 -19.5302
v  -190.2499 21.5666 -20.9804
v  -190.3445 16.3012 -18.1202
v  -190.3445 21.5804 -18.1202
v  -190.0403 16.2778 -18.1188
v  -190.0403 21.5935 -18.1188
v  -189.7362 16.2544 -18.1173
v  -189.7206 16.2498 -19.5240
v  -189.7206 21.6005 -19.5240
v  -189.7362 21.5336 -18.1173
v  -170.6145 16.2660 -19.4900
v  -170.6437 16.2728 -18.0762
v  -170.6437 21.4711 -18.0762
v  -170.6145 21.5114 -19.4900
v  -170.3302 16.2985 -18.0741
v  -170.3302 21.5023 -18.0741
v  -170.0167 16.3223 -18.0720
v  -169.9946 16.3144 -19.4904
v  -169.9946 21.5598 -19.4904
v  -170.0167 21.5205 -18.0720
v  -170.0368 16.3035 -20.9475
v  -170.0368 21.5017 -20.9475
v  -170.3432 16.2807 -20.9452
v  -170.3432 21.5035 -20.9452
v  -170.6495 16.2560 -20.9429
v  -170.6495 21.4543 -20.9429
v  -188.9752 21.5266 -20.9416
v  -188.8533 21.2898 -23.5192
v  -188.8533 21.9013 -23.5192
v  -188.9743 22.1380 -20.9611
v  -189.6739 21.1161 -24.3931
v  -189.9734 21.1229 -24.3978
v  -189.9734 21.7343 -24.3978
v  -189.6739 21.7275 -24.3931
v  -190.8784 21.3354 -23.5512
v  -191.0083 21.5725 -21.0015
v  -191.0078 22.1839 -21.0110
v  -190.8784 21.9468 -23.5512
v  -191.1741 21.5786 -18.1252
v  -191.1420 21.3468 -15.5972
v  -191.1420 21.9582 -15.5972
v  -191.1741 22.1900 -18.1252
v  -190.2933 21.1365 -14.7318
v  -189.9580 21.1289 -14.7302
v  -189.9580 21.7403 -14.7302
v  -190.2933 21.7479 -14.7318
v  -189.0872 21.3001 -15.5874
v  -189.0299 21.5300 -18.1085
v  -189.0299 22.1414 -18.1085
v  -189.0872 21.9115 -15.5874
v  -171.3286 21.4661 -18.1713
v  -171.3830 21.2119 -15.5371
v  -171.3830 21.8234 -15.5371
v  -171.3290 22.0776 -18.1502
v  -170.5394 21.1478 -14.6702
v  -170.1410 21.1570 -14.6676
v  -170.1410 21.7684 -14.6676
v  -170.5394 21.7591 -14.6702
v  -169.2663 21.2612 -15.5230
v  -169.2269 21.5150 -18.0476
v  -169.2264 22.1264 -18.0800
v  -169.2663 21.8726 -15.5230
v  -169.2049 21.5598 -19.4599
v  -169.2460 21.5095 -20.8755
v  -169.2469 22.1209 -20.9074
v  -169.2049 22.1712 -19.4599
v  -170.2092 21.1386 -24.3827
v  -170.5591 21.1306 -24.3800
v  -170.5591 21.7420 -24.3800
v  -170.2092 21.7500 -24.3827
v  -171.3385 21.4612 -20.9719
v  -171.3020 21.5114 -19.4586
v  -171.3020 22.1228 -19.4586
v  -171.3380 22.0727 -20.9537
v  -190.3529 21.1314 -24.3500
v  -190.3529 21.7429 -24.3500
v  -190.6302 21.1378 -24.1930
v  -190.6302 21.7492 -24.1930
v  -189.2996 21.7192 -24.3334
v  -189.2996 21.1078 -24.3334
v  -189.0381 21.7134 -24.1678
v  -189.0381 21.1020 -24.1678
v  -189.5806 21.1202 -14.7823
v  -189.5806 21.7317 -14.7823
v  -189.3096 21.1140 -14.9425
v  -189.3096 21.7254 -14.9425
v  -190.6694 21.7564 -14.7875
v  -190.6694 21.1450 -14.7875
v  -190.9361 21.7624 -14.9502
v  -190.9361 21.1510 -14.9502
v  -169.7634 21.1657 -14.7189
v  -169.7633 21.7772 -14.7189
v  -169.4917 21.1718 -14.8786
v  -169.4917 21.7832 -14.8786
v  -170.9151 21.7503 -14.7266
v  -170.9151 21.1389 -14.7266
v  -171.1810 21.7438 -14.8898
v  -171.1810 21.1324 -14.8898
v  -170.9346 21.1221 -24.3234
v  -170.9346 21.7335 -24.3234
v  -171.1999 21.1163 -24.1599
v  -171.1999 21.7277 -24.1599
v  -169.8308 21.7588 -24.3317
v  -169.8308 21.1474 -24.3317
v  -169.5570 21.7653 -24.1723
v  -169.5570 21.1539 -24.1723
v  -170.5449 21.9590 -23.8334
v  -170.5574 22.0016 -23.5189
v  -170.2032 22.0097 -23.5215
v  -170.2175 21.9665 -23.8358
v  -170.5412 22.0157 -15.5315
v  -170.5268 21.9742 -15.2169
v  -170.1546 21.9829 -15.2145
v  -170.1470 22.0249 -15.5289
v  -170.2240 21.9228 -24.1498
v  -170.5408 21.9155 -24.1474
v  -170.5213 21.9319 -14.9029
v  -170.1559 21.9404 -14.9004
v  -169.3230 21.2457 -23.5282
v  -169.3230 21.8572 -23.5282
v  -171.3997 21.8096 -23.5125
v  -171.3997 21.1981 -23.5125
v  -170.1419 21.8440 -14.6821
v  -170.5383 21.8347 -14.6848
v  -170.1447 21.8978 -14.7258
v  -170.5349 21.8887 -14.7284
v  -169.2808 21.9479 -15.5243
v  -169.2409 22.2016 -18.0844
v  -169.2845 22.2546 -18.0884
v  -169.3244 22.0008 -15.5280
v  -169.2616 22.1961 -20.9116
v  -169.2195 22.2464 -19.4598
v  -170.5580 21.8176 -24.3655
v  -170.2101 21.8256 -24.3681
v  -170.5545 21.8718 -24.3219
v  -170.2129 21.8796 -24.3244
v  -171.2875 22.1987 -19.4586
v  -171.3234 22.1486 -20.9513
v  -169.7682 21.8526 -14.7329
v  -169.7827 21.9062 -14.7750
v  -169.5022 21.8585 -14.8893
v  -169.5336 21.9117 -14.9214
v  -170.9101 21.8260 -14.7405
v  -170.8948 21.8802 -14.7824
v  -171.1702 21.8196 -14.9003
v  -171.1380 21.8743 -14.9317
v  -170.9295 21.8092 -24.3095
v  -170.9142 21.8636 -24.2676
v  -171.1891 21.8035 -24.1495
v  -171.1568 21.8583 -24.1182
v  -169.8356 21.8343 -24.3176
v  -169.8501 21.8880 -24.2756
v  -169.5674 21.8407 -24.1615
v  -169.5986 21.8940 -24.1291
v  -169.9078 21.9301 -24.1072
v  -169.7232 21.9345 -23.9997
v  -169.6505 21.9252 -24.0752
v  -169.8741 21.9199 -24.2054
v  -170.2175 21.9120 -24.2517
v  -170.5488 21.9044 -24.2492
v  -170.8530 21.9085 -24.1003
v  -170.8887 21.8967 -24.1979
v  -171.0275 21.9046 -23.9928
v  -171.1029 21.8920 -24.0659
v  -170.8338 21.9245 -14.9497
v  -171.0090 21.9202 -15.0573
v  -171.0842 21.9078 -14.9840
v  -170.8694 21.9131 -14.8521
v  -170.5293 21.9211 -14.8011
v  -170.1494 21.9299 -14.7985
v  -169.8409 21.9476 -14.9432
v  -169.8070 21.9378 -14.8451
v  -169.6592 21.9517 -15.0500
v  -169.5859 21.9427 -14.9750
v  -171.3146 22.1535 -18.1472
v  -171.3851 21.8855 -23.5118
v  -171.2797 22.2036 -20.9490
v  -171.3414 21.9404 -23.5098
v  -170.0247 16.1480 -19.4897
v  -170.0468 16.1558 -18.0724
v  -170.0670 16.1370 -20.9468
v  -170.6465 16.1004 -19.4896
v  -170.6756 16.1072 -18.0768
v  -170.3694 16.1217 -18.0747
v  -170.6816 16.0905 -20.9418
v  -170.3825 16.1040 -20.9441
v  -190.2936 16.1294 -19.5289
v  -190.2197 16.1209 -20.9791
v  -190.3143 16.1348 -18.1199
v  -189.6522 16.2419 -20.9710
v  -189.6883 16.0843 -19.5228
v  -189.6199 16.0765 -20.9691
v  -190.0091 16.1119 -18.1183
v  -189.7039 16.0889 -18.1168
v  -189.8753 22.3333 -18.1181
v  -189.9327 22.1035 -15.5914
v  -189.5568 22.0949 -15.5896
v  -189.4995 22.3248 -18.1153
v  -189.6941 21.9009 -24.1606
v  -189.9606 21.9069 -24.1649
v  -189.9761 22.0041 -23.8513
v  -189.7000 21.9979 -23.8470
v  -190.0019 22.0998 -23.5373
v  -189.6992 22.0930 -23.5326
v  -190.2002 22.3407 -18.1205
v  -190.2648 22.1110 -15.5930
v  -190.2677 22.0147 -15.2788
v  -189.9587 22.0077 -15.2773
v  -190.2757 21.9201 -14.9645
v  -189.9734 21.9132 -14.9631
v  -190.5780 22.3492 -18.1234
v  -190.6427 22.1196 -15.5948
v  -189.0441 21.6005 -19.4846
v  -189.0441 22.2119 -19.4846
v  -189.4421 22.3936 -19.4887
v  -189.8180 22.4021 -19.4926
v  -190.1357 22.4093 -19.4959
v  -190.5134 22.4178 -19.4998
v  -191.0845 22.2580 -19.5057
v  -191.0845 21.6466 -19.5057
v  -189.6522 21.5176 -20.9701
v  -189.9510 16.2647 -20.9757
v  -189.9510 21.5803 -20.9757
v  -189.9726 21.8098 -24.3833
v  -189.6751 21.8032 -24.3786
v  -189.9702 21.8638 -24.3396
v  -189.6789 21.8573 -24.3350
v  -190.9932 22.2591 -21.0119
v  -190.8640 22.0221 -23.5495
v  -191.1275 22.0335 -15.5982
v  -191.1596 22.2653 -18.1250
v  -189.9590 21.8159 -14.7448
v  -190.2922 21.8234 -14.7464
v  -189.9619 21.8699 -14.7884
v  -190.2889 21.8773 -14.7900
v  -189.0444 22.2173 -18.1087
v  -189.1017 21.9874 -15.5887
v  -189.4778 21.9018 -15.1134
v  -189.6587 21.9060 -15.0064
v  -189.6245 21.8945 -14.9084
v  -189.4042 21.8894 -15.0386
v  -189.6001 21.8616 -14.8383
v  -189.3517 21.8559 -14.9852
v  -188.8895 21.8004 -23.8723
v  -189.0491 21.7892 -24.1575
v  -188.9031 21.8763 -23.8666
v  -190.3482 21.8183 -24.3359
v  -190.3342 21.8720 -24.2937
v  -190.6200 21.8245 -24.1820
v  -190.5894 21.8778 -24.1493
v  -189.3049 21.7949 -24.3195
v  -189.3206 21.8492 -24.2778
v  -189.0819 21.8440 -24.1267
v  -191.0924 21.8541 -15.2440
v  -190.9254 21.8377 -14.9607
v  -191.0791 21.9294 -15.2501
v  -189.5855 21.8073 -14.7963
v  -189.3202 21.8012 -14.9531
v  -190.6643 21.8319 -14.8014
v  -190.6492 21.8855 -14.8433
v  -190.8933 21.8909 -14.9923
v  -189.1456 21.8098 -15.2345
v  -189.1587 21.8857 -15.2409
v  -189.3836 21.8939 -24.1111
v  -189.2133 21.8902 -24.0033
v  -189.1366 21.8776 -24.0753
v  -189.3468 21.8823 -24.2083
v  -189.6853 21.8898 -24.2623
v  -189.9667 21.9023 -14.8612
v  -189.9662 21.8961 -24.2668
v  -190.2834 21.9095 -14.8627
v  -190.2783 21.9140 -24.1248
v  -190.3109 21.9039 -24.2233
v  -190.5886 21.9272 -15.0108
v  -190.6239 21.9172 -14.9131
v  -190.4668 21.9183 -24.0181
v  -190.5383 21.9091 -24.0946
v  -190.7649 21.9311 -15.1183
v  -190.8398 21.9220 -15.0448
v  -189.0587 22.2878 -19.4849
v  -189.1023 22.3427 -19.4858
v  -189.0880 22.2723 -18.1091
v  -189.1750 22.3768 -19.4872
v  -189.1607 22.3063 -18.1099
v  -190.9414 22.3575 -18.1218
v  -190.8517 22.4255 -19.5033
v  -190.9536 22.4170 -19.5043
v  -191.0432 22.3490 -18.1233
v  -191.0263 22.3862 -19.5051
v  -191.1159 22.3182 -18.1243
v  -191.0700 22.3332 -19.5055
v  -190.9496 22.3121 -21.0117
v  -190.8768 22.3429 -21.0105
v  -189.2067 22.3160 -20.9720
v  -189.2768 22.3899 -19.4892
v  -189.1049 22.3029 -20.9693
v  -188.9887 22.2139 -20.9639
v  -179.3272 14.9504 -9.6697
v  -179.8806 14.9476 -9.6682
v  -179.8806 15.4210 -9.0858
v  -179.3272 15.4231 -9.0882
v  -180.4338 14.9575 -9.6726
v  -180.9846 14.9541 -9.6708
v  -180.9846 15.4261 -9.0906
v  -180.4338 15.4286 -9.0936
v  -180.9901 14.4138 -9.0109
v  -180.4407 14.4163 -9.0121
v  -180.4407 15.1763 -8.2778
v  -180.9901 15.1744 -8.2758
v  -179.8911 14.4091 -9.0092
v  -179.3414 14.4112 -9.0102
v  -179.3414 15.1723 -8.2741
v  -179.8911 15.1707 -8.2724
v  -183.3205 15.3786 -9.1488
v  -183.3055 15.1547 -8.3703
v  -183.3055 16.6077 -8.1234
v  -183.3205 16.6378 -8.9329
v  -179.3414 16.6478 -8.0343
v  -179.8911 16.6467 -8.0322
v  -176.5931 15.1288 -8.3462
v  -176.5629 15.3432 -9.1139
v  -176.5629 16.6118 -8.8906
v  -176.5931 16.5883 -8.0938
v  -179.3591 2.5454 -18.9601
v  -178.7768 24.7552 -8.8760
v  -179.3272 24.7603 -8.8848
v  -179.3414 24.7126 -8.0343
v  -178.7921 24.7087 -8.0281
v  -180.9846 24.7626 -8.8879
v  -183.3205 24.7026 -8.9329
v  -183.3055 24.6725 -8.1234
v  -180.9901 24.7143 -8.0364
v  -176.5931 24.6531 -8.0938
v  -176.5629 24.6766 -8.8906
v  -180.8437 13.9624 -19.1549
v  -180.8764 8.5468 -19.1665
v  -180.6998 8.5558 -18.8643
v  -180.6595 13.9809 -18.8403
v  -180.3918 13.9611 -20.3161
v  -180.3997 8.5458 -20.3263
v  -180.7518 8.5558 -20.0989
v  -180.7691 13.9809 -20.1205
v  -179.1314 13.9673 -19.8297
v  -179.1080 8.5494 -19.8131
v  -179.3190 8.5558 -20.1125
v  -179.3483 13.9809 -20.1459
v  -179.6220 13.9687 -18.6700
v  -179.6120 8.5497 -18.6504
v  -179.2596 8.5558 -18.9173
v  -179.2547 13.9809 -18.9437
v  -181.1347 2.6506 -19.4892
v  -180.6274 2.5482 -20.0066
v  -180.6635 2.5223 -19.4855
v  -187.7738 14.1068 -20.8986
v  -187.8662 14.1146 -19.4883
v  -180.9040 13.9610 -19.7917
v  -180.9014 8.5463 -19.7964
v  -180.9550 8.5509 -19.4810
v  -180.9524 13.9711 -19.4723
v  -179.1001 13.9658 -19.2289
v  -179.0933 8.5485 -19.2055
v  -179.0253 8.5531 -19.5024
v  -179.0225 13.9755 -19.5120
v  -180.6314 2.5356 -18.9647
v  -179.9905 2.5737 -18.8344
v  -179.9936 2.6506 -18.3657
v  -180.4338 24.7644 -8.8913
v  -180.4407 24.7156 -8.0388
v  -179.8911 24.7115 -8.0322
v  -179.8806 24.7589 -8.8820
v  -179.6834 13.9701 -20.3266
v  -179.6585 8.5504 -20.3294
v  -180.0172 8.5558 -20.4177
v  -180.0149 13.9809 -20.4119
v  -180.3268 13.9656 -18.6350
v  -180.3611 8.5482 -18.6312
v  -179.9940 8.5558 -18.5369
v  -179.9931 13.9809 -18.5332
v  -179.3645 2.5561 -20.0122
v  -180.0022 2.5934 -20.1314
v  -180.0228 2.6506 -20.5948
v  -179.9907 2.5522 -19.4822
v  -179.3186 2.5311 -19.4868
v  -187.9039 14.1183 -18.1188
v  -181.1331 3.9061 -19.4879
v  -180.0225 3.9068 -20.5939
v  -179.9935 3.9068 -18.3651
v  -180.8281 8.7074 -18.7488
v  -181.0372 8.6984 -19.1065
v  -180.8897 8.7074 -20.2104
v  -180.4730 8.6973 -20.4795
v  -179.1936 8.7074 -20.2264
v  -178.9437 8.7010 -19.8720
v  -179.1232 8.7074 -18.8115
v  -179.5405 8.7013 -18.4955
v  -181.1303 8.7024 -19.4788
v  -181.0669 8.6978 -19.8522
v  -178.8459 8.7047 -19.5042
v  -178.9264 8.7000 -19.1527
v  -180.0201 8.7074 -20.5877
v  -179.5955 8.7020 -20.4832
v  -179.9926 8.7074 -18.3612
v  -180.4272 8.6998 -18.4728
v  -187.7575 14.2728 -19.4852
v  -187.6661 14.2653 -20.8939
v  -187.7942 14.2761 -18.1173
v  -188.6716 14.4965 -18.0992
v  -189.3852 21.9936 -15.3671
v  -189.6277 22.0001 -15.2950
v  -189.0865 22.0792 -23.5136
v  -189.3234 22.0846 -23.5266
v  -189.3984 22.3203 -20.9765
v  -188.5830 14.4860 -20.9055
v  -171.7093 14.4931 -20.9050
v  -169.6237 21.9790 -23.7478
v  -169.8838 21.9741 -23.8186
v  -169.8252 22.0184 -23.5244
v  -169.5550 22.0246 -23.5049
v  -169.5636 21.9953 -15.3012
v  -169.4986 22.0399 -15.5432
v  -169.7690 22.0337 -15.5264
v  -169.8216 21.9905 -15.2320
v  -189.5229 15.9257 -20.9633
v  -189.5914 15.9334 -19.5191
v  -189.8260 15.9464 -20.9692
v  -189.9154 15.9594 -18.1169
v  -189.6071 15.9380 -18.1152
v  -170.7713 15.9557 -18.0786
v  -170.7426 15.9491 -19.4883
v  -170.4872 15.9388 -18.0766
v  -170.5004 15.9212 -20.9406
v  -170.7778 15.9393 -20.9385
v  -189.3839 21.3018 -23.5276
v  -191.0937 21.2663 -15.2447
v  -190.6426 21.3377 -15.5953
v  -190.6584 21.1774 -15.1181
v  -170.8882 21.1204 -15.0589
v  -171.3408 21.1769 -15.1893
v  -170.1914 21.1192 -24.0269
v  -169.8285 21.1312 -23.9984
v  -188.8881 21.2143 -23.8713
v  -190.8072 21.8433 -23.9043
v  -190.8088 21.2553 -23.9034
v  -189.1436 21.2232 -15.2357
v  -171.3344 21.7765 -15.1853
v  -169.3276 21.8231 -15.1714
v  -169.3213 21.2221 -15.1751
v  -169.3828 21.2057 -23.8763
v  -169.3891 21.8064 -23.8799
v  -171.3523 21.7614 -23.8642
v  -171.3587 21.1619 -23.8603
v  -170.8753 21.9513 -23.8115
v  -170.9330 21.9930 -23.5160
v  -170.8574 21.9664 -15.2386
v  -170.9168 22.0069 -15.5340
v  -171.1116 21.9451 -23.7418
v  -171.1667 21.9876 -23.5016
v  -171.0941 21.9598 -15.3084
v  -171.1500 22.0015 -15.5489
v  -171.0693 22.3009 -19.4590
v  -170.9248 22.3042 -19.4589
v  -170.9278 22.2549 -20.9423
v  -171.1051 22.2508 -20.9450
v  -170.5491 22.3129 -19.4591
v  -170.5521 22.2635 -20.9365
v  -170.1746 22.3215 -19.4593
v  -170.1850 22.2720 -20.9308
v  -169.7966 22.3303 -19.4596
v  -169.8069 22.2807 -20.9250
v  -169.4376 22.3386 -19.4583
v  -169.4800 22.2882 -20.9200
v  -169.4588 22.2937 -18.0953
v  -169.7871 22.2861 -18.1038
v  -170.1652 22.2773 -18.1137
v  -170.5464 22.2685 -18.1237
v  -170.9221 22.2598 -18.1335
v  -171.0966 22.2557 -18.1381
v  -170.5428 21.1198 -24.0258
v  -170.9067 21.1038 -23.9920
v  -169.7967 21.5598 -19.4828
v  -169.8069 21.5059 -20.9267
v  -170.1659 21.2291 -23.5202
v  -170.5164 21.2170 -23.5200
v  -170.8668 21.2049 -23.5198
v  -169.8252 21.2358 -23.5234
v  -170.1280 21.1375 -15.0240
v  -169.7657 21.1491 -15.0526
v  -170.5140 21.1371 -15.0250
v  -170.8499 21.2217 -15.5323
v  -170.4796 21.2346 -15.5319
v  -169.7868 21.5121 -18.0643
v  -169.7690 21.2531 -15.5280
v  -170.1095 21.2476 -15.5314
v  -171.3684 21.8993 -15.5378
v  -171.3247 21.9543 -15.5401
v  -171.2710 22.2085 -18.1442
v  -169.3053 22.2491 -20.9150
v  -169.2631 22.2994 -19.4595
v  -171.2439 22.2537 -19.4587
v  -169.4535 22.0161 -23.5151
v  -169.5077 21.9664 -23.8210
v  -169.3810 21.9854 -23.5224
v  -169.4418 21.9351 -23.8537
v  -169.4468 21.9829 -15.2291
v  -169.3970 22.0315 -15.5343
v  -169.3806 21.9517 -15.1971
v  -171.3209 21.8525 -15.1914
v  -171.2806 21.9076 -15.2094
v  -169.3409 21.8984 -15.1778
v  -169.4023 21.8818 -23.8734
v  -169.3374 21.9324 -23.5267
v  -171.3389 21.8374 -23.8582
v  -171.2985 21.8926 -23.8403
v  -171.2312 21.9270 -23.8104
v  -171.2686 21.9745 -23.5064
v  -171.2519 21.9883 -15.5437
v  -171.2134 21.9419 -15.2396
v  -171.2070 22.2376 -20.9469
v  -171.1711 22.2877 -19.4589
v  -169.3358 22.3301 -19.4590
v  -169.3781 22.2798 -20.9179
v  -169.3571 22.2852 -18.0920
v  -171.1983 22.2425 -18.1411
v  -189.9198 16.0987 -20.9741
v  -189.3193 22.0895 -15.6086
v  -189.2625 22.3194 -18.1111
v  -189.3714 21.9903 -23.8226
v  -189.1362 21.9842 -23.7520
v  -189.7741 22.3288 -20.9852
v  -190.0861 22.3358 -20.9924
v  -190.3095 22.0114 -23.8369
v  -190.3796 22.1083 -23.5433
v  -190.4637 22.3443 -21.0011
v  -190.5985 22.0222 -15.2997
v  -190.5727 22.0162 -23.7656
v  -190.6469 22.1143 -23.5229
v  -190.7750 22.3514 -21.0083
v  -190.9096 22.1257 -15.6139
v  -190.8510 22.0269 -15.3722
v  -189.3340 21.1433 -24.0041
v  -190.3796 21.3242 -23.5433
v  -190.4642 21.5684 -20.9864
v  -190.3638 21.1657 -24.0202
v  -189.7134 21.3092 -23.5328
v  -189.6864 21.1600 -24.0409
v  -190.0018 21.1536 -24.0458
v  -190.0429 21.3166 -23.5380
v  -189.5958 21.1550 -15.1124
v  -189.6179 21.3129 -15.5901
v  -190.5776 21.5747 -18.1358
v  -190.2988 21.1668 -15.0846
v  -190.3066 21.3295 -15.5936
v  -189.9577 21.1725 -15.0827
v  -189.9622 21.3212 -15.5918
v  -190.5126 21.6466 -19.5241
v  -188.8679 21.9772 -23.5188
v  -188.9116 22.0321 -23.5178
v  -189.0323 22.2689 -20.9666
v  -190.8205 22.0751 -23.5442
v  -191.0839 22.0864 -15.6014
v  -189.1452 22.0424 -15.5927
v  -189.2643 21.9752 -15.2921
v  -189.1983 21.9409 -15.2601
v  -188.9845 22.0661 -23.5160
v  -188.9436 21.9314 -23.8494
v  -190.7942 21.9187 -23.8975
v  -190.7552 21.9720 -23.8772
v  -191.0392 21.9827 -15.2686
v  -189.2178 22.0764 -15.5993
v  -189.0112 21.9657 -23.8209
v  -190.6901 22.0033 -23.8435
v  -190.7482 22.1058 -23.5353
v  -191.0113 22.1172 -15.6066
v  -190.9727 22.0140 -15.2994
v  -179.3272 14.6910 -10.0688
v  -178.7768 14.6863 -10.0725
v  -179.8806 14.6895 -10.0698
v  -180.4338 14.6944 -10.0659
v  -180.9846 14.6926 -10.0672
v  -183.3205 14.6178 -10.1243
v  -183.3055 14.1565 -10.2092
v  -180.9901 14.2088 -10.1661
v  -180.4407 14.2100 -10.1652
v  -179.8911 14.2066 -10.1681
v  -179.3414 14.2077 -10.1672
v  -178.7921 14.2045 -10.1700
v  -176.5931 14.1412 -10.2228
v  -176.5629 14.5957 -10.1427
v  -178.7768 14.9410 -9.6655
v  -183.3205 14.9320 -9.7426
v  -183.3055 14.4312 -9.1059
v  -178.7921 14.4044 -9.0075
v  -176.5931 14.3982 -9.0934
v  -176.5629 14.8861 -9.7236
v  -178.7768 15.4160 -9.0808
v  -178.7921 15.1670 -8.2690
v  -179.3272 16.6955 -8.8848
v  -178.7768 16.6904 -8.8760
v  -179.8806 16.6941 -8.8820
v  -180.4338 16.6996 -8.8913
v  -180.9846 16.6979 -8.8879
v  -180.9901 16.6495 -8.0364
v  -180.4407 16.6508 -8.0388
v  -178.7921 16.6439 -8.0281
v  -179.3272 19.8339 -9.2499
v  -178.7768 19.8288 -9.2410
v  -179.8806 19.8325 -9.2470
v  -180.4338 19.8379 -9.2564
v  -180.9846 19.8362 -9.2530
v  -183.3205 19.7761 -9.2980
v  -183.3055 19.7461 -8.4885
v  -180.9901 19.7878 -8.4015
v  -180.4407 19.7892 -8.4039
v  -179.8911 19.7851 -8.3973
v  -179.3414 19.7862 -8.3994
v  -178.7921 19.7823 -8.3932
v  -176.5931 19.7267 -8.4589
v  -176.5629 19.7502 -9.2556
v  -179.3272 21.0655 -9.1586
v  -178.7768 21.0604 -9.1498
v  -179.8806 21.0641 -9.1558
v  -180.4338 21.0695 -9.1651
v  -180.9846 21.0678 -9.1617
v  -183.3205 21.0077 -9.2067
v  -183.3055 20.9777 -8.3972
v  -180.9901 21.0194 -8.3102
v  -180.4407 21.0208 -8.3127
v  -179.8911 21.0167 -8.3061
v  -179.3414 21.0178 -8.3081
v  -178.7921 21.0139 -8.3019
v  -176.5931 20.9583 -8.3677
v  -176.5629 20.9818 -9.1644
v  -179.3272 22.2971 -9.0674
v  -178.7768 22.2920 -9.0585
v  -179.8806 22.2957 -9.0645
v  -180.4338 22.3011 -9.0739
v  -180.9846 22.2994 -9.0705
v  -183.3205 22.2393 -9.1155
v  -183.3055 22.2093 -8.3060
v  -180.9901 22.2510 -8.2189
v  -180.4407 22.2524 -8.2214
v  -179.8911 22.2483 -8.2148
v  -179.3414 22.2494 -8.2168
v  -178.7921 22.2455 -8.2106
v  -176.5931 22.1899 -8.2764
v  -176.5629 22.2134 -9.0731
v  -188.0920 20.9738 -10.4433
v  -188.0920 22.2054 -10.3520
v  -188.1071 22.2354 -11.1615
v  -188.1071 21.0038 -11.2528
v  -172.2071 20.9738 -11.1103
v  -172.2071 22.2054 -11.0190
v  -172.2373 22.1819 -10.2223
v  -172.2373 20.9503 -10.3135
v  -185.9170 22.2374 -9.0675
v  -185.9019 22.2073 -8.2580
v  -185.9170 21.0058 -9.1587
v  -185.9019 20.9757 -8.3492
v  -173.9980 22.1859 -8.1783
v  -173.9678 22.2094 -8.9750
v  -173.9980 20.9543 -8.2696
v  -173.9678 20.9778 -9.0663
v  -174.9400 20.8967 -9.2930
v  -174.9843 22.1918 -9.2305
v  -177.1028 22.1918 -9.2305
v  -177.0856 20.8967 -9.2930
v  -183.6552 20.8967 -9.2930
v  -183.6108 22.1918 -9.2305
v  -185.5316 22.1918 -9.2305
v  -185.5893 20.8967 -9.2930
v  -185.0371 33.2972 -8.6943
v  -185.1200 31.4349 -8.7842
v  -183.2936 31.4349 -8.7842
v  -183.2296 33.2972 -8.6943
v  -177.2256 31.4349 -8.7842
v  -177.2504 33.2972 -8.6943
v  -175.3001 31.4349 -8.7842
v  -175.3637 33.2972 -8.6943
v  -183.0895 37.2800 -9.9036
v  -183.1331 36.7025 -9.1611
v  -177.2752 36.7027 -9.1610
v  -177.3122 37.2804 -9.9030
v  -177.0487 17.7159 -10.8426
v  -177.0202 17.9535 -10.3095
v  -183.7866 18.0106 -10.3072
v  -183.7632 17.7739 -10.8412
v  -172.0421 22.1133 -9.7238
v  -171.4512 22.1259 -10.1019
v  -171.5172 31.6199 -9.6436
v  -172.1552 31.5752 -9.2564
v  -188.9749 22.2526 -11.1221
v  -189.1648 22.1764 -10.6036
v  -189.1054 31.6480 -10.1448
v  -188.9092 31.6594 -10.6675
v  -171.1688 22.1782 -10.6033
v  -171.6438 20.8663 -10.6687
v  -171.8262 20.9508 -11.1860
v  -171.3632 22.2536 -11.1216
v  -188.8865 22.1247 -10.1018
v  -188.6882 20.8643 -10.6693
v  -188.4193 20.8109 -10.1635
v  -171.2313 31.6481 -10.1448
v  -186.1848 31.6620 -11.6965
v  -183.7629 31.6598 -11.6289
v  -184.0116 22.4170 -12.0648
v  -186.4253 22.4242 -12.1225
v  -174.2329 31.6628 -11.7055
v  -174.0750 22.4257 -12.1411
v  -176.7017 22.4179 -12.0783
v  -176.7578 31.6601 -11.6354
v  -185.8111 19.5675 -11.8962
v  -186.1837 21.1383 -12.1603
v  -183.9059 21.1304 -12.1118
v  -183.7920 19.2631 -11.9103
v  -172.8512 22.1273 -9.4745
v  -173.0228 31.5269 -9.0097
v  -177.3217 37.1108 -10.4217
v  -175.5907 36.5487 -10.4411
v  -175.2073 35.3747 -11.1757
v  -177.1885 35.7020 -11.1530
v  -173.5834 35.2858 -10.4983
v  -173.9626 34.6428 -11.1934
v  -183.1612 36.0644 -8.8764
v  -184.9329 35.6160 -8.9177
v  -184.9797 35.1522 -8.8604
v  -183.1879 35.4721 -8.8209
v  -186.5265 34.8969 -9.1373
v  -186.1322 34.4609 -8.9016
v  -172.7161 33.4750 -9.1900
v  -173.4436 33.4220 -8.9450
v  -173.8491 34.6298 -8.9735
v  -174.2398 34.4597 -8.9005
v  -188.2381 33.5429 -10.5778
v  -187.2797 33.5299 -11.2324
v  -187.8519 31.6667 -11.3466
v  -186.7693 35.2884 -10.4988
v  -186.4090 34.6433 -11.1892
v  -172.7937 21.0681 -11.8344
v  -172.4150 22.3602 -11.7934
v  -173.1723 19.4943 -11.2580
v  -173.5969 20.1336 -11.8750
v  -183.7406 18.0101 -11.3432
v  -185.5706 18.5313 -11.3085
v  -187.2614 19.5314 -11.2577
v  -186.8699 20.1540 -11.8591
v  -177.0192 18.4231 -9.9200
v  -174.8646 18.8633 -9.9181
v  -174.8737 19.4048 -9.6445
v  -177.0342 19.0897 -9.6375
v  -173.4255 19.6228 -9.8848
v  -173.8252 19.9516 -9.6151
v  -188.3295 22.1135 -9.7312
v  -187.9594 20.7987 -9.8158
v  -187.3135 20.8139 -9.5681
v  -187.5622 22.1280 -9.4821
v  -187.0262 19.6525 -9.8880
v  -186.6500 19.9726 -9.6191
v  -174.7273 19.5438 -11.9094
v  -174.3284 21.1398 -12.1802
v  -172.5192 31.6676 -11.3545
v  -185.7553 33.5135 -11.5811
v  -183.5192 33.5132 -11.5223
v  -173.0845 33.5301 -11.2386
v  -174.6457 33.5140 -11.5882
v  -183.2471 35.7006 -11.1511
v  -185.1749 35.3781 -11.1731
v  -187.6161 21.0657 -11.8170
v  -187.9897 22.3580 -11.7771
v  -176.8343 21.1314 -12.1263
v  -176.9627 33.5134 -11.5274
v  -176.9888 19.2294 -11.9219
v  -171.4296 31.6597 -10.6673
v  -175.5824 36.7016 -9.9216
v  -175.4901 36.1414 -9.1818
v  -173.5899 34.9364 -9.2352
v  -173.4673 35.3926 -9.9724
v  -183.0835 37.1099 -10.4224
v  -184.7789 36.5563 -10.4418
v  -172.1004 33.5424 -10.5776
v  -188.4221 33.5458 -10.0555
v  -186.8817 35.3970 -9.9720
v  -173.0455 19.3245 -10.7450
v  -185.5977 18.3159 -10.8047
v  -187.3827 19.3605 -10.7447
v  -177.0662 17.9525 -11.3445
v  -174.9863 18.4924 -11.3079
v  -188.5118 20.9499 -11.1866
v  -184.7851 36.7089 -9.9219
v  -184.8819 36.1484 -9.1812
v  -186.7638 35.1869 -9.4709
v  -171.9142 33.5447 -10.0559
v  -174.9613 18.2781 -10.8043
v  -177.2496 35.4722 -8.8208
v  -177.2602 36.0645 -8.8764
v  -175.4029 35.1474 -8.8609
v  -175.4438 35.6099 -8.9184
v  -188.1985 31.5753 -9.2598
v  -187.3499 31.5272 -9.0133
v  -186.9211 33.4223 -8.9476
v  -187.6325 33.4768 -9.1923
v  -173.1060 20.8131 -9.5601
v  -172.4149 20.7985 -9.8081
v  -183.7768 18.4696 -9.9206
v  -183.7466 19.1228 -9.6386
v  -185.6718 19.4269 -9.6455
v  -185.6865 18.8941 -9.9187
v  -171.9183 20.8123 -10.1637
v  -188.8211 31.6197 -9.6435
v  -188.1456 33.5202 -9.5500
v  -173.1804 19.4371 -10.2285
v  -185.6699 18.5314 -10.2752
v  -187.2525 19.4725 -10.2271
v  -172.1905 33.5176 -9.5509
v  -174.8856 18.4938 -10.2763
# 1326 vertices

vn -0.0000 -0.9940 0.1095
vn 0.0000 -1.0000 -0.0000
vn -0.0000 -1.0000 0.0027
vn -0.0000 -0.9940 0.1093
vn -0.0588 -0.5739 -0.8168
vn -0.0751 -0.0611 -0.9953
vn -0.0009 -0.0620 -0.9981
vn -0.0008 -0.5774 -0.8164
vn -0.0000 -0.9930 0.1184
vn -0.1221 -0.9821 0.1434
vn -0.1011 -0.9949 -0.0012
vn -0.0926 -0.9957 0.0005
vn -0.0921 -0.9957 -0.0026
vn -0.0054 -1.0000 -0.0000
vn -0.0000 -0.9939 0.1103
vn -0.0000 -0.9926 0.1218
vn 0.1100 -0.9939 -0.0035
vn 0.1333 -0.9805 0.1443
vn 0.0993 -0.9951 -0.0013
vn 0.0047 -1.0000 -0.0001
vn 0.0981 -0.9952 -0.0024
vn 0.1179 -0.9861 -0.1175
vn 0.0956 -0.9954 -0.0029
vn 0.0000 -0.9958 -0.0911
vn 0.0000 -0.9966 -0.0826
vn 0.0000 -1.0000 -0.0018
vn -0.0000 -0.9966 -0.0823
vn -0.0926 -0.9957 -0.0015
vn -0.1147 -0.9865 -0.1168
vn -0.0077 -0.9998 0.0198
vn 0.0017 -0.9998 0.0207
vn -0.0807 -0.9967 -0.0033
vn 0.0056 -0.9997 -0.0242
vn -0.0016 -0.9999 -0.0137
vn 0.0841 -0.9964 -0.0045
vn 0.0569 0.9984 -0.0005
vn 0.0568 0.9984 -0.0005
vn 0.0701 0.9975 0.0004
vn 0.0699 0.9976 0.0009
vn 0.0557 0.9984 0.0011
vn 0.0038 1.0000 0.0030
vn 0.0035 1.0000 0.0008
vn -0.0562 0.9984 -0.0007
vn 0.0017 1.0000 -0.0030
vn 0.0018 1.0000 -0.0004
vn -0.0569 0.9984 0.0012
vn -0.0891 -0.9960 -0.0074
vn -0.0834 -0.9965 -0.0078
vn -0.0063 -1.0000 -0.0003
vn -0.0031 -1.0000 -0.0001
vn 0.0018 -1.0000 -0.0001
vn 0.0043 -1.0000 -0.0003
vn 0.0876 -0.9961 -0.0081
vn 0.0946 -0.9955 -0.0068
vn 0.0573 0.9984 0.0002
vn 0.0033 1.0000 0.0002
vn 0.0027 1.0000 0.0006
vn -0.9987 -0.0478 -0.0185
vn -0.9974 -0.0473 -0.0549
vn -0.8646 -0.5003 -0.0469
vn -0.8670 -0.4980 -0.0167
vn -0.0000 -1.0000 0.0021
vn -0.0000 -0.9940 0.1097
vn -0.0000 -0.9939 0.1099
vn 0.0007 -0.0636 -0.9980
vn -0.0010 -0.0621 -0.9981
vn -0.0008 -0.5776 -0.8163
vn 0.0004 -0.5804 -0.8144
vn 0.0000 -1.0000 -0.0033
vn -0.0000 -0.9966 -0.0826
vn 0.0028 1.0000 0.0038
vn 0.0036 1.0000 0.0035
vn 0.0035 1.0000 0.0010
vn 0.0025 1.0000 0.0010
vn 0.0005 1.0000 -0.0034
vn 0.0019 1.0000 -0.0030
vn 0.0019 1.0000 -0.0006
vn 0.0005 1.0000 -0.0005
vn 0.0032 1.0000 0.0007
vn 0.0022 1.0000 0.0005
vn 0.0009 1.0000 0.0011
vn 0.0016 1.0000 0.0010
vn 0.0026 1.0000 0.0012
vn 0.0021 1.0000 0.0011
vn 0.0591 0.9983 0.0004
vn 0.0022 1.0000 0.0007
vn 0.0079 -0.0345 0.9994
vn 0.0087 -0.0357 0.9993
vn 0.0075 -0.4763 0.8793
vn 0.0070 -0.4747 0.8801
vn 0.0035 0.9950 0.1003
vn 0.0044 0.9951 0.0989
vn 0.0081 -0.0347 0.9994
vn -0.0478 -0.0342 0.9983
vn -0.0395 -0.4731 0.8801
vn 0.0070 -0.4752 0.8799
vn 0.0606 0.9982 -0.0006
vn 0.0598 0.9982 -0.0023
vn -0.0512 0.9987 0.0014
vn -0.0515 0.9987 0.0013
vn 0.0675 -0.0336 0.9972
vn 0.0567 -0.4718 0.8799
vn 0.0735 -0.0608 -0.9954
vn 0.0577 -0.5732 -0.8174
vn -0.5986 -0.7996 -0.0484
vn -0.6490 -0.7598 -0.0389
vn -0.8636 -0.4988 -0.0737
vn 0.8964 0.4420 -0.0337
vn 0.9982 -0.0477 -0.0372
vn 0.9949 -0.0467 -0.0899
vn 0.8940 0.4409 -0.0801
vn -0.3077 -0.9512 -0.0232
vn -0.2654 -0.9640 -0.0153
vn -0.0002 -0.9807 -0.1955
vn -0.0005 -0.8914 -0.4533
vn 0.0305 -0.8888 -0.4573
vn 0.0132 -0.9804 -0.1966
vn -0.0529 0.9961 -0.0713
vn 0.0016 0.9973 -0.0734
vn -0.9763 -0.0413 0.2125
vn -0.8755 -0.0282 0.4824
vn -0.8051 0.3904 0.4466
vn -0.8837 0.4283 0.1889
vn 0.8721 -0.4564 0.1767
vn 0.9788 -0.0417 0.2003
vn 0.8800 -0.0286 0.4741
vn 0.8088 -0.3893 0.4408
vn -0.0133 -0.9805 -0.1963
vn -0.0033 -0.9998 0.0183
vn 0.0055 -1.0000 0.0081
vn -0.9954 -0.0462 0.0842
vn -0.8704 -0.4871 0.0722
vn -0.8648 -0.4660 0.1869
vn 0.8910 0.4176 0.1781
vn 0.9964 -0.0466 0.0712
vn 0.9000 0.4314 0.0627
vn 0.0122 -0.9999 0.0037
vn -0.8820 0.4331 -0.1856
vn -0.9772 -0.0423 -0.2078
vn -0.9952 -0.0464 -0.0862
vn -0.8914 0.4468 -0.0763
vn -0.0143 -0.9999 -0.0062
vn 0.9755 -0.0423 -0.2160
vn 0.8660 -0.4941 -0.0774
vn 0.8599 -0.4739 -0.1898
vn 0.1652 0.9854 -0.0413
vn -0.0744 0.9972 -0.0043
vn -0.0767 0.9971 0.0026
vn 0.1525 0.9882 -0.0127
vn 0.0748 0.9972 -0.0067
vn 0.0770 0.9970 0.0000
vn -0.1620 0.9860 -0.0396
vn -0.1477 0.9890 -0.0120
vn 0.2321 0.7720 0.5917
vn 0.1763 0.9597 0.2189
vn -0.0605 0.9886 0.1380
vn 0.0403 0.8747 0.4830
vn -0.3317 -0.9431 0.0219
vn -0.6194 -0.7837 0.0467
vn -0.6606 -0.7505 0.0189
vn -0.2784 -0.9604 0.0088
vn 0.3470 -0.9377 0.0176
vn -0.0066 -0.9999 0.0102
vn 0.6719 -0.7402 0.0271
vn 0.6331 -0.7731 0.0387
vn -0.0623 0.5691 -0.8199
vn -0.1954 0.5201 -0.8314
vn -0.0334 0.9032 -0.4278
vn 0.0058 0.9312 -0.3644
vn -0.3968 0.4227 -0.8148
vn -0.2337 0.8080 -0.5408
vn -0.6263 0.3758 -0.6830
vn -0.3777 0.8476 -0.3727
vn 0.1017 -0.8751 -0.4732
vn 0.0449 -0.9760 -0.2129
vn 0.2783 -0.8178 -0.5038
vn 0.1336 -0.9536 -0.2698
vn 0.5401 -0.6308 -0.5572
vn 0.2667 -0.9240 -0.2741
vn -0.6156 -0.7786 -0.1216
vn -0.6437 -0.6996 -0.3101
vn -0.3889 -0.8998 -0.1980
vn -0.3319 -0.9414 -0.0598
vn -0.4420 -0.8104 -0.3846
vn -0.1460 -0.9749 -0.1682
vn 0.8826 0.4285 -0.1935
vn 0.8139 0.3921 -0.4288
vn 0.5788 0.7605 -0.2943
vn 0.5803 0.8050 -0.1239
vn 0.6306 0.3735 -0.6804
vn 0.3827 0.8466 -0.3700
vn -0.5728 0.7564 0.3158
vn -0.5813 0.8048 0.1200
vn -0.5957 0.3635 0.7162
vn -0.3526 0.8413 0.4098
vn 0.0566 0.5407 0.8393
vn 0.1767 0.4909 0.8531
vn 0.0006 0.9102 0.4142
vn 0.3753 0.3964 0.8379
vn 0.6162 0.3576 0.7017
vn 0.3706 0.8372 0.4021
vn -0.1245 -0.6932 0.7100
vn -0.2794 -0.6524 0.7044
vn -0.1738 -0.8689 0.4635
vn -0.0578 -0.9378 0.3423
vn -0.5056 -0.6150 0.6051
vn -0.2503 -0.9150 0.3165
vn 0.6512 -0.7497 0.1182
vn 0.6598 -0.6678 0.3445
vn 0.4285 -0.8768 0.2183
vn 0.3728 -0.9261 0.0575
vn 0.5310 -0.6020 0.5964
vn 0.2698 -0.9108 0.3125
vn -0.2175 0.7730 0.5959
vn -0.1659 0.9614 0.2194
vn 0.0087 0.9101 0.4143
vn 0.0047 0.9118 0.4105
vn 0.0041 0.9951 0.0985
vn 0.0517 0.9939 0.0975
vn -0.0742 0.9972 0.0081
vn 0.1549 0.9879 -0.0012
vn -0.0551 0.9985 0.0027
vn -0.5637 0.8247 -0.0453
vn -0.5636 0.8256 -0.0289
vn -0.1494 0.9888 -0.0043
vn 0.1791 0.9830 0.0401
vn -0.0662 0.9978 0.0101
vn -0.0454 0.9941 0.0989
vn -0.0501 0.9987 0.0032
vn -0.1686 0.9848 0.0412
vn 0.1657 0.9686 -0.1856
vn -0.0706 0.9924 -0.1010
vn -0.5734 0.7646 -0.2942
vn -0.5748 0.8098 -0.1175
vn -0.1624 0.9689 -0.1865
vn 0.0347 0.9038 -0.4265
vn 0.2372 0.8083 -0.5389
vn -0.0044 0.9315 -0.3637
vn 0.0005 0.9330 -0.3598
vn 0.5902 0.7446 0.3116
vn 0.5980 0.7933 0.1138
vn 0.1659 0.9861 0.0114
vn 0.5872 0.8086 0.0365
vn 0.5830 0.8122 0.0213
vn 0.1640 0.9864 0.0057
vn -0.0316 0.8751 0.4829
vn 0.0622 0.9888 0.1356
vn 0.0674 0.9977 0.0076
vn 0.0562 0.9957 -0.0731
vn 0.0710 0.9920 -0.1041
vn 0.0747 0.9972 0.0047
vn 0.0003 0.9329 -0.3600
vn -0.0000 0.5741 -0.8188
vn -0.5738 0.8178 0.0440
vn -0.5716 0.8204 0.0118
vn -0.8957 0.4439 0.0261
vn -0.8947 0.4405 0.0743
vn 0.0046 0.9119 0.4104
vn 0.0057 0.5445 0.8388
vn 0.5732 0.8192 -0.0206
vn 0.5717 0.8190 -0.0489
vn -0.2285 -0.0630 -0.9715
vn -0.4365 -0.0521 -0.8982
vn -0.3852 -0.4843 -0.7855
vn -0.6216 -0.4575 -0.6359
vn -0.6715 -0.0379 -0.7401
vn 0.1969 0.5198 -0.8313
vn 0.0609 0.5688 -0.8202
vn 0.3996 0.4221 -0.8137
vn -0.8114 0.3958 -0.4301
vn 0.8853 -0.0297 -0.4642
vn 0.6789 -0.0121 -0.7341
vn -0.6428 -0.0147 0.7659
vn 0.2049 -0.0353 0.9781
vn 0.4111 -0.0192 0.9114
vn 0.6622 -0.0139 0.7492
vn -0.1555 0.4915 0.8569
vn -0.0405 0.5404 0.8404
vn -0.3519 0.3972 0.8476
vn 0.8137 0.3801 0.4397
vn -0.9984 -0.0473 0.0308
vn -0.8699 -0.4925 0.0252
vn 0.2303 -0.0625 -0.9711
vn 0.4393 -0.0519 -0.8968
vn 0.3881 -0.4922 -0.7792
vn 0.6377 -0.3493 -0.6865
vn -0.8842 -0.0290 -0.4661
vn -0.1801 -0.0365 0.9830
vn -0.3856 -0.0215 0.9224
vn -0.0309 -0.8892 -0.4565
vn -0.0439 -0.9763 -0.2119
vn -0.1000 -0.8761 -0.4716
vn -0.1302 -0.9542 -0.2693
vn -0.2553 -0.8174 -0.5164
vn 0.6208 -0.7735 -0.1281
vn 0.3384 -0.9389 -0.0638
vn 0.3955 -0.8967 -0.1986
vn 0.6371 -0.6978 -0.3273
vn -0.6343 -0.7630 0.1248
vn -0.3534 -0.9335 0.0610
vn -0.4053 -0.8872 0.2204
vn -0.6404 -0.6840 0.3492
vn 0.1397 -0.6878 0.7124
vn 0.0645 -0.9355 0.3475
vn 0.1896 -0.8638 0.4669
vn 0.3004 -0.6446 0.7030
vn 0.3157 -0.9485 -0.0255
vn -0.0193 -0.9998 0.0016
vn 0.0125 -0.9756 0.2190
vn 0.0017 -0.9759 0.2181
vn -0.0084 -0.9760 0.2176
vn -0.1589 0.9872 0.0131
vn -0.0689 0.9976 0.0034
vn 0.6057 -0.7940 -0.0519
vn -0.7995 -0.3995 0.4486
vn 0.8756 -0.4792 0.0608
vn -0.8593 -0.4779 -0.1823
vn -0.1823 -0.5544 -0.8120
vn 0.8060 -0.4099 -0.4271
vn -0.6050 -0.3460 0.7171
vn 0.1736 -0.4507 0.8757
vn 0.3832 -0.3696 0.8465
vn 0.6270 -0.3371 0.7023
vn 0.8735 -0.4853 0.0401
vn 0.9977 -0.0474 0.0482
vn 0.1842 -0.5528 -0.8127
vn -0.8082 -0.4030 -0.4294
vn -0.1524 -0.4549 0.8774
vn -0.3589 -0.3761 0.8543
vn -0.0079 -0.9999 -0.0099
vn -0.0063 -1.0000 0.0011
vn 0.0036 -1.0000 -0.0039
vn 0.0043 -0.9999 -0.0097
vn -0.0692 0.9976 0.0031
vn 0.1596 0.9872 0.0035
vn -0.0709 0.9975 0.0068
vn -0.5662 0.8242 -0.0130
vn -0.1580 0.9874 0.0021
vn -0.1530 0.9882 -0.0021
vn 0.5775 0.8164 0.0033
vn 0.0716 0.9974 0.0035
vn -0.0528 0.9986 0.0023
vn -0.8924 0.4485 -0.0493
vn -0.8939 0.4479 -0.0176
vn 0.8991 0.4358 0.0418
vn 0.8979 0.4401 0.0099
vn 0.9988 -0.0479 0.0123
vn -0.4410 -0.8974 0.0159
vn -0.1750 -0.9846 -0.0031
vn 0.8682 -0.4951 -0.0320
vn 0.8709 -0.4913 0.0097
vn -0.0004 -0.8912 -0.4535
vn 0.0002 -0.8930 -0.4501
vn 0.0001 -0.9807 -0.1956
vn 0.0014 0.9973 -0.0735
vn 0.0003 0.9972 -0.0749
vn -0.0147 -0.9999 0.0050
vn 0.0072 -1.0000 -0.0001
vn 0.0089 -1.0000 -0.0034
vn 0.0108 -0.9999 -0.0001
vn 0.0045 0.9118 0.4106
vn 0.0001 0.9333 -0.3592
vn -0.0016 0.5744 -0.8186
vn 0.0006 0.5764 -0.8172
vn 0.0072 0.5443 0.8389
vn 0.0071 0.5452 0.8383
vn 0.0017 -0.9761 0.2172
vn 0.0018 -0.9759 0.2184
vn 0.6567 -0.7536 -0.0305
vn -0.7377 -0.6748 -0.0197
vn -0.0310 -0.6343 0.7725
vn 0.0053 -0.6351 0.7725
vn 0.0058 -0.6340 0.7733
vn 0.0053 -0.6342 0.7731
vn 0.0441 -0.6329 0.7730
vn 0.7461 -0.6659 0.0012
vn -0.8840 -0.4668 0.0241
vn -0.8814 -0.4724 0.0027
vn -0.8859 -0.4616 0.0456
vn -0.8840 -0.4668 0.0250
vn -0.8814 -0.4724 0.0037
vn -0.8859 -0.4615 0.0466
vn 0.8936 0.4485 0.0165
vn 0.7004 -0.7023 0.1274
vn 0.4350 -0.7912 -0.4299
vn 0.5965 0.5363 -0.5971
vn 0.9672 0.2276 0.1130
vn 0.6459 -0.7419 -0.1801
vn 0.8350 -0.5502 -0.0012
vn 1.0000 0.0001 -0.0013
vn 0.6425 -0.7455 0.1771
vn 0.9615 0.2334 -0.1451
vn 0.1972 -0.9648 -0.1741
vn -0.3262 -0.7029 -0.6321
vn -0.6565 -0.7302 -0.1891
vn 0.1162 -0.9880 -0.1019
vn 0.6102 -0.6994 0.3720
vn 0.1580 -0.7372 0.6570
vn 0.3633 0.6624 0.6552
vn -0.1660 0.2328 0.9583
vn -0.1964 0.9648 0.1749
vn -0.5722 0.6434 0.5086
vn -0.6304 0.6595 -0.4094
vn -0.9695 0.2266 0.0938
vn 0.2002 -0.9641 0.1744
vn 0.6091 -0.6973 -0.3778
vn 0.1600 -0.7456 -0.6469
vn 0.1158 -0.9882 0.1003
vn -0.3195 -0.7024 0.6361
vn -0.6400 -0.7466 0.1816
vn -0.6283 0.6585 0.4143
vn -0.9691 0.2241 -0.1035
vn -0.1991 0.9641 -0.1756
vn -0.5791 0.6379 -0.5076
vn 0.3556 0.6627 -0.6590
vn -0.1743 0.2340 -0.9565
vn -0.1880 -0.9644 0.1859
vn 0.3589 -0.6989 0.6187
vn -0.1075 -0.9886 0.1058
vn -0.6294 -0.6961 -0.3453
vn -0.1708 -0.7573 -0.6303
vn -0.3903 0.6655 -0.6363
vn 0.1643 0.2385 -0.9572
vn 0.1865 0.9644 -0.1873
vn 0.5475 0.6335 -0.5467
vn 0.6470 0.6640 0.3747
vn -0.1960 -0.9647 -0.1756
vn -0.6112 -0.6979 0.3733
vn -0.1575 -0.7436 0.6497
vn -0.1143 -0.9882 -0.1019
vn 0.3270 -0.7022 -0.6324
vn 0.6303 0.6600 -0.4088
vn 0.1960 0.9648 0.1756
vn 0.5722 0.6402 0.5125
vn -0.3615 0.6646 0.6539
vn 0.1775 0.2363 0.9553
vn 0.2403 -0.9473 -0.2120
vn -0.4687 -0.7806 0.4135
vn -0.6842 -0.7067 -0.1800
vn -0.3159 -0.6825 -0.6591
vn 0.6392 -0.6780 0.3630
vn 0.1111 -0.7018 0.7037
vn 0.3308 0.6655 0.6691
vn 0.0013 0.4482 0.8940
vn -0.2394 0.9473 0.2130
vn -0.6317 0.5316 0.5642
vn -0.6458 0.6625 -0.3795
vn -0.8899 0.4491 -0.0800
vn 0.2430 -0.9467 0.2114
vn -0.4667 -0.7858 -0.4059
vn 0.1002 -0.7009 -0.7062
vn 0.6384 -0.6754 -0.3692
vn -0.3086 -0.6817 0.6634
vn -0.6841 -0.7068 0.1798
vn -0.6440 0.6614 0.3844
vn -0.8907 0.4466 0.0850
vn -0.2420 0.9466 -0.2130
vn -0.6369 0.5304 -0.5595
vn 0.3228 0.6657 -0.6727
vn -0.0106 0.4472 -0.8944
vn -0.2276 -0.9474 0.2249
vn 0.3494 -0.6774 0.6474
vn -0.6586 -0.6739 -0.3349
vn -0.1310 -0.6987 -0.7033
vn -0.3574 0.6686 -0.6522
vn -0.0295 0.4480 -0.8935
vn 0.2260 0.9474 -0.2266
vn 0.6617 0.6670 0.3424
vn -0.2385 -0.9474 -0.2134
vn 0.4626 -0.7837 0.4144
vn -0.1087 -0.7006 0.7052
vn -0.6403 -0.6762 0.3644
vn 0.3163 -0.6815 -0.6600
vn 0.6877 -0.7054 -0.1717
vn 0.6459 0.6630 -0.3783
vn 0.8910 0.4480 -0.0736
vn 0.2385 0.9474 0.2134
vn 0.6296 0.5337 0.5647
vn -0.3285 0.6677 0.6681
vn 0.0048 0.4490 0.8935
vn -0.3503 0.2182 0.9109
vn -0.0197 -0.0006 0.9998
vn -0.0198 -0.0007 0.9998
vn -0.0184 0.0000 0.9998
vn -0.4134 -0.6525 -0.6351
vn -0.5577 -0.8299 -0.0134
vn -0.8872 -0.4606 -0.0261
vn -0.6173 -0.3367 -0.7110
vn -0.4329 -0.6499 0.6247
vn -0.6465 -0.3313 0.6872
vn 0.4254 -0.6462 0.6337
vn 0.5613 -0.8276 0.0027
vn 0.8882 -0.4595 -0.0019
vn 0.6317 -0.3318 0.7006
vn 0.4222 -0.6525 -0.6292
vn 0.6288 -0.3348 -0.7018
vn -0.6963 -0.0489 -0.7161
vn -0.9972 -0.0668 -0.0323
vn -0.6874 -0.7261 -0.0164
vn -0.3114 -0.9207 -0.2351
vn -0.7266 -0.0480 0.6853
vn -0.2839 -0.9343 0.2156
vn -0.0047 0.0007 1.0000
vn -0.0780 -0.7806 0.6201
vn 0.6830 0.0500 0.7287
vn 0.9970 0.0718 0.0287
vn 0.6952 -0.7184 0.0258
vn 0.2372 -0.9301 0.2804
vn -0.9975 0.0711 0.0012
vn -0.6984 0.0484 0.7141
vn -0.2649 -0.9339 0.2402
vn -0.7019 -0.7123 0.0072
vn -0.0066 -0.0008 1.0000
vn 0.0749 -0.7546 0.6519
vn 0.7119 -0.0480 0.7006
vn 0.9978 -0.0666 -0.0061
vn 0.6917 -0.7221 0.0023
vn 0.3138 -0.9276 0.2029
vn 0.7072 -0.0487 -0.7054
vn 0.3260 -0.9205 -0.2155
vn -0.0073 -0.0019 -1.0000
vn 0.0709 -0.7730 -0.6304
vn -0.6991 0.0484 -0.7134
vn -0.2649 -0.9300 -0.2549
vn 0.7158 -0.6911 0.1002
vn 0.7315 -0.6728 0.1113
vn 0.9960 0.0758 -0.0478
vn 0.9966 0.0717 0.0401
vn 0.0367 -0.7469 -0.6639
vn -0.0589 -0.7294 -0.6815
vn -0.0525 0.0708 -0.9961
vn 0.0888 0.0708 -0.9935
vn -0.7545 -0.6554 0.0362
vn -0.7188 -0.6945 0.0297
vn -0.9957 0.0724 -0.0578
vn -0.9865 0.0765 -0.1449
vn -0.7245 -0.6843 -0.0827
vn -0.7506 -0.6564 -0.0755
vn -0.9923 0.0767 0.0968
vn -0.9972 0.0723 -0.0190
vn -0.0733 -0.7291 0.6805
vn 0.0225 -0.7468 0.6647
vn 0.0680 0.0708 0.9952
vn -0.0734 0.0709 0.9948
vn 0.7330 -0.6771 -0.0641
vn 0.7150 -0.6963 -0.0617
vn 0.9973 0.0717 0.0132
vn 0.9907 0.0758 0.1132
vn -0.7081 -0.7021 -0.0746
vn -0.7157 -0.6964 -0.0522
vn -0.9950 0.0715 0.0692
vn -0.9973 0.0722 -0.0141
vn -0.0369 -0.6771 0.7350
vn 0.0674 -0.6641 0.7446
vn 0.0618 0.0709 0.9956
vn -0.0797 0.0708 0.9943
vn 0.7328 -0.6798 -0.0293
vn 0.7213 -0.6908 -0.0504
vn 0.9970 0.0734 0.0223
vn 0.9918 0.0722 0.1053
vn 0.7223 -0.6916 -0.0040
vn 0.7177 -0.6952 0.0400
vn 0.9967 0.0729 -0.0356
vn 0.9973 0.0732 -0.0068
vn 0.0665 -0.6641 -0.7447
vn -0.0380 -0.6773 -0.7347
vn -0.0804 0.0708 -0.9942
vn 0.0609 0.0708 -0.9956
vn -0.7229 -0.6861 0.0818
vn -0.7126 -0.7015 -0.0007
vn -0.9974 0.0727 0.0018
vn -0.9972 0.0728 0.0171
vn -0.2424 -0.7089 -0.6624
vn -0.3121 0.0718 -0.9473
vn -0.4496 -0.8637 -0.2279
vn -0.6853 0.0647 -0.7254
vn 0.3544 0.0715 -0.9324
vn 0.2340 -0.7141 -0.6597
vn 0.7337 0.0638 -0.6765
vn 0.4443 -0.8706 -0.2112
vn 0.2162 -0.7148 0.6651
vn 0.3302 0.0715 0.9412
vn 0.4318 -0.8718 0.2315
vn 0.7075 0.0639 0.7038
vn -0.3377 0.0719 0.9385
vn -0.2606 -0.7049 0.6596
vn -0.7185 0.0649 0.6924
vn -0.4678 -0.8564 0.2186
vn 0.2654 -0.6378 0.7230
vn 0.3244 0.0719 0.9432
vn 0.5045 -0.7654 0.3996
vn 0.7084 0.0693 0.7023
vn -0.3438 0.0715 0.9363
vn -0.2456 -0.6420 0.7263
vn -0.7281 0.0684 0.6821
vn -0.4849 -0.7824 0.3908
vn -0.2474 -0.6423 -0.7254
vn -0.3447 0.0714 -0.9360
vn -0.4870 -0.7826 -0.3877
vn -0.7294 0.0683 -0.6807
vn 0.3218 0.0718 -0.9441
vn 0.2637 -0.6386 -0.7229
vn 0.7031 0.0692 -0.7078
vn 0.5006 -0.7684 -0.3987
vn -0.0373 0.9825 -0.1823
vn -0.0317 0.9869 -0.1581
vn -0.0317 0.9870 -0.1578
vn -0.0263 0.9829 -0.1824
vn -0.0320 0.9877 0.1533
vn -0.0375 0.9833 0.1779
vn -0.0265 0.9837 0.1778
vn -0.0320 0.9876 0.1535
vn -0.0206 0.9865 -0.1625
vn -0.0427 0.9858 -0.1622
vn -0.0431 0.9865 0.1578
vn -0.0209 0.9872 0.1578
vn 0.0871 -0.6334 0.7689
vn 0.7346 -0.6782 0.0196
vn 0.9903 0.0723 -0.1187
vn -0.9953 0.0714 -0.0662
vn -0.7176 -0.6940 0.0591
vn 0.0503 0.3330 0.9416
vn -0.0835 0.3324 0.9394
vn 0.0240 0.7038 0.7099
vn -0.0769 0.7022 0.7078
vn 0.9304 0.3383 0.1414
vn 0.9376 0.3446 0.0458
vn 0.6886 0.7212 0.0748
vn 0.6817 0.7096 0.1783
vn 0.9379 0.3419 -0.0584
vn 0.9393 0.3429 -0.0068
vn -0.0840 0.3318 -0.9396
vn 0.0495 0.3324 -0.9418
vn -0.0770 0.7006 -0.7094
vn 0.0237 0.7022 -0.7116
vn -0.9418 0.3363 0.0018
vn -0.9418 0.3362 -0.0089
vn 0.2999 0.3341 0.8936
vn 0.2147 0.7027 0.6783
vn 0.6553 0.3278 0.6805
vn 0.4653 0.6978 0.5446
vn -0.3321 0.3310 0.8833
vn -0.2649 0.6951 0.6683
vn -0.6830 0.3209 0.6562
vn -0.5104 0.6824 0.5232
vn -0.3326 0.3303 -0.8833
vn -0.2648 0.6937 -0.6698
vn -0.6838 0.3205 -0.6555
vn -0.5106 0.6814 -0.5244
vn 0.2973 0.3334 -0.8947
vn 0.2128 0.7010 -0.6806
vn 0.6497 0.3271 -0.6862
vn 0.4608 0.6963 -0.5503
vn 0.0210 0.9862 -0.1642
vn 0.0466 0.9757 -0.2139
vn 0.1690 0.9351 -0.3113
vn 0.0858 0.9385 -0.3344
vn -0.0072 0.9393 -0.3429
vn -0.0555 0.9381 -0.3420
vn -0.0848 0.9830 -0.1627
vn -0.1482 0.9323 -0.3299
vn -0.1093 0.9715 -0.2105
vn -0.2332 0.9244 -0.3019
vn -0.0852 0.9837 0.1585
vn -0.1097 0.9723 0.2065
vn -0.2333 0.9254 0.2986
vn -0.1485 0.9335 0.3262
vn -0.0558 0.9394 0.3383
vn -0.0074 0.9407 0.3391
vn 0.0209 0.9871 0.1590
vn 0.0864 0.9399 0.3304
vn 0.0465 0.9768 0.2090
vn 0.1710 0.9364 0.3063
vn -0.9425 0.3340 0.0104
vn -0.9384 0.3296 -0.1036
vn -0.7128 0.6998 -0.0474
vn -0.7102 0.6880 -0.1496
vn 0.9633 -0.2684 -0.0041
vn 0.7003 -0.1976 0.6860
vn 0.6964 -0.1996 -0.6893
vn -0.9581 0.2865 -0.0005
vn -0.6527 0.1901 0.7334
vn -0.0066 -0.0031 1.0000
vn -0.6517 0.1878 -0.7349
vn -0.0072 -0.0074 -0.9999
vn -0.9626 -0.2691 -0.0298
vn -0.6855 -0.2006 -0.6999
vn -0.7149 -0.1976 0.6707
vn 0.7098 0.0482 -0.7028
vn 0.9568 0.2897 0.0263
vn 0.6619 0.1864 -0.7260
vn -0.0047 0.0030 1.0000
vn 0.6362 0.1965 0.7461
vn 0.0297 0.9950 0.0954
vn 0.0284 0.9667 0.2543
vn 0.0410 0.9616 0.2713
vn 0.0292 0.9950 0.0954
vn 0.0513 0.9646 -0.2588
vn 0.0159 0.9654 -0.2602
vn 0.0226 0.9241 -0.3815
vn 0.0453 0.9237 -0.3805
vn 0.0333 0.9670 -0.2524
vn 0.0333 0.9671 -0.2523
vn 0.0154 0.9253 0.3790
vn 0.0377 0.9244 0.3796
vn 0.0107 0.9670 0.2547
vn 0.0458 0.9658 0.2552
vn 0.0303 0.9950 0.0952
vn 0.0184 0.9629 0.2694
vn 0.7163 -0.6976 0.0117
vn 0.9971 0.0737 0.0185
vn 0.0304 0.9995 0.0019
vn 0.0304 0.9995 0.0017
vn 0.0304 0.9995 0.0018
vn -0.9956 0.0741 -0.0577
vn -0.7196 -0.6930 -0.0442
vn 0.2512 -0.9307 -0.2658
vn 0.0155 -0.0026 -0.9999
vn -0.0656 -0.7805 -0.6216
vn -0.0418 0.3325 -0.9422
vn 0.0917 0.3319 -0.9388
vn -0.0181 0.7026 -0.7114
vn 0.0826 0.7010 -0.7084
vn -0.9366 0.3409 -0.0806
vn -0.9149 0.3475 -0.2056
vn -0.9234 0.3481 0.1618
vn -0.9403 0.3402 0.0078
vn 0.0722 0.3322 0.9404
vn -0.0615 0.3328 0.9410
vn 0.0681 0.7019 0.7091
vn -0.0328 0.7034 0.7100
vn 0.9423 0.3325 0.0379
vn 0.9245 0.3394 0.1738
vn 0.0977 0.9256 0.3656
vn 0.1106 0.9602 0.2565
vn 0.1431 0.9334 0.3292
vn 0.1448 0.9124 0.3827
vn 0.2547 0.6949 0.6725
vn 0.4489 0.6712 0.5899
vn 0.9499 0.0710 -0.3044
vn 0.6738 0.3090 -0.6712
vn 0.8693 0.3240 -0.3733
vn -0.2883 0.3335 -0.8976
vn -0.2062 0.7013 -0.6824
vn -0.6175 0.3153 -0.7206
vn -0.3977 0.6832 -0.6125
vn 0.3416 0.3305 -0.8798
vn 0.2715 0.6940 -0.6668
vn 0.4677 0.6697 -0.5769
vn -0.9398 0.0715 0.3341
vn -0.6510 0.3160 0.6902
vn -0.8522 0.3313 0.4050
vn 0.3191 0.3308 0.8881
vn 0.6489 0.3096 0.6950
vn -0.3126 0.3340 0.8892
vn -0.2247 0.7022 0.6756
vn -0.4265 0.6841 0.5916
vn 0.9323 0.0708 0.3546
vn 0.8493 0.3233 0.4174
vn 0.1176 0.9595 -0.2562
vn 0.1049 0.9225 -0.3714
vn 0.1537 0.9101 -0.3849
vn 0.1512 0.9326 -0.3276
vn 0.0579 0.9384 -0.3407
vn 0.0512 0.9391 0.3399
vn 0.0096 0.9397 -0.3420
vn 0.0027 0.9403 0.3402
vn -0.0491 0.9635 -0.2631
vn -0.0828 0.9388 -0.3344
vn -0.0548 0.9657 0.2537
vn -0.0917 0.9395 0.3302
vn -0.0430 0.9254 -0.3765
vn -0.0785 0.9176 -0.3897
vn -0.0494 0.9287 0.3674
vn -0.0956 0.9183 0.3842
vn 0.9406 0.3391 0.0177
vn 0.7104 0.7037 0.0138
vn 0.7150 0.6955 0.0709
vn 0.3530 0.9356 0.0074
vn 0.3575 0.9295 0.0911
vn -0.0426 0.9947 0.0938
vn -0.0402 0.9992 -0.0023
vn -0.3060 0.9519 -0.0174
vn -0.3132 0.9462 0.0812
vn -0.6894 0.7233 -0.0394
vn -0.6968 0.7156 0.0492
vn -0.9366 0.3463 -0.0540
vn -0.6895 0.7168 -0.1039
vn -0.3050 0.9464 -0.1064
vn 0.1025 0.9906 -0.0904
vn 0.0993 0.9951 0.0022
vn 0.3590 0.9305 -0.0724
vn 0.9429 0.3330 0.0123
vn 0.0074 0.7141 -0.7000
vn 0.0080 0.7165 -0.6976
vn 0.0072 0.4172 -0.9088
vn 0.0067 0.4148 -0.9099
vn 0.0073 0.7090 -0.7052
vn 0.0022 0.7113 -0.7029
vn 0.0021 0.4128 -0.9108
vn 0.0066 0.4142 -0.9101
vn -0.0125 -0.8283 0.5601
vn -0.0057 -0.8290 0.5592
vn -0.0045 -0.3615 0.9324
vn -0.0144 -0.3609 0.9325
vn -0.0061 -0.8315 0.5555
vn -0.0057 -0.8302 0.5574
vn -0.0045 -0.3620 0.9322
vn -0.0049 -0.3638 0.9315
vn -0.7907 0.2715 -0.5487
vn -0.6601 -0.2856 0.6947
vn -0.6912 -0.0154 0.7225
vn -0.7323 0.0154 -0.6808
vn -0.0038 -0.0166 0.9999
vn -0.0042 -0.0174 0.9998
vn 0.6503 -0.2915 0.7015
vn 0.8024 0.2669 -0.5339
vn 0.7441 0.0170 -0.6679
vn 0.6815 -0.0169 0.7316
vn 0.1925 -0.9593 0.2067
vn 0.0262 0.7569 -0.6530
vn 0.0070 0.7509 -0.6604
vn -0.0006 0.6627 0.7488
vn 0.0210 0.6584 0.7524
vn -0.0105 0.7577 -0.6525
vn -0.5879 0.5939 -0.5493
vn -0.5878 0.5411 0.6014
vn -0.0214 0.6571 0.7535
vn 0.5816 0.5417 0.6069
vn 0.6011 0.5861 -0.5433
vn -0.8488 -0.3493 0.3970
vn -0.2436 0.9660 0.0865
vn -0.1675 0.9752 0.1446
vn -0.6558 -0.3911 0.6458
vn -0.3301 -0.3488 -0.8771
vn -0.0991 0.9709 -0.2182
vn -0.1560 0.9797 -0.1256
vn -0.6637 -0.4230 -0.6169
vn 0.8307 -0.3607 -0.4240
vn 0.2255 0.9701 -0.0900
vn 0.1675 0.9728 -0.1597
vn 0.6128 -0.3865 -0.6892
vn 0.4465 -0.3551 0.8213
vn 0.1042 0.9718 0.2116
vn 0.1815 0.9727 0.1449
vn 0.6922 -0.3850 0.6104
vn -0.8389 -0.5441 -0.0148
vn -0.1672 -0.9641 -0.2063
vn -0.1525 -0.9882 -0.0164
vn 0.3924 -0.7103 -0.5844
vn 0.4507 -0.8923 0.0258
vn 0.1548 -0.9879 0.0035
vn 0.0850 -0.6208 -0.7794
vn -0.8971 -0.3624 -0.2528
vn -0.2516 0.9651 -0.0729
vn -0.2324 0.9726 0.0046
vn -0.9155 -0.3927 0.0871
vn 0.8643 -0.3578 0.3537
vn 0.2450 0.9658 0.0854
vn 0.2170 0.9762 0.0001
vn 0.9129 -0.4070 -0.0321
vn -0.1920 -0.9587 0.2101
vn 0.0093 -0.9898 0.1420
vn 0.0045 -0.5872 0.8094
vn 0.0070 0.7513 -0.6600
vn -0.0006 0.6625 0.7491
vn -0.0007 0.6563 0.7545
vn 0.0076 0.7524 -0.6587
vn 0.3408 -0.3505 -0.8724
vn 0.0942 0.9709 -0.2202
vn -0.0097 0.9785 -0.2058
vn 0.0079 -0.3887 -0.9213
vn -0.3858 -0.3537 0.8521
vn -0.0978 0.9709 0.2184
vn -0.0014 0.9808 0.1948
vn 0.0314 -0.4066 0.9131
vn 0.1708 -0.9613 -0.2162
vn 0.0075 -0.9915 -0.1300
vn 0.0042 -0.6040 -0.7970
vn 0.0085 -0.9998 -0.0201
vn 0.1514 -0.9884 -0.0140
vn 0.3612 -0.7202 0.5923
vn -1.0000 0.0007 -0.0096
vn 0.0055 0.0007 -1.0000
vn 0.0076 -0.0005 1.0000
vn -0.3240 0.8972 0.3001
vn -0.3867 0.9094 0.1533
vn -0.3478 0.8835 -0.3137
vn -0.1662 0.9033 -0.3954
vn 0.2934 0.9031 -0.3135
vn 0.3915 0.9007 -0.1883
vn 0.3252 0.9011 0.2869
vn 0.1978 0.9023 0.3831
vn -0.4418 0.8969 0.0182
vn -0.4057 0.9056 -0.1236
vn 0.4621 0.8868 -0.0074
vn 0.3942 0.9057 0.1557
vn -0.0016 0.8944 -0.4473
vn 0.1662 0.9080 -0.3846
vn 0.0077 0.8837 0.4681
vn -0.1812 0.9018 0.3924
vn -0.5269 -0.6704 0.5224
vn -0.6781 -0.6619 0.3195
vn -0.7312 -0.6791 0.0642
vn -0.7036 -0.6795 -0.2079
vn -0.5307 -0.6945 -0.4859
vn -0.2683 -0.6629 -0.6990
vn 0.0086 -0.6672 -0.7449
vn 0.2735 -0.6562 -0.7033
vn 0.4970 -0.6686 -0.5532
vn 0.6626 -0.6710 -0.3327
vn 0.7230 -0.6903 -0.0257
vn 0.6857 -0.6734 0.2765
vn 0.5590 -0.6691 0.4898
vn 0.3531 -0.6613 0.6618
vn 0.0253 -0.6831 0.7299
vn -0.3026 -0.6660 0.6818
vn 0.8898 -0.4544 0.0425
vn 0.8898 -0.4544 0.0432
vn 0.6591 -0.3175 -0.6817
vn 0.6598 -0.3179 -0.6809
vn 0.6242 -0.3268 0.7096
vn 0.6250 -0.3272 0.7087
vn 0.3257 0.2166 0.9203
vn 0.0018 -0.0044 1.0000
vn 0.0427 0.8821 0.4691
vn 0.1011 0.9056 0.4120
vn 0.1035 0.9477 -0.3019
vn 0.0390 0.9633 -0.2656
vn 0.0324 0.9950 -0.0940
vn 0.0321 0.0034 -0.9995
vn 0.3651 0.2209 -0.9044
vn -0.0145 0.0033 -0.9999
vn -0.3508 0.2167 -0.9110
vn -0.0201 0.0002 -0.9998
vn -0.0140 0.0035 -0.9999
vn 0.0176 0.9693 -0.2454
vn 0.0044 0.9797 -0.2004
vn -0.0247 0.9859 -0.1653
vn 0.0400 0.9803 -0.1932
vn 0.0175 0.9703 0.2414
vn 0.0402 0.9810 0.1897
vn -0.0260 0.9866 0.1610
vn 0.0035 0.9808 0.1952
vn 0.6222 0.3288 -0.7104
vn 0.8692 0.4939 0.0227
vn 0.8312 0.5555 0.0229
vn 0.0176 -0.0186 -0.9997
vn -0.0053 0.0050 1.0000
vn 0.5948 0.3444 0.7263
vn -0.6134 0.3349 0.7152
vn -0.8724 0.4888 -0.0021
vn -0.8351 0.5501 -0.0002
vn -0.0072 -0.0049 1.0000
vn -0.0083 -0.0119 -0.9999
vn -0.6125 0.3305 -0.7181
vn -0.0334 -0.9648 0.2608
vn -0.7997 -0.5974 0.0606
vn -0.0263 -0.9619 -0.2720
vn -0.1000 -0.9587 -0.2663
vn -0.0355 -0.9949 -0.0942
vn -0.7663 -0.6243 0.1520
vn 0.0176 -0.9949 0.0996
vn 0.1162 -0.9882 0.0997
vn 0.7886 -0.6137 -0.0379
vn -0.9180 0.0718 -0.3901
vn -0.7921 -0.6005 -0.1095
vn 0.7781 -0.6234 0.0768
vn -0.9467 0.0729 0.3138
vn 0.9350 0.0737 0.3468
vn 0.7756 -0.6068 0.1740
vn 0.7744 -0.6061 -0.1815
vn 0.9307 0.0736 -0.3582
vn -0.9476 0.0728 -0.3111
vn -0.7680 -0.6233 -0.1473
vn -0.0681 0.9775 -0.1997
vn -0.0365 0.9856 -0.1653
vn -0.0686 0.9783 0.1955
vn -0.0371 0.9864 0.1602
vn -0.0835 0.9658 -0.2453
vn -0.1046 0.9758 -0.1919
vn -0.0838 0.9669 0.2410
vn -0.1050 0.9768 0.1867
vn -0.1003 0.9950 0.0005
vn -0.0311 0.9995 0.0003
vn -0.0295 0.9955 -0.0903
vn -0.0994 0.9911 -0.0885
vn -0.0311 0.9995 -0.0000
vn -0.0295 0.9955 -0.0902
vn -0.0311 0.9995 -0.0003
vn -0.0295 0.9955 -0.0901
vn -0.0311 0.9995 -0.0007
vn -0.0295 0.9955 -0.0900
vn 0.0410 0.9992 -0.0011
vn 0.0415 0.9949 -0.0923
vn 0.0372 0.9953 0.0889
vn -0.0334 0.9956 0.0876
vn -0.0334 0.9956 0.0877
vn -0.1035 0.9909 0.0860
vn 0.0332 -0.9944 0.1004
vn -0.0378 -0.9948 0.0949
vn -0.0001 -1.0000 0.0025
vn 0.0079 -0.9955 0.0945
vn 0.0368 -0.9772 0.2093
vn 0.0456 -0.9794 0.1969
vn 0.0325 -0.9789 0.2015
vn 0.0280 -0.9769 0.2120
vn 0.0188 -0.9948 -0.0997
vn 0.1134 -0.9886 -0.0993
vn 0.0354 -0.9943 -0.1002
vn 0.0362 -0.9787 -0.2019
vn 0.0465 -0.9801 -0.1931
vn -0.0183 -0.9957 -0.0909
vn 0.0233 -0.9774 -0.2102
vn 0.0348 -0.9769 -0.2108
vn -0.9382 0.3297 0.1049
vn -0.7101 0.6883 0.1480
vn -0.7157 0.6968 0.0471
vn 0.6917 0.7172 -0.0852
vn 0.6942 0.7198 -0.0055
vn -0.7129 0.7013 0.0016
vn 0.2941 0.9359 -0.1940
vn 0.2246 0.9338 -0.2785
vn 0.6791 0.7091 -0.1897
vn 0.6151 0.7023 -0.3584
vn 0.2276 0.9349 0.2722
vn 0.2964 0.9366 0.1870
vn 0.6198 0.7031 0.3484
vn -0.8855 0.3243 0.3327
vn -0.6562 0.6838 0.3191
vn 0.8683 0.3327 0.3680
vn 0.8634 0.3325 -0.3796
vn 0.9283 0.3382 -0.1548
vn -0.8862 0.3240 -0.3312
vn -0.6566 0.6830 -0.3199
vn -0.2881 0.9205 -0.2638
vn -0.3529 0.9190 -0.1756
vn -0.3530 0.9198 0.1715
vn -0.2879 0.9216 0.2605
vn -0.3550 0.9317 -0.0767
vn -0.3552 0.9348 0.0010
vn 0.3100 0.9507 -0.0031
vn 0.3082 0.9466 -0.0951
vn 0.3034 0.9488 0.0884
vn -0.3594 0.9302 0.0750
vn 0.0156 -0.0111 -0.9998
vn 0.0959 0.9490 0.3004
vn 0.0998 0.9904 0.0959
vn 0.1050 0.9065 -0.4090
vn 0.0506 0.8793 -0.4736
vn 0.0324 0.9950 -0.0939
vn 0.0324 0.9951 -0.0939
vn -0.0396 0.9087 -0.4155
vn 0.0195 0.9626 -0.2703
vn -0.0448 0.9117 0.4084
vn 0.0217 0.8843 -0.4664
vn -0.0329 0.9538 -0.2987
vn -0.0384 0.9945 -0.0979
vn -0.0400 0.9525 0.3019
vn 0.0106 0.8832 0.4689
vn 0.0173 -0.9626 0.2705
vn -0.0334 -0.9623 0.2699
vn -0.0136 -0.9950 0.0993
vn -0.1092 -0.9588 0.2623
vn -0.0333 -0.9666 0.2540
vn -0.0337 -0.9638 0.2647
vn -0.0021 -0.9670 0.2549
vn -0.0334 -0.9640 0.2637
vn 0.0197 -0.9635 -0.2670
vn -0.0300 -0.9642 -0.2636
vn 0.0143 -0.9953 -0.0960
vn 0.0039 -0.9673 -0.2537
vn -0.0300 -0.9635 -0.2661
vn -0.0308 -0.9639 -0.2646
vn -0.0301 -0.9662 -0.2561
vn 0.0000 -1.0000 0.0011
vn 0.9339 0.3392 -0.1126
vn 0.6985 0.6888 -0.1942
vn 0.7165 0.6968 -0.0332
vn -0.6541 0.7086 -0.2646
vn -0.6649 0.7092 0.2343
vn 0.6840 0.6891 0.2393
vn 0.1683 0.8803 0.4436
vn 0.5793 0.6708 0.4631
vn 0.3438 0.9046 -0.2521
vn 0.6007 0.6706 -0.4353
vn -0.8264 0.3314 -0.4553
vn -0.5349 0.6864 -0.4927
vn -0.5618 0.6873 0.4605
vn 0.3263 0.9051 0.2725
vn 0.1870 0.8778 -0.4411
vn -0.1039 0.8865 -0.4510
vn -0.2707 0.9201 -0.2832
vn -0.2825 0.9200 0.2717
vn -0.1249 0.8868 0.4450
vn 0.0023 0.8936 0.4489
vn 0.0035 0.9917 -0.1284
vn 0.0308 0.9925 -0.1182
vn 0.0223 0.8892 0.4569
vn 0.0024 0.8925 0.4510
vn 0.0038 0.9927 -0.1207
vn 0.0021 0.8970 0.4419
vn 0.0034 0.9902 -0.1395
vn -0.0159 0.8956 0.4445
vn -0.0218 0.9903 -0.1376
vn -0.8153 0.4899 0.3087
vn -0.9001 0.4330 -0.0473
vn -0.5111 -0.7986 -0.3177
vn -0.6180 -0.7858 -0.0248
vn 0.0067 -0.9453 -0.3263
vn 0.0173 -0.9987 -0.0474
vn -0.0008 -0.9456 -0.3252
vn -0.0027 -0.9989 -0.0467
vn -0.0009 -0.9445 -0.3285
vn -0.0030 -0.9986 -0.0523
vn -0.0008 -0.9448 -0.3276
vn -0.0027 -0.9987 -0.0500
vn -0.0091 -0.9437 -0.3307
vn -0.0241 -0.9983 -0.0530
vn 0.5157 -0.7917 -0.3275
vn 0.6076 -0.7932 -0.0416
vn 0.8231 0.4730 0.3142
vn 0.9035 0.4281 -0.0193
vn 0.0138 0.7204 -0.6934
vn -0.7029 0.4878 -0.5177
vn -0.6530 -0.6167 0.4396
vn 0.0010 -0.8304 0.5572
vn 0.6406 -0.6321 0.4359
vn 0.7252 0.4941 -0.4795
vn 0.0119 0.4132 -0.9106
vn 0.0055 -0.3614 0.9324
vn 0.0055 0.0155 -0.9999
vn 0.0052 0.0152 -0.9999
vn 0.0060 0.0166 -0.9998
vn 0.0054 0.0152 -0.9999
vn 0.0063 0.0148 -0.9999
vn -0.0163 -0.0162 0.9997
vn -0.0038 -0.0164 0.9999
vn 0.0089 -0.0164 0.9998
vn 0.0054 -0.0152 -0.9999
vn 0.0043 -0.0148 -0.9999
vn 0.0058 -0.0160 -0.9999
vn 0.0053 -0.0152 -0.9999
vn 0.0068 -0.0149 -0.9999
vn -0.6908 -0.0124 -0.7229
vn -0.7297 0.0114 0.6837
vn -0.0168 0.0151 0.9997
vn -0.0037 0.0153 0.9999
vn -0.0041 0.0159 0.9999
vn 0.0096 0.0150 0.9998
vn 0.7201 0.0119 0.6938
vn 0.7019 -0.0127 -0.7121
vn 0.0057 0.0549 -0.9985
vn 0.0064 0.0549 -0.9985
vn 0.0061 0.0549 -0.9985
vn 0.0056 0.0549 -0.9985
vn 0.0055 0.0549 -0.9985
vn -0.2998 -0.2537 -0.9196
vn -0.3134 -0.3474 0.8838
vn -0.0158 -0.0549 0.9984
vn -0.0040 -0.0549 0.9985
vn -0.0043 -0.0549 0.9985
vn 0.0081 -0.0549 0.9985
vn 0.2993 -0.3465 0.8890
vn 0.3166 -0.2551 -0.9136
vn -0.2973 0.3525 -0.8873
vn -0.3159 0.2490 0.9155
vn 0.3073 0.2489 0.9185
vn 0.3089 0.3519 -0.8836
vn -0.6936 -0.6637 0.2801
vn -0.7282 0.5941 0.3417
vn -0.3415 0.5773 -0.7417
vn -0.3311 -0.5156 -0.7902
vn 0.3019 -0.5159 -0.8017
vn 0.3122 0.5718 -0.7586
vn 0.7335 0.6065 0.3068
vn 0.6964 -0.6712 0.2540
vn 0.1882 0.8385 -0.5114
vn -0.2873 0.5944 0.7511
vn 0.2439 -0.7654 -0.5956
vn -0.2768 -0.6655 0.6932
vn 0.3172 0.5887 0.7435
vn -0.1975 0.8499 -0.4886
vn 0.3084 -0.6527 0.6920
vn -0.2605 -0.7849 -0.5623
vn 0.0687 -0.1005 0.9926
vn 0.0562 -0.0343 0.9978
vn -0.0000 -0.0358 0.9994
vn -0.0000 -0.0881 0.9961
vn -0.0000 -0.0896 0.9960
vn -0.0609 -0.0337 0.9976
vn -0.0752 -0.1010 0.9920
vn -0.0657 0.0156 0.9977
vn -0.0520 -0.0340 0.9981
vn -0.0000 0.0037 1.0000
vn 0.0502 -0.0345 0.9981
vn 0.0638 0.0153 0.9978
vn -0.1940 0.9645 0.1792
vn -0.1209 0.5332 0.8373
vn 0.1197 0.5321 0.8382
vn 0.1936 0.9645 0.1798
vn 0.1577 -0.9873 -0.0186
vn 0.1145 -0.7207 0.6837
vn -0.1331 -0.7215 0.6796
vn -0.1836 -0.9828 -0.0202
vn 0.4268 -0.0817 0.9006
vn 0.7368 -0.1214 0.6652
vn 0.7207 0.0706 0.6897
vn 0.4056 0.0173 0.9139
vn -0.7855 -0.0726 -0.6146
vn -0.9900 -0.1293 0.0569
vn -0.9886 0.1265 0.0812
vn -0.7823 0.1252 -0.6102
vn 0.9901 -0.1286 0.0566
vn 0.9149 -0.4036 0.0107
vn 0.7265 -0.3018 -0.6173
vn 0.7780 -0.0713 -0.6242
vn -0.7445 -0.1221 0.6564
vn -0.9183 -0.3958 0.0120
vn -0.7358 -0.3514 0.5789
vn 0.9887 0.1266 0.0808
vn -0.0946 0.0495 -0.9943
vn 0.0139 0.0380 -0.9992
vn 0.0114 0.0313 -0.9994
vn -0.1028 0.0218 -0.9945
vn 0.0921 0.0494 -0.9945
vn 0.0972 0.0222 -0.9950
vn -0.0132 0.0321 -0.9994
vn -0.0147 0.0387 -0.9991
vn -0.1734 -0.2956 -0.9395
vn -0.1042 -0.0651 -0.9924
vn 0.0095 -0.0260 -0.9996
vn -0.0270 -0.2084 -0.9777
vn 0.2073 -0.0551 0.9767
vn 0.1915 -0.0134 0.9814
vn 0.1443 0.7053 -0.6941
vn 0.4056 0.6767 -0.6144
vn 0.1797 0.3409 -0.9228
vn 0.0241 0.2539 -0.9669
vn 0.6092 0.5553 -0.5662
vn 0.2936 0.2551 -0.9213
vn -0.0490 0.2068 0.9772
vn -0.1897 0.2337 0.9536
vn -0.0754 0.0847 0.9935
vn -0.0182 0.0577 0.9982
vn -0.4069 0.2988 0.8632
vn -0.1678 0.0958 0.9812
vn 0.4456 0.1418 0.8839
vn 0.2299 0.0584 0.9714
vn 0.2995 0.1765 0.9376
vn 0.0827 0.0377 0.9959
vn -0.7484 0.3408 -0.5691
vn -0.4022 0.1989 -0.8937
vn -0.3880 0.0836 -0.9179
vn -0.6137 0.5531 -0.5635
vn -0.2983 0.2540 -0.9200
vn 0.3906 -0.1415 -0.9096
vn 0.3868 -0.0122 -0.9221
vn 0.5651 -0.5217 -0.6392
vn 0.2669 -0.2017 -0.9424
vn -0.1272 -0.6293 -0.7667
vn -0.3693 -0.6225 -0.6900
vn -0.5845 -0.5102 -0.6309
vn -0.2817 -0.1983 -0.9388
vn 0.0568 -0.4232 0.9043
vn 0.2270 -0.4725 0.8516
vn 0.1144 -0.2703 0.9560
vn 0.0232 -0.2253 0.9740
vn 0.4032 -0.4162 0.8150
vn 0.1656 -0.1952 0.9667
vn -0.4414 -0.0824 0.8935
vn -0.4824 -0.2380 0.8430
vn -0.2624 -0.1426 0.9544
vn -0.2192 -0.0553 0.9741
vn -0.4274 -0.4127 0.8044
vn -0.1793 -0.1939 0.9645
vn 0.1624 -0.2978 -0.9407
vn 0.0977 -0.0652 -0.9931
vn 0.3820 0.0826 -0.9205
vn -0.0985 0.1219 -0.9876
vn 0.0127 0.0827 -0.9965
vn 0.3971 0.1985 -0.8961
vn 0.0963 0.1222 -0.9878
vn -0.0250 0.2533 -0.9671
vn -0.1827 0.3401 -0.9225
vn -0.4061 -0.1405 -0.9030
vn -0.4002 -0.0130 -0.9163
vn -0.0117 -0.0252 -0.9996
vn -0.0134 0.0836 -0.9964
vn 0.0216 -0.2082 -0.9778
vn 0.7789 0.1250 -0.6146
vn 0.5035 0.8475 0.1678
vn 0.3537 0.5267 0.7730
vn 0.5497 0.4231 0.7203
vn 0.7358 0.6649 0.1283
vn -0.1452 0.7052 -0.6940
vn -0.4089 0.6760 -0.6130
vn 0.7451 0.3418 -0.5728
vn -0.9203 0.3818 0.0850
vn -0.7465 0.6601 0.0834
vn 0.7159 -0.6972 -0.0386
vn -0.4789 -0.8768 -0.0420
vn -0.7336 -0.6785 -0.0386
vn 0.1096 -0.6314 -0.7677
vn 0.3475 -0.6320 -0.6927
vn -0.7369 -0.2974 -0.6070
vn -0.5063 0.8459 0.1677
vn -0.3488 0.5220 0.7784
vn -0.6006 0.4922 0.6301
vn 0.9196 0.3837 0.0840
vn 0.4515 -0.8914 -0.0390
vn 0.0178 0.0574 0.9982
vn 0.0481 0.2058 0.9774
vn 0.0734 0.0844 0.9937
vn 0.1766 0.2392 0.9548
vn -0.4112 0.0184 0.9114
vn -0.1961 -0.0127 0.9805
vn -0.2345 0.0590 0.9703
vn -0.4442 0.1532 0.8827
vn 0.2461 -0.1429 0.9586
vn 0.4632 -0.2399 0.8532
vn -0.0664 -0.4276 0.9015
vn -0.0272 -0.2289 0.9731
vn -0.1255 -0.2731 0.9538
vn -0.2457 -0.4740 0.8456
vn 0.7248 -0.3583 0.5885
vn -0.7237 0.0712 0.6864
vn -0.7065 0.2811 0.6495
vn 0.5984 -0.5906 0.5414
vn -0.3993 -0.7122 0.5773
vn -0.6205 -0.5782 0.5298
vn 0.7086 0.2844 0.6457
vn 0.3743 -0.7186 0.5861
# 1333 vertex normals

vt 0.3124 0.7179 0.0000
vt 0.2905 0.7181 0.0000
vt 0.2904 0.7096 0.0000
vt 0.3124 0.7094 0.0000
vt 0.9532 0.7952 0.0000
vt 0.9288 0.7943 0.0000
vt 0.9288 0.7869 0.0000
vt 0.9533 0.7873 0.0000
vt 0.3124 0.7536 0.0000
vt 0.2904 0.7534 0.0000
vt 0.3121 0.7873 0.0000
vt 0.2904 0.7868 0.0000
vt 0.2558 0.7539 0.0000
vt 0.2558 0.7873 0.0000
vt 0.2346 0.7875 0.0000
vt 0.2346 0.7542 0.0000
vt 0.3124 0.6837 0.0000
vt 0.2904 0.6842 0.0000
vt 0.2902 0.6505 0.0000
vt 0.3122 0.6497 0.0000
vt 0.2900 0.6201 0.0000
vt 0.3118 0.6193 0.0000
vt 0.2555 0.6208 0.0000
vt 0.2556 0.6512 0.0000
vt 0.2344 0.6513 0.0000
vt 0.2343 0.6209 0.0000
vt 0.1023 0.6285 0.0000
vt 0.1337 0.6270 0.0000
vt 0.1338 0.6558 0.0000
vt 0.1023 0.6570 0.0000
vt 0.1339 0.6873 0.0000
vt 0.1023 0.6880 0.0000
vt 0.1339 0.6954 0.0000
vt 0.1023 0.6959 0.0000
vt 0.1024 0.7197 0.0000
vt 0.1339 0.7195 0.0000
vt 0.1340 0.7518 0.0000
vt 0.1024 0.7514 0.0000
vt 0.1340 0.7822 0.0000
vt 0.1026 0.7811 0.0000
vt 0.2235 0.6883 0.0000
vt 0.2255 0.7147 0.0000
vt 0.1698 0.7516 0.0000
vt 0.1699 0.7823 0.0000
vt 0.2015 0.7168 0.0000
vt 0.1696 0.6551 0.0000
vt 0.2010 0.6901 0.0000
vt 0.1695 0.6261 0.0000
vt 0.4771 0.6625 0.0000
vt 0.4983 0.6629 0.0000
vt 0.4985 0.7019 0.0000
vt 0.4773 0.7015 0.0000
vt 0.4424 0.6616 0.0000
vt 0.4424 0.6514 0.0000
vt 0.4771 0.6521 0.0000
vt 0.5990 0.6231 0.0000
vt 0.5991 0.6330 0.0000
vt 0.5632 0.6324 0.0000
vt 0.5632 0.6221 0.0000
vt 0.2135 0.7863 0.0000
vt 0.1917 0.7841 0.0000
vt 0.1916 0.7525 0.0000
vt 0.2134 0.7536 0.0000
vt 0.2132 0.6521 0.0000
vt 0.1914 0.6536 0.0000
vt 0.1913 0.6240 0.0000
vt 0.2131 0.6218 0.0000
vt 0.5196 0.6630 0.0000
vt 0.4983 0.6524 0.0000
vt 0.5196 0.6525 0.0000
vt 0.8387 0.4729 0.0000
vt 0.8385 0.4506 0.0000
vt 0.8539 0.4501 0.0000
vt 0.8541 0.4728 0.0000
vt 0.2904 0.7011 0.0000
vt 0.2904 0.6927 0.0000
vt 0.3124 0.6923 0.0000
vt 0.3124 0.7008 0.0000
vt 0.9289 0.7793 0.0000
vt 0.9289 0.7718 0.0000
vt 0.9533 0.7715 0.0000
vt 0.9534 0.7794 0.0000
vt 0.1339 0.7034 0.0000
vt 0.1339 0.7114 0.0000
vt 0.1023 0.7118 0.0000
vt 0.1023 0.7039 0.0000
vt 0.4424 0.6413 0.0000
vt 0.4423 0.6312 0.0000
vt 0.4770 0.6314 0.0000
vt 0.4770 0.6418 0.0000
vt 0.5991 0.6429 0.0000
vt 0.5991 0.6529 0.0000
vt 0.5633 0.6528 0.0000
vt 0.5632 0.6426 0.0000
vt 0.4983 0.6315 0.0000
vt 0.4983 0.6420 0.0000
vt 0.5414 0.6423 0.0000
vt 0.5195 0.6421 0.0000
vt 0.5195 0.6317 0.0000
vt 0.5414 0.6320 0.0000
vt 0.5414 0.6631 0.0000
vt 0.5414 0.6527 0.0000
vt 0.3931 0.8941 0.0000
vt 0.3931 0.8855 0.0000
vt 0.4094 0.8854 0.0000
vt 0.4094 0.8941 0.0000
vt 0.4205 0.6411 0.0000
vt 0.4205 0.6314 0.0000
vt 0.3930 0.8769 0.0000
vt 0.3930 0.8685 0.0000
vt 0.4092 0.8680 0.0000
vt 0.4093 0.8767 0.0000
vt 0.5633 0.6631 0.0000
vt 0.5991 0.6628 0.0000
vt 0.4770 0.6210 0.0000
vt 0.4983 0.6211 0.0000
vt 0.3932 0.9025 0.0000
vt 0.4094 0.9028 0.0000
vt 0.9290 0.7643 0.0000
vt 0.9534 0.7636 0.0000
vt 0.8695 0.4262 0.0000
vt 0.8697 0.4494 0.0000
vt 0.8537 0.4274 0.0000
vt 0.8990 0.5330 0.0000
vt 0.9147 0.5330 0.0000
vt 0.9146 0.5551 0.0000
vt 0.8989 0.5550 0.0000
vt 0.1683 0.8373 0.0000
vt 0.1689 0.8210 0.0000
vt 0.1912 0.8227 0.0000
vt 0.1909 0.8390 0.0000
vt 0.0629 0.6965 0.0000
vt 0.0517 0.6967 0.0000
vt 0.0518 0.6889 0.0000
vt 0.0629 0.6886 0.0000
vt 0.6306 0.6249 0.0000
vt 0.6306 0.6341 0.0000
vt 0.8382 0.5506 0.0000
vt 0.8372 0.5730 0.0000
vt 0.8221 0.5727 0.0000
vt 0.8229 0.5503 0.0000
vt 0.9283 0.4310 0.0000
vt 0.9133 0.4328 0.0000
vt 0.9122 0.4104 0.0000
vt 0.9270 0.4076 0.0000
vt 0.0629 0.7122 0.0000
vt 0.0630 0.7201 0.0000
vt 0.2196 0.7182 0.0000
vt 0.2182 0.6854 0.0000
vt 0.8387 0.5161 0.0000
vt 0.8542 0.5169 0.0000
vt 0.8533 0.5525 0.0000
vt 0.8980 0.4332 0.0000
vt 0.9141 0.4672 0.0000
vt 0.8984 0.4675 0.0000
vt 0.2287 0.6952 0.0000
vt 0.8220 0.3929 0.0000
vt 0.8374 0.3927 0.0000
vt 0.8382 0.4283 0.0000
vt 0.8225 0.4285 0.0000
vt 0.1978 0.7097 0.0000
vt 0.9142 0.5909 0.0000
vt 0.9300 0.5559 0.0000
vt 0.9293 0.5926 0.0000
vt 0.5988 0.5494 0.0000
vt 0.5988 0.5878 0.0000
vt 0.5631 0.5861 0.0000
vt 0.5632 0.5466 0.0000
vt 0.5991 0.6989 0.0000
vt 0.5633 0.6999 0.0000
vt 0.5991 0.7389 0.0000
vt 0.5635 0.7412 0.0000
vt 0.3932 0.5554 0.0000
vt 0.4211 0.5499 0.0000
vt 0.4207 0.5858 0.0000
vt 0.3884 0.5877 0.0000
vt 0.2571 0.8238 0.0000
vt 0.2579 0.8392 0.0000
vt 0.2359 0.8404 0.0000
vt 0.2354 0.8247 0.0000
vt 0.2566 0.5858 0.0000
vt 0.2349 0.5851 0.0000
vt 0.2353 0.5699 0.0000
vt 0.2573 0.5709 0.0000
vt 0.7026 0.6591 0.0000
vt 0.6998 0.6899 0.0000
vt 0.6685 0.6918 0.0000
vt 0.6707 0.6601 0.0000
vt 0.6924 0.7180 0.0000
vt 0.6635 0.7234 0.0000
vt 0.9159 0.8554 0.0000
vt 0.9181 0.8937 0.0000
vt 0.8949 0.8966 0.0000
vt 0.8927 0.8734 0.0000
vt 0.0550 0.6580 0.0000
vt 0.0652 0.6575 0.0000
vt 0.0622 0.6296 0.0000
vt 0.0703 0.6290 0.0000
vt 0.0735 0.6025 0.0000
vt 0.0823 0.6106 0.0000
vt 0.1317 0.8343 0.0000
vt 0.0991 0.8257 0.0000
vt 0.1005 0.8121 0.0000
vt 0.1326 0.8188 0.0000
vt 0.0795 0.8062 0.0000
vt 0.0826 0.7996 0.0000
vt 0.8988 0.5907 0.0000
vt 0.8977 0.6235 0.0000
vt 0.8739 0.6277 0.0000
vt 0.8732 0.5935 0.0000
vt 0.8940 0.6603 0.0000
vt 0.8716 0.6514 0.0000
vt 0.7983 0.5769 0.0000
vt 0.7974 0.5529 0.0000
vt 0.8184 0.6045 0.0000
vt 0.7961 0.5975 0.0000
vt 0.3587 0.6234 0.0000
vt 0.3611 0.5886 0.0000
vt 0.3864 0.6228 0.0000
vt 0.3791 0.9384 0.0000
vt 0.3819 0.9686 0.0000
vt 0.3597 0.9801 0.0000
vt 0.3533 0.9481 0.0000
vt 0.3825 1.0000 0.0000
vt 0.3604 0.9998 0.0000
vt 0.3581 0.7557 0.0000
vt 0.3506 0.7902 0.0000
vt 0.3388 0.7890 0.0000
vt 0.3443 0.7547 0.0000
vt 0.3372 0.8138 0.0000
vt 0.3293 0.8057 0.0000
vt 0.2928 0.5731 0.0000
vt 0.3157 0.5789 0.0000
vt 0.3140 0.5913 0.0000
vt 0.2918 0.5873 0.0000
vt 0.3362 0.5939 0.0000
vt 0.3285 0.6017 0.0000
vt 0.4031 0.7504 0.0000
vt 0.3932 0.7318 0.0000
vt 0.4214 0.7376 0.0000
vt 0.4194 0.7637 0.0000
vt 0.3863 0.6587 0.0000
vt 0.3863 0.6497 0.0000
vt 0.4205 0.6507 0.0000
vt 0.4205 0.6603 0.0000
vt 0.5413 0.5850 0.0000
vt 0.5413 0.5451 0.0000
vt 0.5414 0.6216 0.0000
vt 0.5643 0.7710 0.0000
vt 0.5421 0.7726 0.0000
vt 0.5417 0.7427 0.0000
vt 0.4426 0.5460 0.0000
vt 0.4425 0.5842 0.0000
vt 0.4205 0.6218 0.0000
vt 0.4423 0.6210 0.0000
vt 0.4430 0.7417 0.0000
vt 0.4416 0.7698 0.0000
vt 0.6299 0.5563 0.0000
vt 0.6302 0.5916 0.0000
vt 0.6324 0.7587 0.0000
vt 0.6004 0.7678 0.0000
vt 0.6303 0.7321 0.0000
vt 0.6682 0.5959 0.0000
vt 0.6631 0.5652 0.0000
vt 0.6707 0.6272 0.0000
vt 0.6708 0.6354 0.0000
vt 0.6514 0.7439 0.0000
vt 0.4030 0.5379 0.0000
vt 0.4189 0.5254 0.0000
vt 0.4411 0.5193 0.0000
vt 0.4769 0.5445 0.0000
vt 0.4760 0.5169 0.0000
vt 0.4977 0.5158 0.0000
vt 0.4982 0.5439 0.0000
vt 0.5999 0.5212 0.0000
vt 0.6319 0.5303 0.0000
vt 0.6510 0.5450 0.0000
vt 0.3881 0.6957 0.0000
vt 0.4210 0.6981 0.0000
vt 0.4428 0.7001 0.0000
vt 0.6307 0.6616 0.0000
vt 0.6304 0.6956 0.0000
vt 0.5415 0.7007 0.0000
vt 0.6708 0.6518 0.0000
vt 0.7027 0.6515 0.0000
vt 0.7967 0.5170 0.0000
vt 0.7966 0.4949 0.0000
vt 0.8232 0.4945 0.0000
vt 0.8230 0.5160 0.0000
vt 0.3863 0.6318 0.0000
vt 0.3586 0.6319 0.0000
vt 0.8726 0.5336 0.0000
vt 0.8726 0.5564 0.0000
vt 0.9296 0.8248 0.0000
vt 0.9144 0.8259 0.0000
vt 0.9136 0.7948 0.0000
vt 0.9310 0.8533 0.0000
vt 0.9545 0.8572 0.0000
vt 0.9569 0.8936 0.0000
vt 0.9337 0.8930 0.0000
vt 0.6996 0.5982 0.0000
vt 0.7025 0.6286 0.0000
vt 0.6921 0.5706 0.0000
vt 0.8939 0.6854 0.0000
vt 0.8963 0.6623 0.0000
vt 0.9193 0.6658 0.0000
vt 0.9166 0.7039 0.0000
vt 0.7958 0.3904 0.0000
vt 0.7968 0.3556 0.0000
vt 0.8207 0.3603 0.0000
vt 0.7948 0.3317 0.0000
vt 0.8173 0.3232 0.0000
vt 0.9129 0.6237 0.0000
vt 0.9099 0.6625 0.0000
vt 0.8345 0.6064 0.0000
vt 0.3945 0.9373 0.0000
vt 0.3779 0.9030 0.0000
vt 0.3968 0.9671 0.0000
vt 0.3984 1.0000 0.0000
vt 0.3602 0.6943 0.0000
vt 0.3584 0.6576 0.0000
vt 0.3783 0.8309 0.0000
vt 0.3518 0.8216 0.0000
vt 0.3580 0.7856 0.0000
vt 0.3810 0.7968 0.0000
vt 0.3586 0.7648 0.0000
vt 0.3812 0.7637 0.0000
vt 0.8735 0.4311 0.0000
vt 0.8746 0.4069 0.0000
vt 0.8971 0.4107 0.0000
vt 0.8728 0.3871 0.0000
vt 0.8940 0.3802 0.0000
vt 0.8388 0.4946 0.0000
vt 0.8542 0.4949 0.0000
vt 0.9149 0.7328 0.0000
vt 0.9301 0.7341 0.0000
vt 0.9137 0.7637 0.0000
vt 0.9317 0.7062 0.0000
vt 0.9553 0.7025 0.0000
vt 0.9349 0.6667 0.0000
vt 0.9502 0.6678 0.0000
vt 0.8359 0.3600 0.0000
vt 0.8332 0.3211 0.0000
vt 0.3937 0.8318 0.0000
vt 0.3776 0.8682 0.0000
vt 0.3959 0.7980 0.0000
vt 0.3971 0.7634 0.0000
vt 0.9100 0.3783 0.0000
vt 0.0519 0.7202 0.0000
vt 0.0654 0.7516 0.0000
vt 0.0552 0.7515 0.0000
vt 0.0707 0.7810 0.0000
vt 0.0626 0.7804 0.0000
vt 0.1311 0.5758 0.0000
vt 0.1321 0.5911 0.0000
vt 0.1000 0.5980 0.0000
vt 0.0984 0.5848 0.0000
vt 0.2934 0.8359 0.0000
vt 0.2923 0.8212 0.0000
vt 0.3145 0.8170 0.0000
vt 0.3163 0.8300 0.0000
vt 0.3571 0.6464 0.0000
vt 0.3435 0.6477 0.0000
vt 0.3380 0.6172 0.0000
vt 0.3497 0.6158 0.0000
vt 0.1684 0.5881 0.0000
vt 0.1907 0.5863 0.0000
vt 0.3458 0.6828 0.0000
vt 0.3460 0.6916 0.0000
vt 0.3461 0.7178 0.0000
vt 0.4773 0.7440 0.0000
vt 0.4766 0.7730 0.0000
vt 0.4770 0.5837 0.0000
vt 0.8727 0.4670 0.0000
vt 0.7951 0.4276 0.0000
vt 0.1677 0.5721 0.0000
vt 0.5638 0.5175 0.0000
vt 0.8520 0.5759 0.0000
vt 0.9136 0.7870 0.0000
vt 0.3778 0.8943 0.0000
vt 0.9296 0.4664 0.0000
vt 0.8525 0.3909 0.0000
vt 0.9536 0.8268 0.0000
vt 0.9277 0.6265 0.0000
vt 0.9256 0.6620 0.0000
vt 0.8503 0.6063 0.0000
vt 0.4104 0.9380 0.0000
vt 0.4122 0.9691 0.0000
vt 0.4139 0.9986 0.0000
vt 0.9298 0.4885 0.0000
vt 0.9144 0.4889 0.0000
vt 0.9541 0.7322 0.0000
vt 0.8507 0.3571 0.0000
vt 0.8569 0.3245 0.0000
vt 0.4096 0.8309 0.0000
vt 0.4112 0.7959 0.0000
vt 0.4126 0.7647 0.0000
vt 0.9258 0.3786 0.0000
vt 0.2077 0.7194 0.0000
vt 0.2137 0.7202 0.0000
vt 0.2128 0.6840 0.0000
vt 0.2069 0.6860 0.0000
vt 0.4982 0.5836 0.0000
vt 0.5194 0.5441 0.0000
vt 0.5195 0.5840 0.0000
vt 0.5198 0.7737 0.0000
vt 0.4982 0.7740 0.0000
vt 0.4986 0.7447 0.0000
vt 0.5198 0.7440 0.0000
vt 0.5416 0.5161 0.0000
vt 0.5193 0.5155 0.0000
vt 0.5197 0.7015 0.0000
vt 0.5195 0.6212 0.0000
vt 0.7957 0.4503 0.0000
vt 0.8228 0.4507 0.0000
vt 0.8230 0.4729 0.0000
vt 0.7963 0.4729 0.0000
vt 0.8729 0.4890 0.0000
vt 0.8987 0.4891 0.0000
vt 0.8989 0.5108 0.0000
vt 0.8728 0.5110 0.0000
vt 0.9145 0.5107 0.0000
vt 0.2131 0.5852 0.0000
vt 0.2136 0.8242 0.0000
vt 0.9300 0.5332 0.0000
vt 0.9299 0.5106 0.0000
vt 0.0517 0.7124 0.0000
vt 0.0518 0.7045 0.0000
vt 0.0630 0.7044 0.0000
vt 0.6307 0.6524 0.0000
vt 0.6306 0.6433 0.0000
vt 0.2294 0.7084 0.0000
vt 0.2312 0.7022 0.0000
vt 0.1976 0.6964 0.0000
vt 0.1960 0.7027 0.0000
vt 0.3864 0.6407 0.0000
vt 0.6707 0.6436 0.0000
vt 0.7027 0.6362 0.0000
vt 0.7026 0.6439 0.0000
vt 0.3584 0.6491 0.0000
vt 0.3586 0.6405 0.0000
vt 0.3461 0.7091 0.0000
vt 0.3460 0.7003 0.0000
vt 0.9136 0.7714 0.0000
vt 0.9135 0.7792 0.0000
vt 0.3776 0.8769 0.0000
vt 0.3777 0.8856 0.0000
vt 0.1902 0.5704 0.0000
vt 0.0373 0.7205 0.0000
vt 0.0371 0.7126 0.0000
vt 0.0413 0.7518 0.0000
vt 0.0505 0.7806 0.0000
vt 0.9656 0.8620 0.0000
vt 0.9671 0.8923 0.0000
vt 0.8674 0.3259 0.0000
vt 0.8633 0.3529 0.0000
vt 0.8673 0.3882 0.0000
vt 0.8696 0.4725 0.0000
vt 0.8695 0.4950 0.0000
vt 0.8693 0.5178 0.0000
vt 0.8675 0.5549 0.0000
vt 0.8639 0.5801 0.0000
vt 0.8615 0.6065 0.0000
vt 0.4237 0.7669 0.0000
vt 0.4229 0.7936 0.0000
vt 0.4232 0.8296 0.0000
vt 0.4234 0.8674 0.0000
vt 0.4235 0.8763 0.0000
vt 0.4237 0.8852 0.0000
vt 0.4236 0.8942 0.0000
vt 0.4236 0.9031 0.0000
vt 0.4238 0.9390 0.0000
vt 0.4237 0.9714 0.0000
vt 0.4247 0.9966 0.0000
vt 0.9370 0.3790 0.0000
vt 0.9388 0.4040 0.0000
vt 0.9419 0.4288 0.0000
vt 0.9441 0.4655 0.0000
vt 0.9446 0.4880 0.0000
vt 0.9451 0.5104 0.0000
vt 0.9455 0.5336 0.0000
vt 0.9457 0.5569 0.0000
vt 0.9440 0.5951 0.0000
vt 0.9401 0.6307 0.0000
vt 0.9374 0.6612 0.0000
vt 0.9618 0.6693 0.0000
vt 0.9664 0.6977 0.0000
vt 0.0411 0.6578 0.0000
vt 0.0501 0.6297 0.0000
vt 0.0372 0.6889 0.0000
vt 0.0370 0.6967 0.0000
vt 0.0372 0.7047 0.0000
vt 0.9908 0.0223 0.0000
vt 0.9946 0.0224 0.0000
vt 0.9944 0.0441 0.0000
vt 0.9906 0.0440 0.0000
vt 0.9907 0.0000 0.0000
vt 0.9945 0.0000 0.0000
vt 0.9984 0.0224 0.0000
vt 0.9982 0.0441 0.0000
vt 0.9983 0.0000 0.0000
vt 0.8875 0.3705 0.0000
vt 0.9143 0.3705 0.0000
vt 0.9143 0.3769 0.0000
vt 0.8875 0.3771 0.0000
vt 0.8312 0.1818 0.0000
vt 0.8580 0.1817 0.0000
vt 0.8580 0.1876 0.0000
vt 0.8312 0.1877 0.0000
vt 0.8580 0.1935 0.0000
vt 0.8312 0.1935 0.0000
vt 0.6259 0.4411 0.0000
vt 0.6205 0.4443 0.0000
vt 0.5645 0.3852 0.0000
vt 0.5699 0.3819 0.0000
vt 0.6308 0.4347 0.0000
vt 0.5748 0.3754 0.0000
vt 0.7191 0.1075 0.0000
vt 0.7458 0.1072 0.0000
vt 0.7244 0.1858 0.0000
vt 0.6977 0.1861 0.0000
vt 0.6026 0.8117 0.0000
vt 0.5977 0.8053 0.0000
vt 0.6533 0.7458 0.0000
vt 0.6582 0.7522 0.0000
vt 0.6080 0.8150 0.0000
vt 0.6636 0.7554 0.0000
vt 0.9381 0.0775 0.0000
vt 0.9113 0.0785 0.0000
vt 0.8861 0.0010 0.0000
vt 0.9129 0.0000 0.0000
vt 0.4918 0.4415 0.0000
vt 0.4869 0.4354 0.0000
vt 0.5424 0.3756 0.0000
vt 0.5473 0.3818 0.0000
vt 0.4969 0.4447 0.0000
vt 0.5524 0.3849 0.0000
vt 0.6543 0.0983 0.0000
vt 0.6810 0.0987 0.0000
vt 0.6576 0.1768 0.0000
vt 0.6309 0.1764 0.0000
vt 0.8550 0.1588 0.0000
vt 0.8498 0.1619 0.0000
vt 0.7948 0.1017 0.0000
vt 0.8001 0.0986 0.0000
vt 0.8599 0.1527 0.0000
vt 0.8049 0.0925 0.0000
vt 0.7584 0.4288 0.0000
vt 0.7316 0.4290 0.0000
vt 0.7084 0.3509 0.0000
vt 0.7352 0.3506 0.0000
vt 0.4886 0.2977 0.0000
vt 0.4938 0.2938 0.0000
vt 0.5525 0.3504 0.0000
vt 0.5472 0.3543 0.0000
vt 0.4838 0.3041 0.0000
vt 0.5425 0.3608 0.0000
vt 0.6847 0.0983 0.0000
vt 0.7115 0.0986 0.0000
vt 0.6881 0.1767 0.0000
vt 0.6613 0.1763 0.0000
vt 0.8057 0.0768 0.0000
vt 0.8104 0.0832 0.0000
vt 0.7519 0.1400 0.0000
vt 0.7472 0.1336 0.0000
vt 0.8004 0.0729 0.0000
vt 0.7419 0.1297 0.0000
vt 0.8805 0.2718 0.0000
vt 0.8537 0.2719 0.0000
vt 0.6257 0.2946 0.0000
vt 0.6306 0.3009 0.0000
vt 0.5747 0.3602 0.0000
vt 0.5698 0.3538 0.0000
vt 0.6203 0.2912 0.0000
vt 0.5644 0.3504 0.0000
vt 0.9371 0.2747 0.0000
vt 0.9639 0.2751 0.0000
vt 0.9407 0.3532 0.0000
vt 0.9139 0.3528 0.0000
vt 0.8842 0.1609 0.0000
vt 0.8896 0.1575 0.0000
vt 0.9451 0.2172 0.0000
vt 0.9397 0.2205 0.0000
vt 0.8793 0.1672 0.0000
vt 0.9348 0.2268 0.0000
vt 0.7475 0.2792 0.0000
vt 0.7207 0.2794 0.0000
vt 0.6978 0.2013 0.0000
vt 0.7246 0.2010 0.0000
vt 0.6573 0.4744 0.0000
vt 0.6976 0.5171 0.0000
vt 0.6922 0.5203 0.0000
vt 0.6520 0.4777 0.0000
vt 0.6622 0.4680 0.0000
vt 0.7025 0.5106 0.0000
vt 0.7304 0.0631 0.0000
vt 0.7516 0.0084 0.0000
vt 0.7784 0.0081 0.0000
vt 0.7572 0.0628 0.0000
vt 0.5713 0.8452 0.0000
vt 0.5313 0.8881 0.0000
vt 0.5264 0.8817 0.0000
vt 0.5664 0.8388 0.0000
vt 0.5767 0.8485 0.0000
vt 0.5367 0.8914 0.0000
vt 0.9516 0.1213 0.0000
vt 0.9754 0.1749 0.0000
vt 0.9486 0.1759 0.0000
vt 0.9248 0.1223 0.0000
vt 0.4606 0.4752 0.0000
vt 0.4208 0.5182 0.0000
vt 0.4159 0.5122 0.0000
vt 0.4557 0.4691 0.0000
vt 0.4657 0.4783 0.0000
vt 0.4259 0.5214 0.0000
vt 0.6667 0.0542 0.0000
vt 0.6893 0.0000 0.0000
vt 0.7161 0.0004 0.0000
vt 0.6935 0.0546 0.0000
vt 0.8860 0.1926 0.0000
vt 0.9256 0.2360 0.0000
vt 0.9204 0.2391 0.0000
vt 0.8808 0.1957 0.0000
vt 0.8908 0.1865 0.0000
vt 0.9305 0.2298 0.0000
vt 0.7708 0.4729 0.0000
vt 0.7932 0.5272 0.0000
vt 0.7665 0.5274 0.0000
vt 0.7440 0.4732 0.0000
vt 0.4556 0.2659 0.0000
vt 0.4135 0.2251 0.0000
vt 0.4186 0.2212 0.0000
vt 0.4608 0.2620 0.0000
vt 0.4509 0.2723 0.0000
vt 0.4087 0.2315 0.0000
vt 0.6971 0.0542 0.0000
vt 0.7197 0.0000 0.0000
vt 0.7465 0.0004 0.0000
vt 0.7239 0.0545 0.0000
vt 0.8385 0.0448 0.0000
vt 0.8806 0.0039 0.0000
vt 0.8853 0.0103 0.0000
vt 0.8433 0.0512 0.0000
vt 0.8333 0.0409 0.0000
vt 0.8753 0.0000 0.0000
vt 0.8924 0.3160 0.0000
vt 0.8656 0.3161 0.0000
vt 0.6571 0.2612 0.0000
vt 0.6973 0.2185 0.0000
vt 0.7022 0.2248 0.0000
vt 0.6620 0.2675 0.0000
vt 0.6517 0.2578 0.0000
vt 0.6919 0.2151 0.0000
vt 0.9495 0.2306 0.0000
vt 0.9719 0.1764 0.0000
vt 0.9987 0.1768 0.0000
vt 0.9762 0.2309 0.0000
vt 0.8530 0.1273 0.0000
vt 0.8131 0.0844 0.0000
vt 0.8185 0.0810 0.0000
vt 0.8584 0.1240 0.0000
vt 0.8480 0.1336 0.0000
vt 0.8081 0.0907 0.0000
vt 0.7597 0.3234 0.0000
vt 0.7819 0.3777 0.0000
vt 0.7551 0.3779 0.0000
vt 0.7329 0.3236 0.0000
vt 0.8976 0.8271 0.0000
vt 0.9048 0.8138 0.0000
vt 0.9082 0.8156 0.0000
vt 0.9035 0.8289 0.0000
vt 0.7223 0.8729 0.0000
vt 0.7220 0.8955 0.0000
vt 0.6781 0.8956 0.0000
vt 0.6784 0.8726 0.0000
vt 0.7221 0.9175 0.0000
vt 0.6780 0.9178 0.0000
vt 0.8905 0.8730 0.0000
vt 0.8905 0.8949 0.0000
vt 0.8464 0.8950 0.0000
vt 0.8463 0.8726 0.0000
vt 0.8909 0.9175 0.0000
vt 0.8468 0.9181 0.0000
vt 0.6712 0.8726 0.0000
vt 0.6709 0.8955 0.0000
vt 0.5568 0.8954 0.0000
vt 0.5585 0.8724 0.0000
vt 0.6708 0.9179 0.0000
vt 0.5582 0.9178 0.0000
vt 0.8165 0.6060 0.0000
vt 0.8170 0.6108 0.0000
vt 0.7036 0.6108 0.0000
vt 0.7039 0.6060 0.0000
vt 0.5968 0.4621 0.0000
vt 0.5969 0.4844 0.0000
vt 0.4827 0.4844 0.0000
vt 0.4841 0.4621 0.0000
vt 0.3380 0.9110 0.0000
vt 0.3380 0.9334 0.0000
vt 0.2270 0.9334 0.0000
vt 0.2262 0.9110 0.0000
vt 0.8658 0.8455 0.0000
vt 0.8653 0.8505 0.0000
vt 0.7542 0.8505 0.0000
vt 0.7549 0.8455 0.0000
vt 0.8391 0.8726 0.0000
vt 0.8393 0.8951 0.0000
vt 0.7274 0.8953 0.0000
vt 0.7282 0.8729 0.0000
vt 0.8396 0.9181 0.0000
vt 0.7287 0.9184 0.0000
vt 0.8582 0.6712 0.0000
vt 0.8587 0.6760 0.0000
vt 0.7472 0.6760 0.0000
vt 0.7473 0.6712 0.0000
vt 0.3383 0.8880 0.0000
vt 0.2274 0.8880 0.0000
vt 0.4302 0.3607 0.0000
vt 0.4351 0.4016 0.0000
vt 0.4221 0.4015 0.0000
vt 0.4171 0.3609 0.0000
vt 0.6759 0.0109 0.0000
vt 0.6758 0.0157 0.0000
vt 0.6627 0.0156 0.0000
vt 0.6629 0.0109 0.0000
vt 0.7903 0.2131 0.0000
vt 0.7849 0.2535 0.0000
vt 0.7718 0.2532 0.0000
vt 0.7772 0.2130 0.0000
vt 0.7843 0.2991 0.0000
vt 0.7887 0.3392 0.0000
vt 0.7757 0.3390 0.0000
vt 0.7713 0.2989 0.0000
vt 0.0335 0.0375 0.0000
vt 0.0335 0.0428 0.0000
vt 0.0205 0.0426 0.0000
vt 0.0204 0.0373 0.0000
vt 0.4352 0.2758 0.0000
vt 0.4303 0.3158 0.0000
vt 0.4172 0.3158 0.0000
vt 0.4222 0.2759 0.0000
vt 0.7219 0.5250 0.0000
vt 0.7272 0.5668 0.0000
vt 0.7141 0.5667 0.0000
vt 0.7088 0.5253 0.0000
vt 0.9414 0.0111 0.0000
vt 0.9411 0.0174 0.0000
vt 0.9280 0.0172 0.0000
vt 0.9283 0.0109 0.0000
vt 0.4609 0.2976 0.0000
vt 0.4550 0.3375 0.0000
vt 0.4420 0.3378 0.0000
vt 0.4479 0.2974 0.0000
vt 0.4537 0.3598 0.0000
vt 0.4545 0.3823 0.0000
vt 0.4414 0.3826 0.0000
vt 0.4407 0.3597 0.0000
vt 0.8203 0.0281 0.0000
vt 0.8203 0.0336 0.0000
vt 0.8073 0.0333 0.0000
vt 0.8072 0.0278 0.0000
vt 0.7221 0.4807 0.0000
vt 0.7210 0.5046 0.0000
vt 0.7079 0.5046 0.0000
vt 0.7091 0.4809 0.0000
vt 0.6755 0.0218 0.0000
vt 0.6625 0.0216 0.0000
vt 0.6753 0.0268 0.0000
vt 0.6622 0.0266 0.0000
vt 0.6631 0.0049 0.0000
vt 0.6761 0.0049 0.0000
vt 0.6632 0.0000 0.0000
vt 0.6763 0.0000 0.0000
vt 0.0336 0.0488 0.0000
vt 0.0206 0.0486 0.0000
vt 0.0336 0.0538 0.0000
vt 0.0206 0.0535 0.0000
vt 0.0203 0.0313 0.0000
vt 0.0334 0.0314 0.0000
vt 0.0202 0.0264 0.0000
vt 0.0333 0.0265 0.0000
vt 0.9408 0.0234 0.0000
vt 0.9277 0.0232 0.0000
vt 0.9405 0.0284 0.0000
vt 0.9274 0.0282 0.0000
vt 0.9286 0.0049 0.0000
vt 0.9416 0.0051 0.0000
vt 0.9287 0.0000 0.0000
vt 0.9418 0.0001 0.0000
vt 0.8203 0.0397 0.0000
vt 0.8073 0.0393 0.0000
vt 0.8203 0.0446 0.0000
vt 0.8072 0.0442 0.0000
vt 0.8072 0.0217 0.0000
vt 0.8202 0.0220 0.0000
vt 0.8071 0.0167 0.0000
vt 0.8202 0.0170 0.0000
vt 0.7670 0.9394 0.0000
vt 0.7620 0.9396 0.0000
vt 0.7620 0.9339 0.0000
vt 0.7670 0.9342 0.0000
vt 0.6348 0.9400 0.0000
vt 0.6297 0.9399 0.0000
vt 0.6296 0.9340 0.0000
vt 0.6347 0.9338 0.0000
vt 0.7721 0.9343 0.0000
vt 0.7721 0.9393 0.0000
vt 0.6246 0.9398 0.0000
vt 0.6246 0.9340 0.0000
vt 0.9115 0.8174 0.0000
vt 0.9094 0.8307 0.0000
vt 0.8648 0.8555 0.0000
vt 0.7538 0.8555 0.0000
vt 0.8592 0.6809 0.0000
vt 0.7483 0.6809 0.0000
vt 0.4594 0.4244 0.0000
vt 0.4464 0.4242 0.0000
vt 0.7148 0.4404 0.0000
vt 0.7278 0.4404 0.0000
vt 0.9264 0.0172 0.0000
vt 0.9267 0.0109 0.0000
vt 0.9250 0.0172 0.0000
vt 0.9253 0.0109 0.0000
vt 0.4462 0.2974 0.0000
vt 0.4403 0.3379 0.0000
vt 0.4390 0.3379 0.0000
vt 0.4449 0.2974 0.0000
vt 0.4398 0.3826 0.0000
vt 0.4391 0.3596 0.0000
vt 0.8056 0.0332 0.0000
vt 0.8056 0.0277 0.0000
vt 0.8043 0.0332 0.0000
vt 0.8043 0.0277 0.0000
vt 0.7063 0.5046 0.0000
vt 0.7074 0.4810 0.0000
vt 0.9261 0.0231 0.0000
vt 0.9248 0.0231 0.0000
vt 0.9258 0.0280 0.0000
vt 0.9245 0.0278 0.0000
vt 0.9270 0.0049 0.0000
vt 0.9256 0.0049 0.0000
vt 0.9270 0.0001 0.0000
vt 0.9257 0.0003 0.0000
vt 0.8057 0.0392 0.0000
vt 0.8043 0.0391 0.0000
vt 0.8055 0.0440 0.0000
vt 0.8042 0.0438 0.0000
vt 0.8056 0.0217 0.0000
vt 0.8043 0.0217 0.0000
vt 0.8054 0.0168 0.0000
vt 0.8041 0.0170 0.0000
vt 0.7714 0.9293 0.0000
vt 0.7697 0.9263 0.0000
vt 0.7709 0.9252 0.0000
vt 0.7730 0.9287 0.0000
vt 0.7720 0.9243 0.0000
vt 0.7743 0.9283 0.0000
vt 0.7737 0.9342 0.0000
vt 0.7751 0.9341 0.0000
vt 0.7737 0.9394 0.0000
vt 0.7751 0.9395 0.0000
vt 0.7714 0.9443 0.0000
vt 0.7730 0.9448 0.0000
vt 0.7742 0.9453 0.0000
vt 0.7697 0.9470 0.0000
vt 0.7709 0.9482 0.0000
vt 0.7719 0.9492 0.0000
vt 0.6254 0.9448 0.0000
vt 0.6271 0.9476 0.0000
vt 0.6259 0.9488 0.0000
vt 0.6238 0.9454 0.0000
vt 0.6249 0.9497 0.0000
vt 0.6226 0.9458 0.0000
vt 0.6230 0.9400 0.0000
vt 0.6217 0.9401 0.0000
vt 0.6229 0.9340 0.0000
vt 0.6216 0.9339 0.0000
vt 0.6252 0.9290 0.0000
vt 0.6236 0.9285 0.0000
vt 0.6223 0.9281 0.0000
vt 0.6268 0.9261 0.0000
vt 0.6256 0.9250 0.0000
vt 0.6246 0.9241 0.0000
vt 0.7072 0.5254 0.0000
vt 0.7131 0.4404 0.0000
vt 0.7061 0.4810 0.0000
vt 0.7118 0.4404 0.0000
vt 0.8428 0.8951 0.0000
vt 0.8427 0.8726 0.0000
vt 0.8432 0.9181 0.0000
vt 0.3416 0.9110 0.0000
vt 0.3415 0.9334 0.0000
vt 0.8693 0.8450 0.0000
vt 0.8690 0.8499 0.0000
vt 0.3419 0.8880 0.0000
vt 0.8624 0.6767 0.0000
vt 0.8627 0.6814 0.0000
vt 0.6745 0.8956 0.0000
vt 0.6748 0.8726 0.0000
vt 0.6744 0.9179 0.0000
vt 0.5971 0.5073 0.0000
vt 0.6004 0.4844 0.0000
vt 0.6007 0.5073 0.0000
vt 0.8175 0.6156 0.0000
vt 0.8205 0.6113 0.0000
vt 0.8210 0.6161 0.0000
vt 0.6004 0.4621 0.0000
vt 0.8991 0.9314 0.0000
vt 0.8588 0.9324 0.0000
vt 0.8588 0.9264 0.0000
vt 0.8991 0.9255 0.0000
vt 0.9960 0.9279 0.0000
vt 0.9961 0.9321 0.0000
vt 0.9907 0.9325 0.0000
vt 0.9906 0.9281 0.0000
vt 0.9853 0.9330 0.0000
vt 0.9853 0.9282 0.0000
vt 0.8992 0.9366 0.0000
vt 0.8589 0.9376 0.0000
vt 0.8535 0.9376 0.0000
vt 0.8534 0.9327 0.0000
vt 0.8481 0.9377 0.0000
vt 0.8481 0.9329 0.0000
vt 0.8993 0.9426 0.0000
vt 0.8589 0.9436 0.0000
vt 0.4287 0.3376 0.0000
vt 0.4156 0.3375 0.0000
vt 0.9209 0.9245 0.0000
vt 0.9209 0.9305 0.0000
vt 0.9210 0.9355 0.0000
vt 0.9211 0.9415 0.0000
vt 0.7700 0.2770 0.0000
vt 0.7831 0.2772 0.0000
vt 0.4845 0.5073 0.0000
vt 0.5684 0.8056 0.0000
vt 0.5679 0.8103 0.0000
vt 0.4552 0.8103 0.0000
vt 0.4550 0.8056 0.0000
vt 0.7049 0.6156 0.0000
vt 0.8201 0.6064 0.0000
vt 0.6611 0.0156 0.0000
vt 0.6613 0.0108 0.0000
vt 0.6597 0.0156 0.0000
vt 0.6599 0.0108 0.0000
vt 0.7702 0.2532 0.0000
vt 0.7756 0.2130 0.0000
vt 0.7741 0.3390 0.0000
vt 0.7697 0.2989 0.0000
vt 0.0189 0.0425 0.0000
vt 0.0188 0.0372 0.0000
vt 0.0175 0.0425 0.0000
vt 0.0174 0.0372 0.0000
vt 0.4156 0.3157 0.0000
vt 0.4206 0.2759 0.0000
vt 0.8503 0.9250 0.0000
vt 0.8487 0.9279 0.0000
vt 0.8471 0.9274 0.0000
vt 0.8491 0.9238 0.0000
vt 0.8458 0.9269 0.0000
vt 0.8480 0.9229 0.0000
vt 0.4242 0.4071 0.0000
vt 0.4259 0.4123 0.0000
vt 0.4243 0.4123 0.0000
vt 0.4225 0.4070 0.0000
vt 0.6609 0.0216 0.0000
vt 0.6595 0.0215 0.0000
vt 0.6606 0.0265 0.0000
vt 0.6592 0.0263 0.0000
vt 0.6615 0.0049 0.0000
vt 0.6602 0.0049 0.0000
vt 0.6615 0.0001 0.0000
vt 0.6602 0.0003 0.0000
vt 0.7778 0.3447 0.0000
vt 0.7796 0.3500 0.0000
vt 0.7780 0.3499 0.0000
vt 0.7762 0.3446 0.0000
vt 0.0190 0.0485 0.0000
vt 0.0176 0.0485 0.0000
vt 0.0189 0.0534 0.0000
vt 0.0175 0.0532 0.0000
vt 0.0187 0.0313 0.0000
vt 0.0174 0.0313 0.0000
vt 0.0185 0.0265 0.0000
vt 0.0172 0.0267 0.0000
vt 0.4261 0.2649 0.0000
vt 0.4244 0.2702 0.0000
vt 0.4227 0.2703 0.0000
vt 0.4244 0.2650 0.0000
vt 0.9953 0.9230 0.0000
vt 0.9937 0.9202 0.0000
vt 0.9948 0.9190 0.0000
vt 0.9968 0.9224 0.0000
vt 0.9958 0.9180 0.0000
vt 0.9981 0.9219 0.0000
vt 0.9976 0.9278 0.0000
vt 0.9990 0.9276 0.0000
vt 0.8464 0.9328 0.0000
vt 0.8451 0.9327 0.0000
vt 0.9977 0.9322 0.0000
vt 0.9991 0.9323 0.0000
vt 0.8465 0.9378 0.0000
vt 0.8452 0.9379 0.0000
vt 0.9955 0.9372 0.0000
vt 0.9971 0.9377 0.0000
vt 0.9984 0.9381 0.0000
vt 0.8488 0.9427 0.0000
vt 0.8473 0.9432 0.0000
vt 0.8460 0.9437 0.0000
vt 0.9940 0.9403 0.0000
vt 0.9952 0.9414 0.0000
vt 0.9963 0.9422 0.0000
vt 0.8504 0.9456 0.0000
vt 0.8492 0.9468 0.0000
vt 0.8482 0.9476 0.0000
vt 0.4140 0.3375 0.0000
vt 0.4126 0.3375 0.0000
vt 0.4142 0.3157 0.0000
vt 0.9208 0.9203 0.0000
vt 0.8989 0.9201 0.0000
vt 0.8989 0.9187 0.0000
vt 0.9208 0.9189 0.0000
vt 0.8993 0.9483 0.0000
vt 0.9212 0.9469 0.0000
vt 0.9212 0.9485 0.0000
vt 0.8993 0.9499 0.0000
vt 0.9212 0.9498 0.0000
vt 0.8992 0.9513 0.0000
vt 0.7684 0.2770 0.0000
vt 0.7683 0.2989 0.0000
vt 0.7671 0.2770 0.0000
vt 0.7689 0.2531 0.0000
vt 0.9451 0.9471 0.0000
vt 0.9452 0.9485 0.0000
vt 0.9444 0.9207 0.0000
vt 0.9209 0.9219 0.0000
vt 0.9444 0.9190 0.0000
vt 0.4155 0.3610 0.0000
vt 0.6354 0.0837 0.0000
vt 0.6355 0.0925 0.0000
vt 0.6218 0.0925 0.0000
vt 0.6217 0.0838 0.0000
vt 0.6354 0.1013 0.0000
vt 0.6355 0.1100 0.0000
vt 0.6219 0.1100 0.0000
vt 0.6218 0.1013 0.0000
vt 0.8893 0.7590 0.0000
vt 0.8894 0.7678 0.0000
vt 0.8695 0.7681 0.0000
vt 0.8694 0.7594 0.0000
vt 0.8896 0.7766 0.0000
vt 0.8897 0.7853 0.0000
vt 0.8697 0.7855 0.0000
vt 0.8696 0.7768 0.0000
vt 0.6385 0.2448 0.0000
vt 0.6433 0.2571 0.0000
vt 0.6123 0.2610 0.0000
vt 0.6117 0.2482 0.0000
vt 0.8380 0.7858 0.0000
vt 0.8379 0.7771 0.0000
vt 0.6327 0.0040 0.0000
vt 0.6282 0.0162 0.0000
vt 0.6011 0.0126 0.0000
vt 0.6016 0.0000 0.0000
vt 0.4563 0.8008 0.0000
vt 0.5689 0.8008 0.0000
vt 0.5667 0.3578 0.0000
vt 0.4737 0.1848 0.0000
vt 0.4738 0.1936 0.0000
vt 0.4603 0.1938 0.0000
vt 0.4602 0.1851 0.0000
vt 0.4739 0.2198 0.0000
vt 0.4745 0.2568 0.0000
vt 0.4617 0.2565 0.0000
vt 0.4604 0.2199 0.0000
vt 0.4612 0.1502 0.0000
vt 0.4738 0.1497 0.0000
vt 0.5930 0.3774 0.0000
vt 0.7085 0.3756 0.0000
vt 0.7084 0.3812 0.0000
vt 0.5926 0.3832 0.0000
vt 0.5139 0.1693 0.0000
vt 0.6294 0.1668 0.0000
vt 0.6293 0.1734 0.0000
vt 0.5136 0.1761 0.0000
vt 0.7504 0.7016 0.0000
vt 0.8660 0.7005 0.0000
vt 0.8659 0.7063 0.0000
vt 0.7501 0.7077 0.0000
vt 0.5269 0.2312 0.0000
vt 0.6425 0.2301 0.0000
vt 0.6425 0.2371 0.0000
vt 0.5267 0.2384 0.0000
vt 0.5584 0.3862 0.0000
vt 0.5504 0.3777 0.0000
vt 0.5585 0.3782 0.0000
vt 0.8041 0.0147 0.0000
vt 0.8043 0.0000 0.0000
vt 0.8266 0.0015 0.0000
vt 0.8267 0.0158 0.0000
vt 0.5952 0.0298 0.0000
vt 0.5728 0.0309 0.0000
vt 0.5727 0.0166 0.0000
vt 0.5952 0.0160 0.0000
vt 0.5929 0.3670 0.0000
vt 0.7084 0.3654 0.0000
vt 0.7083 0.3705 0.0000
vt 0.5927 0.3721 0.0000
vt 0.7503 0.6916 0.0000
vt 0.8659 0.6906 0.0000
vt 0.8659 0.6955 0.0000
vt 0.7501 0.6963 0.0000
vt 0.5666 0.3777 0.0000
vt 0.5688 0.3677 0.0000
vt 0.5764 0.3677 0.0000
vt 0.4739 0.2111 0.0000
vt 0.4604 0.2112 0.0000
vt 0.4603 0.2025 0.0000
vt 0.4738 0.2023 0.0000
vt 0.5134 0.1577 0.0000
vt 0.6290 0.1547 0.0000
vt 0.6291 0.1606 0.0000
vt 0.5133 0.1632 0.0000
vt 0.5269 0.2194 0.0000
vt 0.6424 0.2178 0.0000
vt 0.6423 0.2238 0.0000
vt 0.5265 0.2249 0.0000
vt 0.5502 0.3578 0.0000
vt 0.5482 0.3678 0.0000
vt 0.5407 0.3682 0.0000
vt 0.5585 0.3677 0.0000
vt 0.5584 0.3571 0.0000
vt 0.8483 0.0021 0.0000
vt 0.8486 0.0161 0.0000
vt 0.6169 0.0298 0.0000
vt 0.6172 0.0163 0.0000
vt 0.5924 0.3614 0.0000
vt 0.7081 0.3601 0.0000
vt 0.7500 0.6865 0.0000
vt 0.8657 0.6854 0.0000
vt 0.5584 0.3492 0.0000
vt 0.5131 0.1517 0.0000
vt 0.6288 0.1484 0.0000
vt 0.5265 0.2132 0.0000
vt 0.6422 0.2112 0.0000
vt 0.1022 0.0000 0.0000
vt 0.1023 0.0063 0.0000
vt 0.0755 0.0068 0.0000
vt 0.0754 0.0005 0.0000
vt 0.7933 0.5350 0.0000
vt 0.7665 0.5352 0.0000
vt 0.7820 0.3856 0.0000
vt 0.7552 0.3859 0.0000
vt 0.6173 0.2668 0.0000
vt 0.6173 0.2728 0.0000
vt 0.5905 0.2727 0.0000
vt 0.5905 0.2667 0.0000
vt 0.7350 0.3357 0.0000
vt 0.7351 0.3432 0.0000
vt 0.7083 0.3434 0.0000
vt 0.7082 0.3361 0.0000
vt 0.7245 0.1935 0.0000
vt 0.6977 0.1937 0.0000
vt 0.6173 0.2787 0.0000
vt 0.5905 0.2786 0.0000
vt 0.4169 0.0160 0.0000
vt 0.4170 0.0220 0.0000
vt 0.3902 0.0225 0.0000
vt 0.3902 0.0164 0.0000
vt 0.0652 0.0153 0.0000
vt 0.0653 0.0217 0.0000
vt 0.0385 0.0222 0.0000
vt 0.0384 0.0158 0.0000
vt 0.4579 0.0000 0.0000
vt 0.4582 0.0080 0.0000
vt 0.4314 0.0088 0.0000
vt 0.4311 0.0008 0.0000
vt 0.7783 0.0000 0.0000
vt 0.7515 0.0004 0.0000
vt 0.5904 0.2849 0.0000
vt 0.4880 0.2850 0.0000
vt 0.4882 0.2785 0.0000
vt 0.7085 0.3587 0.0000
vt 0.6060 0.3598 0.0000
vt 0.6062 0.3519 0.0000
vt 0.8312 0.2001 0.0000
vt 0.7288 0.2011 0.0000
vt 0.7289 0.1942 0.0000
vt 0.6978 0.2093 0.0000
vt 0.5954 0.2104 0.0000
vt 0.5955 0.2021 0.0000
vt 0.4882 0.2724 0.0000
vt 0.4883 0.2664 0.0000
vt 0.7288 0.1882 0.0000
vt 0.7289 0.1825 0.0000
vt 0.6059 0.3445 0.0000
vt 0.6059 0.3376 0.0000
vt 0.5953 0.1946 0.0000
vt 0.5954 0.1875 0.0000
vt 0.5906 0.2607 0.0000
vt 0.4881 0.2601 0.0000
vt 0.8311 0.1754 0.0000
vt 0.7287 0.1762 0.0000
vt 0.7081 0.3281 0.0000
vt 0.6057 0.3301 0.0000
vt 0.6976 0.1780 0.0000
vt 0.5951 0.1798 0.0000
vt 0.4680 0.0080 0.0000
vt 0.4621 0.0116 0.0000
vt 0.4602 0.0080 0.0000
vt 0.4652 0.0051 0.0000
vt 0.5892 0.3779 0.0000
vt 0.5885 0.3721 0.0000
vt 0.5889 0.3662 0.0000
vt 0.3717 0.0115 0.0000
vt 0.3656 0.0089 0.0000
vt 0.3681 0.0056 0.0000
vt 0.3733 0.0078 0.0000
vt 0.3611 0.0023 0.0000
vt 0.3643 0.0000 0.0000
vt 0.5102 0.1703 0.0000
vt 0.5093 0.1635 0.0000
vt 0.5094 0.1577 0.0000
vt 0.5092 0.1508 0.0000
vt 0.0370 0.0101 0.0000
vt 0.0433 0.0065 0.0000
vt 0.0448 0.0103 0.0000
vt 0.0395 0.0132 0.0000
vt 0.7466 0.7021 0.0000
vt 0.7459 0.6963 0.0000
vt 0.7464 0.6911 0.0000
vt 0.0018 0.0000 0.0000
vt 0.0069 0.0033 0.0000
vt 0.0044 0.0064 0.0000
vt 0.0000 0.0036 0.0000
vt 0.0122 0.0101 0.0000
vt 0.0087 0.0122 0.0000
vt 0.5232 0.2318 0.0000
vt 0.5224 0.2250 0.0000
vt 0.5230 0.2188 0.0000
vt 0.4722 0.0020 0.0000
vt 0.4688 0.0000 0.0000
vt 0.8234 0.0235 0.0000
vt 0.8253 0.0172 0.0000
vt 0.8291 0.0190 0.0000
vt 0.8276 0.0243 0.0000
vt 0.6439 0.0084 0.0000
vt 0.6401 0.0016 0.0000
vt 0.6440 0.0000 0.0000
vt 0.6472 0.0057 0.0000
vt 0.8520 0.0143 0.0000
vt 0.8504 0.0074 0.0000
vt 0.8547 0.0072 0.0000
vt 0.8560 0.0131 0.0000
vt 0.8515 0.0000 0.0000
vt 0.8556 0.0010 0.0000
vt 0.0132 0.0062 0.0000
vt 0.0188 -0.0000 0.0000
vt 0.0214 0.0033 0.0000
vt 0.0167 0.0086 0.0000
vt 0.6525 0.0175 0.0000
vt 0.6504 0.0116 0.0000
vt 0.6545 0.0106 0.0000
vt 0.6563 0.0156 0.0000
vt 0.6494 0.0060 0.0000
vt 0.6537 0.0059 0.0000
vt 0.6503 0.0000 0.0000
vt 0.6545 0.0009 0.0000
vt 0.8592 0.0000 0.0000
vt 0.8644 0.0045 0.0000
vt 0.8614 0.0074 0.0000
vt 0.8570 0.0036 0.0000
vt 0.7823 0.0318 0.0000
vt 0.7799 0.0246 0.0000
vt 0.7840 0.0237 0.0000
vt 0.7860 0.0298 0.0000
vt 0.7790 0.0178 0.0000
vt 0.7832 0.0180 0.0000
vt 0.7805 0.0106 0.0000
vt 0.7845 0.0119 0.0000
vt 0.7833 0.0032 0.0000
vt 0.7869 0.0057 0.0000
vt 0.8255 0.0415 0.0000
vt 0.8235 0.0354 0.0000
vt 0.8277 0.0344 0.0000
vt 0.8293 0.0395 0.0000
vt 0.8226 0.0295 0.0000
vt 0.8269 0.0294 0.0000
vt 0.9419 0.0514 0.0000
vt 0.9456 0.0514 0.0000
vt 0.9454 0.0738 0.0000
vt 0.9417 0.0738 0.0000
vt 0.9418 0.0298 0.0000
vt 0.9455 0.0298 0.0000
vt 0.8563 0.6481 0.0000
vt 0.8491 0.6342 0.0000
vt 0.8550 0.6324 0.0000
vt 0.8597 0.6463 0.0000
vt 0.8547 0.9236 0.0000
vt 0.8537 0.9275 0.0000
vt 0.9849 0.9185 0.0000
vt 0.9851 0.9222 0.0000
vt 0.9445 0.9237 0.0000
vt 0.6077 0.7677 0.0000
vt 0.6110 0.7694 0.0000
vt 0.6063 0.7839 0.0000
vt 0.6004 0.7822 0.0000
vt 0.8982 0.7135 0.0000
vt 0.8909 0.6994 0.0000
vt 0.8968 0.6977 0.0000
vt 0.9015 0.7118 0.0000
vt 0.7656 0.9248 0.0000
vt 0.7667 0.9289 0.0000
vt 0.7620 0.9280 0.0000
vt 0.7617 0.9237 0.0000
vt 0.6309 0.9246 0.0000
vt 0.6348 0.9235 0.0000
vt 0.6346 0.9278 0.0000
vt 0.6299 0.9287 0.0000
vt 0.6341 0.5067 0.0000
vt 0.6042 0.5072 0.0000
vt 0.6040 0.4844 0.0000
vt 0.6338 0.4842 0.0000
vt 0.5752 0.8036 0.0000
vt 0.5756 0.7988 0.0000
vt 0.8238 0.6128 0.0000
vt 0.8233 0.6079 0.0000
vt 0.8609 0.6307 0.0000
vt 0.6040 0.4621 0.0000
vt 0.6339 0.4623 0.0000
vt 0.3751 0.9331 0.0000
vt 0.3451 0.9333 0.0000
vt 0.3451 0.9110 0.0000
vt 0.3750 0.9111 0.0000
vt 0.8729 0.8480 0.0000
vt 0.8726 0.8435 0.0000
vt 0.8663 0.6785 0.0000
vt 0.8650 0.6731 0.0000
vt 0.9027 0.6959 0.0000
vt 0.3455 0.8881 0.0000
vt 0.3754 0.8886 0.0000
vt 0.0833 0.9000 0.0000
vt 0.0834 0.8916 0.0000
vt 0.1245 0.8936 0.0000
vt 0.1240 0.9043 0.0000
vt 0.2155 0.9266 0.0000
vt 0.2097 0.9275 0.0000
vt 0.2096 0.9196 0.0000
vt 0.2179 0.9197 0.0000
vt 0.5749 0.9452 0.0000
vt 0.5801 0.9456 0.0000
vt 0.5774 0.9498 0.0000
vt 0.5726 0.9523 0.0000
vt 0.4315 0.9340 0.0000
vt 0.4259 0.9343 0.0000
vt 0.4267 0.9282 0.0000
vt 0.4320 0.9283 0.0000
vt 0.4367 0.4072 0.0000
vt 0.4390 0.4125 0.0000
vt 0.7794 0.2073 0.0000
vt 0.7920 0.2074 0.0000
vt 0.7814 0.2020 0.0000
vt 0.7945 0.2020 0.0000
vt 0.7903 0.3449 0.0000
vt 0.7927 0.3502 0.0000
vt 0.4369 0.2702 0.0000
vt 0.4391 0.2648 0.0000
vt 0.7279 0.5723 0.0000
vt 0.7151 0.5723 0.0000
vt 0.7288 0.5777 0.0000
vt 0.7157 0.5776 0.0000
vt 0.4490 0.2918 0.0000
vt 0.4618 0.2920 0.0000
vt 0.4498 0.2865 0.0000
vt 0.4629 0.2866 0.0000
vt 0.4601 0.4300 0.0000
vt 0.4473 0.4298 0.0000
vt 0.4611 0.4355 0.0000
vt 0.4480 0.4352 0.0000
vt 0.7158 0.4348 0.0000
vt 0.7286 0.4349 0.0000
vt 0.7164 0.4296 0.0000
vt 0.7295 0.4295 0.0000
vt 0.7667 0.9446 0.0000
vt 0.7620 0.9455 0.0000
vt 0.6301 0.9451 0.0000
vt 0.6348 0.9460 0.0000
vt 0.7657 0.9484 0.0000
vt 0.7618 0.9492 0.0000
vt 0.6312 0.9489 0.0000
vt 0.6351 0.9497 0.0000
vt 0.6973 0.9479 0.0000
vt 0.6973 0.9456 0.0000
vt 0.7208 0.9455 0.0000
vt 0.7209 0.9483 0.0000
vt 0.6973 0.9396 0.0000
vt 0.7207 0.9395 0.0000
vt 0.6973 0.9337 0.0000
vt 0.7206 0.9337 0.0000
vt 0.6972 0.9277 0.0000
vt 0.7205 0.9277 0.0000
vt 0.6972 0.9220 0.0000
vt 0.7204 0.9226 0.0000
vt 0.6756 0.9225 0.0000
vt 0.6758 0.9277 0.0000
vt 0.6760 0.9337 0.0000
vt 0.6761 0.9397 0.0000
vt 0.6763 0.9457 0.0000
vt 0.6764 0.9484 0.0000
vt 0.4316 0.9395 0.0000
vt 0.4259 0.9398 0.0000
vt 0.4295 0.9500 0.0000
vt 0.4268 0.9458 0.0000
vt 0.4321 0.9453 0.0000
vt 0.4344 0.9525 0.0000
vt 0.5042 0.9273 0.0000
vt 0.5041 0.9304 0.0000
vt 0.4810 0.9312 0.0000
vt 0.4813 0.9276 0.0000
vt 0.4398 0.9335 0.0000
vt 0.4810 0.9361 0.0000
vt 0.4398 0.9391 0.0000
vt 0.4810 0.9410 0.0000
vt 0.5040 0.9404 0.0000
vt 0.5045 0.9513 0.0000
vt 0.4806 0.9519 0.0000
vt 0.4398 0.9446 0.0000
vt 0.4400 0.9531 0.0000
vt 0.4398 0.9281 0.0000
vt 0.5803 0.9273 0.0000
vt 0.5811 0.9333 0.0000
vt 0.5755 0.9331 0.0000
vt 0.5750 0.9274 0.0000
vt 0.5810 0.9396 0.0000
vt 0.5754 0.9392 0.0000
vt 0.5670 0.9529 0.0000
vt 0.5249 0.9518 0.0000
vt 0.5265 0.9409 0.0000
vt 0.5671 0.9445 0.0000
vt 0.5265 0.9359 0.0000
vt 0.5671 0.9386 0.0000
vt 0.5265 0.9309 0.0000
vt 0.5266 0.9273 0.0000
vt 0.5672 0.9273 0.0000
vt 0.5671 0.9327 0.0000
vt 0.9049 0.7100 0.0000
vt 0.8716 0.8536 0.0000
vt 0.8660 0.6829 0.0000
vt 0.4293 0.9239 0.0000
vt 0.4341 0.9211 0.0000
vt 0.4397 0.9201 0.0000
vt 0.4821 0.9187 0.0000
vt 0.5045 0.9179 0.0000
vt 0.5270 0.9184 0.0000
vt 0.5673 0.9194 0.0000
vt 0.5729 0.9203 0.0000
vt 0.5778 0.9229 0.0000
vt 0.7125 0.5667 0.0000
vt 0.7111 0.5667 0.0000
vt 0.7058 0.5254 0.0000
vt 0.4385 0.3827 0.0000
vt 0.4378 0.3596 0.0000
vt 0.7049 0.5046 0.0000
vt 0.7618 0.9221 0.0000
vt 0.7668 0.9229 0.0000
vt 0.7621 0.9208 0.0000
vt 0.7675 0.9218 0.0000
vt 0.6297 0.9227 0.0000
vt 0.6347 0.9219 0.0000
vt 0.6291 0.9216 0.0000
vt 0.6345 0.9206 0.0000
vt 0.7135 0.5722 0.0000
vt 0.7121 0.5722 0.0000
vt 0.7140 0.5775 0.0000
vt 0.7127 0.5772 0.0000
vt 0.4474 0.2919 0.0000
vt 0.4460 0.2919 0.0000
vt 0.4481 0.2866 0.0000
vt 0.4468 0.2868 0.0000
vt 0.4457 0.4298 0.0000
vt 0.4447 0.4241 0.0000
vt 0.4444 0.4297 0.0000
vt 0.4434 0.4241 0.0000
vt 0.4464 0.4350 0.0000
vt 0.4450 0.4348 0.0000
vt 0.7142 0.4349 0.0000
vt 0.7128 0.4350 0.0000
vt 0.7148 0.4297 0.0000
vt 0.7134 0.4299 0.0000
vt 0.7668 0.9503 0.0000
vt 0.7619 0.9508 0.0000
vt 0.7674 0.9515 0.0000
vt 0.7620 0.9522 0.0000
vt 0.6350 0.9513 0.0000
vt 0.6301 0.9508 0.0000
vt 0.6348 0.9527 0.0000
vt 0.6294 0.9520 0.0000
vt 0.7210 0.9499 0.0000
vt 0.6974 0.9495 0.0000
vt 0.7211 0.9513 0.0000
vt 0.6974 0.9508 0.0000
vt 0.6972 0.9204 0.0000
vt 0.7203 0.9209 0.0000
vt 0.6972 0.9191 0.0000
vt 0.7204 0.9196 0.0000
vt 0.6755 0.9209 0.0000
vt 0.6754 0.9196 0.0000
vt 0.6765 0.9501 0.0000
vt 0.6764 0.9514 0.0000
vt 0.8617 0.6717 0.0000
vt 0.8683 0.8550 0.0000
vt 0.5719 0.8051 0.0000
vt 0.5714 0.8098 0.0000
vt 0.5724 0.8003 0.0000
vt 0.8591 0.9227 0.0000
vt 0.8990 0.9217 0.0000
vt 0.9902 0.9229 0.0000
vt 0.9892 0.9191 0.0000
vt 0.9446 0.9297 0.0000
vt 0.9447 0.9346 0.0000
vt 0.9905 0.9378 0.0000
vt 0.9855 0.9389 0.0000
vt 0.9449 0.9406 0.0000
vt 0.8538 0.9429 0.0000
vt 0.9895 0.9420 0.0000
vt 0.9852 0.9432 0.0000
vt 0.9450 0.9455 0.0000
vt 0.8593 0.9478 0.0000
vt 0.8549 0.9469 0.0000
vt 0.0723 0.8944 0.0000
vt 0.0776 0.8921 0.0000
vt 0.0750 0.8991 0.0000
vt 0.0698 0.8986 0.0000
vt 0.0829 0.9237 0.0000
vt 0.0830 0.9158 0.0000
vt 0.1238 0.9173 0.0000
vt 0.1236 0.9260 0.0000
vt 0.0771 0.9226 0.0000
vt 0.0748 0.9154 0.0000
vt 0.0720 0.9196 0.0000
vt 0.0695 0.9152 0.0000
vt 0.1241 0.9092 0.0000
vt 0.0832 0.9052 0.0000
vt 0.0745 0.9047 0.0000
vt 0.0689 0.9045 0.0000
vt 0.0688 0.9092 0.0000
vt 0.0744 0.9097 0.0000
vt 0.0831 0.9105 0.0000
vt 0.1239 0.9139 0.0000
vt 0.2154 0.8957 0.0000
vt 0.2179 0.9028 0.0000
vt 0.2096 0.9033 0.0000
vt 0.2096 0.8949 0.0000
vt 0.1693 0.9284 0.0000
vt 0.1691 0.9190 0.0000
vt 0.1694 0.8943 0.0000
vt 0.1694 0.9055 0.0000
vt 0.2207 0.8982 0.0000
vt 0.2232 0.9025 0.0000
vt 0.2232 0.9198 0.0000
vt 0.2207 0.9240 0.0000
vt 0.2184 0.9140 0.0000
vt 0.2240 0.9138 0.0000
vt 0.2096 0.9142 0.0000
vt 0.1693 0.9153 0.0000
vt 0.2240 0.9085 0.0000
vt 0.2183 0.9086 0.0000
vt 0.2096 0.9088 0.0000
vt 0.1692 0.9105 0.0000
vt 0.1470 0.9055 0.0000
vt 0.1476 0.8947 0.0000
vt 0.1474 0.9272 0.0000
vt 0.1471 0.9182 0.0000
vt 0.1469 0.9152 0.0000
vt 0.9494 0.0514 0.0000
vt 0.9492 0.0738 0.0000
vt 0.9493 0.0298 0.0000
vt 0.8631 0.6446 0.0000
vt 0.6144 0.7711 0.0000
vt 0.6122 0.7856 0.0000
vt 0.5747 0.8084 0.0000
vt 0.8243 0.6176 0.0000
vt 0.4204 0.4015 0.0000
vt 0.4191 0.4015 0.0000
vt 0.4141 0.3610 0.0000
vt 0.7743 0.2130 0.0000
vt 0.7727 0.3390 0.0000
vt 0.4192 0.2759 0.0000
vt 0.8535 0.9216 0.0000
vt 0.8528 0.9205 0.0000
vt 0.9850 0.9169 0.0000
vt 0.9444 0.9177 0.0000
vt 0.9851 0.9155 0.0000
vt 0.4212 0.4070 0.0000
vt 0.4229 0.4121 0.0000
vt 0.7778 0.2073 0.0000
vt 0.7765 0.2075 0.0000
vt 0.7798 0.2020 0.0000
vt 0.6572 0.0311 0.0000
vt 0.6560 0.0306 0.0000
vt 0.7749 0.3445 0.0000
vt 0.7766 0.3497 0.0000
vt 0.4214 0.2703 0.0000
vt 0.4230 0.2652 0.0000
vt 0.8589 0.9210 0.0000
vt 0.8587 0.9197 0.0000
vt 0.9903 0.9171 0.0000
vt 0.9910 0.9159 0.0000
vt 0.9907 0.9439 0.0000
vt 0.9915 0.9450 0.0000
vt 0.9854 0.9448 0.0000
vt 0.9857 0.9461 0.0000
vt 0.8591 0.9494 0.0000
vt 0.8589 0.9507 0.0000
vt 0.8538 0.9489 0.0000
vt 0.8530 0.9500 0.0000
vt 0.0144 0.2418 0.0000
vt 0.0088 0.2417 0.0000
vt 0.0090 0.2329 0.0000
vt 0.0147 0.2331 0.0000
vt 0.0143 0.2505 0.0000
vt 0.0087 0.2504 0.0000
vt 0.0140 0.2593 0.0000
vt 0.0085 0.2592 0.0000
vt 0.0139 0.2679 0.0000
vt 0.0084 0.2680 0.0000
vt 0.0169 0.3049 0.0000
vt 0.0091 0.3050 0.0000
vt 0.6506 0.2227 0.0000
vt 0.6579 0.2111 0.0000
vt 0.6646 0.2280 0.0000
vt 0.6548 0.2293 0.0000
vt 0.9526 0.0697 0.0000
vt 0.9693 0.0698 0.0000
vt 0.9687 0.1065 0.0000
vt 0.9505 0.1064 0.0000
vt 0.9527 0.0611 0.0000
vt 0.9693 0.0611 0.0000
vt 0.9525 0.0524 0.0000
vt 0.9692 0.0523 0.0000
vt 0.9525 0.0437 0.0000
vt 0.9692 0.0436 0.0000
vt 0.9523 0.0351 0.0000
vt 0.9691 0.0349 0.0000
vt 0.9496 0.0003 0.0000
vt 0.9683 0.0000 0.0000
vt 0.6394 0.0396 0.0000
vt 0.6441 0.0325 0.0000
vt 0.6538 0.0337 0.0000
vt 0.6467 0.0510 0.0000
vt 0.0108 0.1978 0.0000
vt 0.0194 0.1983 0.0000
vt 0.0004 0.2416 0.0000
vt 0.0005 0.2329 0.0000
vt 0.0003 0.2503 0.0000
vt 0.0001 0.2591 0.0000
vt 0.0000 0.2678 0.0000
vt 0.0001 0.3048 0.0000
vt 0.6588 0.2455 0.0000
vt 0.6481 0.2354 0.0000
vt 0.9881 0.0697 0.0000
vt 0.9871 0.1063 0.0000
vt 0.9880 0.0610 0.0000
vt 0.9880 0.0523 0.0000
vt 0.9880 0.0436 0.0000
vt 0.9880 0.0350 0.0000
vt 0.9869 0.0002 0.0000
vt 0.6379 0.0258 0.0000
vt 0.6483 0.0159 0.0000
vt 0.0018 0.1979 0.0000
vt 0.6355 0.0750 0.0000
vt 0.6218 0.0751 0.0000
vt 0.6367 0.1470 0.0000
vt 0.6233 0.1470 0.0000
vt 0.8890 0.7223 0.0000
vt 0.8696 0.7227 0.0000
vt 0.8899 0.7941 0.0000
vt 0.8699 0.7942 0.0000
vt 0.8908 0.8290 0.0000
vt 0.8712 0.8290 0.0000
vt 0.6368 0.0399 0.0000
vt 0.6230 0.0400 0.0000
vt 0.5944 0.0840 0.0000
vt 0.5944 0.0753 0.0000
vt 0.5945 0.0928 0.0000
vt 0.5944 0.1015 0.0000
vt 0.5946 0.1102 0.0000
vt 0.5962 0.1472 0.0000
vt 0.8377 0.7597 0.0000
vt 0.8383 0.7231 0.0000
vt 0.8378 0.7684 0.0000
vt 0.8382 0.7945 0.0000
vt 0.8397 0.8293 0.0000
vt 0.5957 0.0402 0.0000
vt 0.5272 0.0847 0.0000
vt 0.5272 0.0759 0.0000
vt 0.5273 0.0934 0.0000
vt 0.5272 0.1022 0.0000
vt 0.5274 0.1109 0.0000
vt 0.5290 0.1479 0.0000
vt 0.5454 0.2553 0.0000
vt 0.5447 0.2424 0.0000
vt 0.7705 0.7603 0.0000
vt 0.7711 0.7236 0.0000
vt 0.7706 0.7690 0.0000
vt 0.7707 0.7777 0.0000
vt 0.7708 0.7864 0.0000
vt 0.7710 0.7951 0.0000
vt 0.7725 0.8300 0.0000
vt 0.5341 0.0184 0.0000
vt 0.5346 0.0057 0.0000
vt 0.5285 0.0409 0.0000
vt 0.5008 0.0849 0.0000
vt 0.5009 0.0762 0.0000
vt 0.5009 0.0937 0.0000
vt 0.5009 0.1024 0.0000
vt 0.5010 0.1111 0.0000
vt 0.5027 0.1481 0.0000
vt 0.5191 0.2567 0.0000
vt 0.5184 0.2439 0.0000
vt 0.7442 0.7606 0.0000
vt 0.7448 0.7239 0.0000
vt 0.7443 0.7693 0.0000
vt 0.7444 0.7780 0.0000
vt 0.7445 0.7867 0.0000
vt 0.7446 0.7954 0.0000
vt 0.7462 0.8302 0.0000
vt 0.5079 0.0169 0.0000
vt 0.5084 0.0043 0.0000
vt 0.5022 0.0411 0.0000
vt 0.4745 0.0851 0.0000
vt 0.4219 0.0856 0.0000
vt 0.4219 0.0769 0.0000
vt 0.4745 0.0764 0.0000
vt 0.4746 0.0939 0.0000
vt 0.4220 0.0944 0.0000
vt 0.4746 0.1027 0.0000
vt 0.4220 0.1031 0.0000
vt 0.4747 0.1114 0.0000
vt 0.4221 0.1118 0.0000
vt 0.4764 0.1484 0.0000
vt 0.4237 0.1488 0.0000
vt 0.4288 0.0128 0.0000
vt 0.3762 0.0157 0.0000
vt 0.3756 0.0029 0.0000
vt 0.4282 0.0000 0.0000
vt 0.7179 0.7608 0.0000
vt 0.6652 0.7613 0.0000
vt 0.6658 0.7247 0.0000
vt 0.7185 0.7241 0.0000
vt 0.7179 0.7695 0.0000
vt 0.6653 0.7700 0.0000
vt 0.7181 0.7782 0.0000
vt 0.6655 0.7787 0.0000
vt 0.7182 0.7869 0.0000
vt 0.6655 0.7874 0.0000
vt 0.7183 0.7956 0.0000
vt 0.6657 0.7961 0.0000
vt 0.7199 0.8304 0.0000
vt 0.6673 0.8309 0.0000
vt 0.4718 0.0303 0.0000
vt 0.4192 0.0274 0.0000
vt 0.4197 0.0148 0.0000
vt 0.4723 0.0177 0.0000
vt 0.4233 0.0418 0.0000
vt 0.4759 0.0414 0.0000
vt 0.0732 0.0128 0.0000
vt 0.0469 0.0143 0.0000
vt 0.0463 0.0015 0.0000
vt 0.0726 0.0000 0.0000
vt 0.8039 0.1729 0.0000
vt 0.7777 0.1706 0.0000
vt 0.7786 0.1580 0.0000
vt 0.8048 0.1603 0.0000
vt 0.8710 0.0276 0.0000
vt 0.8838 0.0279 0.0000
vt 0.8831 0.0690 0.0000
vt 0.8702 0.0687 0.0000
vt 0.5030 0.1892 0.0000
vt 0.4767 0.1895 0.0000
vt 0.7889 0.0002 0.0000
vt 0.8017 0.0000 0.0000
vt 0.8024 0.0411 0.0000
vt 0.7896 0.0413 0.0000
vt 0.7180 0.6830 0.0000
vt 0.7444 0.6828 0.0000
vt 0.0142 0.0690 0.0000
vt 0.0015 0.0695 0.0000
vt 0.0000 0.0284 0.0000
vt 0.0126 0.0279 0.0000
vt 0.7466 0.8713 0.0000
vt 0.7203 0.8716 0.0000
vt 0.8819 0.1280 0.0000
vt 0.8693 0.1275 0.0000
vt 0.8708 0.0864 0.0000
vt 0.8835 0.0869 0.0000
vt 0.4755 0.0002 0.0000
vt 0.5019 0.0000 0.0000
vt 0.9162 0.1037 0.0000
vt 0.9034 0.1035 0.0000
vt 0.5053 0.2372 0.0000
vt 0.4790 0.2374 0.0000
vt 0.7693 0.0758 0.0000
vt 0.7565 0.0761 0.0000
vt 0.7194 0.6351 0.0000
vt 0.7457 0.6348 0.0000
vt 0.0323 0.0005 0.0000
vt 0.0450 0.0000 0.0000
vt 0.7804 0.1154 0.0000
vt 0.8066 0.1176 0.0000
vt 0.8385 0.0585 0.0000
vt 0.8511 0.0590 0.0000
vt 0.9098 0.1477 0.0000
vt 0.8835 0.1473 0.0000
vt 0.8858 0.1047 0.0000
vt 0.9121 0.1050 0.0000
vt 0.3556 0.2231 0.0000
vt 0.3280 0.2226 0.0000
vt 0.3279 0.1891 0.0000
vt 0.3555 0.1893 0.0000
vt 0.3550 0.0853 0.0000
vt 0.3274 0.0861 0.0000
vt 0.3273 0.0558 0.0000
vt 0.3548 0.0548 0.0000
vt 0.0904 0.0647 0.0000
vt 0.1300 0.0631 0.0000
vt 0.1302 0.0920 0.0000
vt 0.0905 0.0933 0.0000
vt 0.1306 0.1881 0.0000
vt 0.0909 0.1879 0.0000
vt 0.1307 0.2186 0.0000
vt 0.0910 0.2177 0.0000
vt 0.0000 0.0957 0.0000
vt 0.0170 0.0949 0.0000
vt 0.0174 0.1879 0.0000
vt 0.0004 0.1874 0.0000
vt 0.9890 0.5584 0.0000
vt 0.9988 0.5577 0.0000
vt 0.9966 0.6655 0.0000
vt 0.9868 0.6644 0.0000
vt 0.3304 0.2700 0.0000
vt 0.3304 0.2811 0.0000
vt 0.1274 0.2809 0.0000
vt 0.1281 0.2691 0.0000
vt 0.3078 0.8668 0.0000
vt 0.3092 0.8756 0.0000
vt 0.1071 0.8802 0.0000
vt 0.1067 0.8713 0.0000
vt 0.2890 0.8543 0.0000
vt 0.3172 0.8551 0.0000
vt 0.3168 0.8640 0.0000
vt 0.2874 0.8630 0.0000
vt 0.3103 0.8847 0.0000
vt 0.3374 0.8755 0.0000
vt 0.3400 0.8842 0.0000
vt 0.0871 0.8447 0.0000
vt 0.0876 0.8355 0.0000
vt 0.2904 0.8452 0.0000
vt 0.1196 0.5218 0.0000
vt 0.1194 0.4835 0.0000
vt 0.3166 0.4863 0.0000
vt 0.3168 0.5245 0.0000
vt 0.1184 0.3327 0.0000
vt 0.3156 0.3291 0.0000
vt 0.3160 0.3706 0.0000
vt 0.1188 0.3727 0.0000
vt 0.3774 0.5144 0.0000
vt 0.3440 0.5204 0.0000
vt 0.3441 0.4844 0.0000
vt 0.3840 0.4825 0.0000
vt 0.3298 0.2566 0.0000
vt 0.1290 0.2548 0.0000
vt 0.0000 0.3819 0.0000
vt 0.0115 0.3538 0.0000
vt 0.0393 0.3488 0.0000
vt 0.0322 0.3800 0.0000
vt 0.0379 0.3205 0.0000
vt 0.0545 0.3287 0.0000
vt 0.0314 0.0945 0.0000
vt 0.0408 0.0664 0.0000
vt 0.0508 0.0656 0.0000
vt 0.0440 0.0941 0.0000
vt 0.0558 0.0405 0.0000
vt 0.0655 0.0473 0.0000
vt 0.0874 0.2605 0.0000
vt 0.0886 0.2483 0.0000
vt 0.0626 0.2421 0.0000
vt 0.0663 0.2358 0.0000
vt 0.1189 0.5687 0.0000
vt 0.0777 0.5582 0.0000
vt 0.0794 0.5399 0.0000
vt 0.1193 0.5488 0.0000
vt 0.0390 0.5343 0.0000
vt 0.0556 0.5259 0.0000
vt 0.3188 0.2825 0.0000
vt 0.3476 0.2899 0.0000
vt 0.3444 0.3082 0.0000
vt 0.3168 0.3023 0.0000
vt 0.3801 0.3118 0.0000
vt 0.3644 0.3210 0.0000
vt 0.4122 0.4819 0.0000
vt 0.4015 0.5115 0.0000
vt 0.3805 0.5397 0.0000
vt 0.3652 0.5314 0.0000
vt 0.4093 0.1902 0.0000
vt 0.4001 0.2245 0.0000
vt 0.3878 0.2242 0.0000
vt 0.3944 0.1900 0.0000
vt 0.3840 0.2477 0.0000
vt 0.3762 0.2409 0.0000
vt 0.3292 0.0106 0.0000
vt 0.3575 0.0163 0.0000
vt 0.3568 0.0273 0.0000
vt 0.3287 0.0234 0.0000
vt 0.3824 0.0311 0.0000
vt 0.3748 0.0377 0.0000
vt 0.3771 0.3388 0.0000
vt 0.3429 0.3330 0.0000
vt 0.1178 0.3050 0.0000
vt 0.0802 0.5152 0.0000
vt 0.0798 0.4799 0.0000
vt 0.0781 0.3142 0.0000
vt 0.0792 0.3395 0.0000
vt 0.0328 0.4759 0.0000
vt 0.0400 0.5064 0.0000
vt 0.3458 0.5437 0.0000
vt 0.3183 0.5498 0.0000
vt 0.3434 0.3726 0.0000
vt 0.0793 0.3762 0.0000
vt 0.3841 0.3746 0.0000
vt 0.1173 0.2846 0.0000
vt 0.3205 0.5685 0.0000
vt 0.9802 0.3207 0.0000
vt 0.9854 0.2915 0.0000
vt 0.9942 0.2908 0.0000
vt 0.9892 0.3210 0.0000
vt 0.9717 0.2819 0.0000
vt 0.9759 0.2424 0.0000
vt 0.9900 0.2485 0.0000
vt 0.0005 0.4738 0.0000
vt 0.0121 0.5011 0.0000
vt 0.0760 0.2955 0.0000
vt 0.0659 0.8818 0.0000
vt 0.0646 0.8731 0.0000
vt 0.0198 0.8843 0.0000
vt 0.0206 0.8755 0.0000
vt 0.3565 0.8562 0.0000
vt 0.3547 0.8652 0.0000
vt 0.9865 0.6946 0.0000
vt 0.9773 0.6961 0.0000
vt 0.9775 0.6644 0.0000
vt 0.9852 0.7302 0.0000
vt 0.9760 0.7303 0.0000
vt 0.4129 0.3755 0.0000
vt 0.4015 0.3420 0.0000
vt 0.3494 0.5609 0.0000
vt 0.9872 0.4123 0.0000
vt 0.9782 0.4121 0.0000
vt 0.9908 0.4420 0.0000
vt 0.9821 0.4410 0.0000
vt 0.9681 0.4501 0.0000
vt 0.9849 0.4839 0.0000
vt 0.9758 0.4859 0.0000
vt 0.0445 0.8507 0.0000
vt 0.0460 0.8420 0.0000
vt 0.0865 0.8535 0.0000
vt 0.0005 0.8472 0.0000
vt 0.0000 0.8384 0.0000
vt 0.9796 0.5580 0.0000
vt 0.9809 0.5225 0.0000
vt 0.9899 0.5243 0.0000
vt 0.9811 0.4866 0.0000
vt 0.9903 0.4870 0.0000
vt 0.3735 0.8664 0.0000
vt 0.3753 0.8754 0.0000
vt 0.3372 0.8666 0.0000
vt 0.0444 0.1881 0.0000
vt 0.0318 0.1880 0.0000
vt 0.0515 0.2174 0.0000
vt 0.0416 0.2168 0.0000
vt 0.1270 0.0137 0.0000
vt 0.1280 0.0276 0.0000
vt 0.0876 0.0347 0.0000
vt 0.0863 0.0228 0.0000
vt 0.3578 0.2524 0.0000
vt 0.3586 0.2640 0.0000
vt 0.4079 0.0829 0.0000
vt 0.3932 0.0836 0.0000
vt 0.3866 0.0532 0.0000
vt 0.3987 0.0526 0.0000
vt 0.3201 0.8465 0.0000
vt 0.1074 0.8893 0.0000
vt 0.9651 0.3124 0.0000
vt 0.9988 0.2493 0.0000
vt 0.0648 0.8908 0.0000
vt 0.0229 0.8931 0.0000
vt 0.3557 0.8474 0.0000
vt 0.9953 0.6983 0.0000
vt 0.9940 0.7306 0.0000
vt 0.9628 0.4200 0.0000
vt 0.9938 0.4836 0.0000
vt 0.0451 0.8330 0.0000
vt 0.0080 0.8253 0.0000
vt 0.9989 0.5210 0.0000
vt 0.9991 0.4871 0.0000
vt 0.3742 0.8842 0.0000
vt 0.0294 0.2166 0.0000
vt 0.0555 0.2472 0.0000
vt 0.0862 0.2705 0.0000
vt 0.3593 0.2736 0.0000
vt 0.3896 0.2531 0.0000
vt 0.4098 0.2249 0.0000
vt 0.4211 0.1903 0.0000
vt 0.4194 0.0826 0.0000
vt 0.4083 0.0520 0.0000
vt 0.3878 0.0259 0.0000
vt 0.3581 0.0072 0.0000
vt 0.3292 0.0000 0.0000
vt 0.1261 0.0021 0.0000
vt 0.0848 0.0129 0.0000
vt 0.0485 0.0353 0.0000
vt 0.0287 0.0667 0.0000
# 2021 texture coords

o Object001
g Object001
usemtl wire_039039039
s 1
f 1/1/1 2/2/2 3/3/3 4/4/4 
f 5/5/5 6/6/6 7/7/7 8/8/8 
f 9/9/9 10/10/2 2/2/2 1/1/1 
f 11/11/10 12/12/11 10/10/2 9/9/9 
f 13/13/2 14/14/12 15/15/13 16/16/14 
f 17/17/15 18/18/2 19/19/2 20/20/16 
f 20/20/16 19/19/2 21/21/17 22/22/18 
f 23/23/19 24/24/2 25/25/20 26/26/21 
f 27/27/22 28/28/23 29/29/2 30/30/24 
f 30/30/24 29/29/2 31/31/2 32/32/25 
f 32/32/25 31/31/2 33/33/26 34/34/27 
f 35/35/25 36/36/2 37/37/2 38/38/24 
f 38/38/24 37/37/2 39/39/28 40/40/29 
f 21/21/17 19/19/2 24/24/2 23/23/19 
f 19/19/2 18/18/2 41/41/30 24/24/2 
f 2/2/2 10/10/2 13/13/2 42/42/31 
f 10/10/2 12/12/11 14/14/12 13/13/2 
f 39/39/28 37/37/2 43/43/2 44/44/32 
f 37/37/2 36/36/2 45/45/33 43/43/2 
f 31/31/2 29/29/2 46/46/2 47/47/34 
f 29/29/2 28/28/23 48/48/35 46/46/2 
f 49/49/36 50/50/37 51/51/38 52/52/39 
f 53/53/40 54/54/41 55/55/42 49/49/36 
f 56/56/43 57/57/44 58/58/45 59/59/46 
f 60/60/47 61/61/48 62/62/49 63/63/50 
f 64/64/51 65/65/52 66/66/53 67/67/54 
f 68/68/55 50/50/37 69/69/56 70/70/57 
f 71/71/58 72/72/59 73/73/60 74/74/61 
f 75/75/2 76/76/62 77/77/63 78/78/64 
f 79/79/65 80/80/66 81/81/67 82/82/68 
f 83/83/2 84/84/69 85/85/27 86/86/70 
f 87/87/71 88/88/72 89/89/73 90/90/74 
f 91/91/75 92/92/76 93/93/77 94/94/78 
f 90/90/74 89/89/73 95/95/79 96/96/80 
f 15/15/13 60/60/47 63/63/50 16/16/14 
f 25/25/20 64/64/51 67/67/54 26/26/21 
f 97/97/81 98/98/82 99/99/83 100/100/84 
f 61/61/48 44/44/32 43/43/2 62/62/49 
f 65/65/52 46/46/2 48/48/35 66/66/53 
f 50/50/37 49/49/36 55/55/42 69/69/56 
f 101/101/85 68/68/55 70/70/57 102/102/86 
f 3/3/3 75/75/2 78/78/64 4/4/4 
f 103/103/87 104/104/88 105/105/89 106/106/90 
f 33/33/26 83/83/2 86/86/70 34/34/27 
f 58/58/45 94/94/78 97/97/81 100/100/84 
f 88/88/72 87/87/71 107/107/91 108/108/92 
f 57/57/44 91/91/75 94/94/78 58/58/45 
f 76/76/62 18/18/2 17/17/15 77/77/63 
f 109/109/93 110/110/94 111/111/95 112/112/96 
f 84/84/69 36/36/2 35/35/25 85/85/27 
f 93/93/77 113/113/97 101/101/85 102/102/86 
f 92/92/76 114/114/98 113/113/97 93/93/77 
f 89/89/73 115/115/99 116/116/100 95/95/79 
f 55/55/42 90/90/74 96/96/80 69/69/56 
f 99/99/83 98/98/82 96/96/80 95/95/79 
f 117/117/101 103/103/87 106/106/90 118/118/102 
f 119/119/103 120/120/104 81/81/67 80/80/66 
f 121/121/105 122/122/106 73/73/60 123/123/107 
f 124/124/108 125/125/109 126/126/110 127/127/111 
f 121/128/105 128/129/112 129/130/113 122/131/106 
f 130/132/114 131/133/115 132/134/116 133/135/117 
f 134/136/118 135/137/119 57/57/44 56/56/43 
f 136/138/120 137/139/121 138/140/122 139/141/123 
f 140/142/124 141/143/125 142/144/126 143/145/127 
f 144/146/114 85/85/27 35/35/25 145/147/128 
f 13/13/2 16/16/14 146/148/129 42/42/31 
f 41/41/30 147/149/130 25/25/20 24/24/2 
f 136/138/120 148/150/131 149/151/132 150/152/133 
f 151/153/134 141/143/125 152/154/135 153/155/136 
f 76/76/62 154/156/137 41/41/30 18/18/2 
f 155/157/138 156/158/139 157/159/140 158/160/141 
f 84/84/69 159/161/142 45/45/33 36/36/2 
f 160/162/143 126/126/110 161/163/144 162/164/145 
f 163/165/146 164/166/147 165/167/148 166/168/149 
f 164/166/147 56/56/43 59/59/46 165/167/148 
f 167/169/150 168/170/151 113/113/97 114/114/98 
f 169/171/152 170/172/153 168/170/151 167/169/150 
f 171/173/154 172/174/155 173/175/156 174/176/157 
f 175/177/158 176/178/159 177/179/160 178/180/161 
f 179/181/162 180/182/163 181/183/164 182/184/165 
f 183/185/166 184/186/167 185/187/168 186/188/169 
f 184/186/167 187/189/170 188/190/171 185/187/168 
f 187/191/170 189/192/172 190/193/173 188/194/171 
f 132/134/116 191/195/174 192/196/175 133/135/117 
f 191/195/174 193/197/176 194/198/177 192/196/175 
f 194/198/177 193/197/176 195/199/178 196/200/179 
f 197/201/180 198/202/181 199/203/182 200/204/183 
f 198/202/181 201/205/184 202/206/185 199/203/182 
f 203/207/186 204/208/187 205/209/188 206/210/189 
f 204/208/187 207/211/190 208/212/191 205/209/188 
f 139/141/123 138/140/122 209/213/192 210/214/193 
f 138/140/122 211/215/194 212/216/195 209/213/192 
f 213/217/196 214/218/197 174/176/157 215/219/198 
f 214/220/197 216/221/199 171/222/154 174/223/157 
f 216/221/199 217/224/200 218/225/201 171/222/154 
f 219/226/202 220/227/203 221/228/204 222/229/205 
f 220/227/203 223/230/206 224/231/207 221/228/204 
f 225/232/208 226/233/209 227/234/210 228/235/211 
f 226/233/209 229/236/212 230/237/213 227/234/210 
f 212/238/195 231/239/214 232/240/215 209/241/192 
f 233/242/216 234/243/217 235/244/218 236/245/219 
f 166/168/149 165/167/148 237/246/220 238/247/221 
f 59/59/46 58/58/45 100/100/84 239/248/222 
f 240/249/223 241/250/224 242/251/225 170/172/153 
f 243/252/226 244/253/227 173/175/156 172/174/155 
f 88/88/72 108/108/92 245/254/228 246/255/229 
f 247/256/230 210/257/193 209/241/192 232/240/215 
f 248/258/231 249/259/232 164/166/147 163/165/146 
f 250/260/233 251/261/234 169/171/152 252/262/235 
f 253/263/236 249/259/232 248/258/231 254/264/237 
f 255/265/238 256/266/239 135/137/119 134/136/118 
f 190/267/173 250/260/233 252/262/235 188/190/171 
f 218/268/201 257/269/240 172/174/155 171/173/154 
f 257/269/240 258/270/241 243/252/226 172/174/155 
f 259/271/242 260/272/243 261/273/244 262/274/245 
f 163/165/146 206/275/189 205/276/188 248/258/231 
f 248/258/231 205/276/188 208/277/191 254/264/237 
f 263/278/246 233/242/216 236/245/219 264/279/247 
f 236/245/219 53/53/40 265/280/248 264/279/247 
f 114/114/98 266/281/249 267/282/250 167/169/150 
f 266/281/249 186/188/169 185/187/168 267/282/250 
f 188/190/171 252/262/235 267/282/250 185/187/168 
f 252/262/235 169/171/152 167/169/150 267/282/250 
f 170/172/153 242/251/225 268/283/251 168/170/151 
f 247/256/230 232/240/215 264/279/247 265/280/248 
f 263/278/246 264/279/247 232/240/215 231/239/214 
f 253/263/236 255/265/238 134/136/118 249/259/232 
f 249/259/232 134/136/118 56/56/43 164/166/147 
f 165/167/148 59/59/46 239/248/222 237/246/220 
f 244/253/227 246/255/229 245/254/228 173/175/156 
f 173/175/156 245/254/228 215/219/198 174/176/157 
f 269/284/252 270/285/253 183/185/166 186/188/169 
f 271/286/254 272/287/255 273/288/256 274/289/257 
f 275/290/258 276/291/259 213/217/196 215/219/198 
f 277/292/260 124/124/108 127/127/111 278/293/261 
f 6/6/6 279/294/262 184/295/167 183/296/166 
f 279/294/262 280/297/263 187/191/170 184/295/167 
f 281/298/264 282/299/265 283/300/266 280/297/263 
f 255/265/238 253/263/236 284/301/267 285/302/268 
f 284/301/267 253/263/236 254/264/237 286/303/269 
f 254/304/237 208/305/191 207/306/190 286/307/269 
f 251/308/234 250/309/233 287/310/270 155/157/138 
f 250/309/233 190/311/173 189/312/172 287/310/270 
f 160/162/143 288/313/271 204/208/187 203/207/186 
f 288/313/271 289/314/272 207/211/190 204/208/187 
f 137/139/121 290/315/273 211/215/194 138/140/122 
f 117/117/101 291/316/274 214/220/197 213/317/196 
f 291/316/274 292/318/275 216/221/199 214/220/197 
f 292/318/275 293/319/276 217/224/200 216/221/199 
f 233/242/216 263/278/246 294/320/277 295/321/278 
f 294/322/277 263/323/246 231/324/214 296/325/279 
f 231/324/214 212/326/195 211/327/194 296/325/279 
f 258/328/241 257/329/240 297/330/280 151/153/134 
f 257/329/240 218/331/201 217/332/200 297/330/280 
f 148/150/131 298/333/281 299/334/282 149/151/132 
f 284/335/267 300/336/283 119/119/103 285/337/268 
f 286/307/269 301/338/284 300/336/283 284/335/267 
f 302/339/285 301/338/284 289/340/272 303/341/286 
f 287/310/270 304/342/287 156/158/139 155/157/138 
f 189/312/172 283/343/266 304/342/287 287/310/270 
f 294/322/277 305/344/288 110/110/94 295/345/278 
f 296/325/279 306/346/289 305/344/288 294/322/277 
f 211/327/194 290/347/273 306/346/289 296/325/279 
f 217/332/200 293/348/276 142/144/126 297/330/280 
f 307/349/290 145/147/128 308/350/291 309/351/292 
f 309/351/292 308/350/291 310/352/293 311/353/294 
f 310/352/293 202/206/185 201/205/184 311/353/294 
f 312/354/295 313/355/296 314/356/297 315/357/298 
f 315/357/298 314/356/297 196/200/179 195/199/178 
f 316/358/299 317/359/300 318/360/301 319/361/302 
f 319/361/302 318/360/301 224/231/207 223/230/206 
f 320/362/303 321/363/304 322/364/305 323/365/306 
f 323/365/306 322/364/305 230/237/213 229/236/212 
f 308/350/291 145/147/128 35/35/25 38/38/24 
f 196/200/179 314/356/297 27/27/22 194/198/177 
f 324/366/307 325/367/308 66/66/53 48/48/35 
f 21/21/17 228/235/211 227/234/210 22/22/18 
f 310/352/293 308/350/291 38/38/24 40/40/29 
f 318/360/301 317/359/300 12/12/11 11/11/10 
f 14/14/12 175/177/158 178/180/161 15/15/13 
f 202/206/185 310/352/293 40/40/29 199/203/182 
f 32/32/25 133/135/117 192/196/175 30/30/24 
f 30/30/24 192/196/175 194/198/177 27/27/22 
f 314/356/297 313/355/296 28/28/23 27/27/22 
f 39/39/28 200/204/183 199/203/182 40/40/29 
f 230/237/213 322/364/305 22/22/18 227/234/210 
f 322/364/305 321/363/304 20/20/16 22/22/18 
f 321/363/304 326/368/309 17/17/15 20/20/16 
f 17/17/15 326/368/309 327/369/310 77/77/63 
f 1/1/1 328/370/311 222/229/205 9/9/9 
f 9/9/9 222/229/205 221/228/204 11/11/10 
f 11/11/10 221/228/204 224/231/207 318/360/301 
f 317/359/300 316/358/299 176/178/159 175/177/158 
f 210/214/193 271/286/254 274/289/257 139/141/123 
f 210/257/193 247/256/230 329/371/312 271/372/254 
f 265/280/248 52/52/39 329/371/312 247/256/230 
f 53/53/40 49/49/36 52/52/39 265/280/248 
f 246/255/229 244/253/227 330/373/313 115/115/99 
f 244/253/227 243/252/226 259/271/242 330/373/313 
f 258/270/241 260/272/243 259/271/242 243/252/226 
f 151/153/134 153/155/136 260/374/243 258/328/241 
f 228/235/211 179/181/162 182/184/165 225/232/208 
f 228/235/211 21/21/17 23/23/19 179/181/162 
f 317/359/300 175/177/158 14/14/12 12/12/11 
f 155/157/138 158/160/141 240/375/223 251/308/234 
f 200/204/183 128/129/112 121/128/105 197/201/180 
f 200/204/183 39/39/28 44/44/32 128/129/112 
f 313/355/296 324/366/307 48/48/35 28/28/23 
f 313/355/296 312/354/295 331/376/314 324/366/307 
f 206/210/189 278/293/261 127/127/111 203/207/186 
f 206/275/189 163/165/146 166/168/149 278/377/261 
f 251/261/234 240/249/223 170/172/153 169/171/152 
f 150/152/133 332/378/315 137/139/121 136/138/120 
f 183/296/166 270/379/253 7/7/7 6/6/6 
f 213/317/196 276/380/259 103/103/87 117/117/101 
f 141/143/125 151/153/134 297/330/280 142/144/126 
f 139/141/123 274/289/257 148/150/131 136/138/120 
f 141/143/125 140/142/124 333/381/316 152/154/135 
f 156/158/139 334/382/317 123/123/107 157/159/140 
f 203/207/186 127/127/111 126/126/110 160/162/143 
f 5/5/5 335/383/318 279/294/262 6/6/6 
f 335/383/318 281/298/264 280/297/263 279/294/262 
f 189/192/172 187/191/170 280/297/263 283/300/266 
f 162/164/145 336/384/319 288/313/271 160/162/143 
f 336/384/319 303/385/286 289/314/272 288/313/271 
f 332/378/315 337/386/320 290/315/273 137/139/121 
f 118/118/102 338/387/321 291/316/274 117/117/101 
f 338/387/321 339/388/322 292/318/275 291/316/274 
f 339/388/322 340/389/323 293/319/276 292/318/275 
f 274/289/257 273/288/256 298/333/281 148/150/131 
f 333/381/316 341/390/324 342/391/325 152/154/135 
f 300/336/283 343/392/326 120/120/104 119/119/103 
f 301/338/284 302/339/285 343/392/326 300/336/283 
f 301/338/284 286/307/269 207/306/190 289/340/272 
f 304/342/287 344/393/327 334/382/317 156/158/139 
f 283/343/266 282/394/265 344/393/327 304/342/287 
f 305/344/288 345/395/328 111/111/95 110/110/94 
f 306/346/289 346/396/329 345/395/328 305/344/288 
f 290/347/273 337/397/320 346/396/329 306/346/289 
f 293/348/276 340/398/323 143/145/127 142/144/126 
f 62/62/49 347/399/330 348/400/331 63/63/50 
f 349/401/332 350/402/333 65/65/52 64/64/51 
f 351/403/334 262/274/245 352/404/335 353/405/336 
f 354/406/337 272/407/255 355/408/338 356/409/339 
f 277/410/260 238/247/221 352/404/335 357/411/340 
f 101/101/85 268/283/251 358/412/341 68/68/55 
f 356/409/339 355/408/338 51/51/38 358/412/341 
f 116/116/100 351/403/334 353/405/336 359/413/342 
f 241/414/224 360/415/343 361/416/344 354/417/337 
f 261/418/244 362/419/345 363/420/346 357/421/340 
f 362/419/345 342/391/325 364/422/347 363/420/346 
f 365/423/348 180/182/163 26/26/21 67/67/54 
f 129/130/113 61/61/48 60/60/47 366/424/349 
f 360/415/343 72/72/59 71/71/58 361/416/344 
f 367/425/350 125/125/109 364/422/347 368/426/351 
f 144/146/114 369/427/352 370/428/353 371/429/354 
f 372/430/355 92/92/76 91/91/75 373/431/356 
f 109/109/93 112/112/96 105/105/89 104/104/88 
f 130/132/114 34/34/27 86/86/70 371/429/354 
f 3/3/3 374/432/357 375/433/358 75/75/2 
f 33/33/26 376/434/359 377/435/360 83/83/2 
f 275/290/258 108/108/92 107/107/91 378/436/361 
f 94/94/78 93/93/77 102/102/86 97/97/81 
f 87/87/71 54/54/41 235/244/218 107/107/91 
f 269/284/252 372/430/355 373/431/356 379/437/362 
f 379/437/362 256/266/239 380/438/363 381/439/364 
f 378/436/361 234/243/217 382/440/365 383/441/366 
f 384/442/367 4/4/4 78/78/64 385/443/368 
f 380/444/363 80/80/66 79/79/65 381/445/364 
f 382/446/365 109/109/93 104/104/88 383/447/366 
f 63/63/50 348/400/331 146/148/129 16/16/14 
f 147/149/130 349/401/332 64/64/51 25/25/20 
f 353/405/336 352/404/335 238/247/221 237/246/220 
f 241/250/224 354/406/337 356/409/339 242/251/225 
f 357/411/340 352/404/335 262/274/245 261/273/244 
f 68/68/55 358/412/341 51/51/38 50/50/37 
f 242/251/225 356/409/339 358/412/341 268/283/251 
f 359/413/342 353/405/336 237/246/220 239/248/222 
f 272/287/255 354/417/337 361/416/344 273/288/256 
f 357/421/340 363/420/346 124/124/108 277/292/260 
f 71/71/58 74/74/61 299/334/282 298/333/281 
f 363/420/346 364/422/347 125/125/109 124/124/108 
f 325/367/308 365/423/348 67/67/54 66/66/53 
f 366/424/349 60/60/47 15/15/13 178/180/161 
f 361/416/344 71/71/58 298/333/281 273/288/256 
f 368/426/351 364/422/347 342/391/325 341/390/324 
f 43/43/2 45/45/33 347/399/330 62/62/49 
f 350/402/333 47/47/34 46/46/2 65/65/52 
f 325/367/308 324/366/307 331/376/314 386/448/369 
f 330/373/313 259/271/242 262/274/245 351/403/334 
f 272/407/255 271/372/254 329/371/312 355/408/338 
f 278/377/261 166/168/149 238/247/221 277/410/260 
f 113/113/97 168/170/151 268/283/251 101/101/85 
f 355/408/338 329/371/312 52/52/39 51/51/38 
f 115/115/99 330/373/313 351/403/334 116/116/100 
f 240/375/223 158/160/141 360/415/343 241/414/224 
f 260/374/243 153/155/136 362/419/345 261/418/244 
f 157/159/140 123/123/107 73/73/60 72/72/59 
f 153/155/136 152/154/135 342/391/325 362/419/345 
f 180/182/163 179/181/162 23/23/19 26/26/21 
f 128/129/112 44/44/32 61/61/48 129/130/113 
f 158/160/141 157/159/140 72/72/59 360/415/343 
f 161/163/144 126/126/110 125/125/109 367/425/350 
f 359/413/342 99/99/83 95/95/79 116/116/100 
f 371/429/354 370/428/353 131/133/115 130/132/114 
f 135/137/119 373/431/356 91/91/75 57/57/44 
f 79/79/65 82/82/68 8/8/8 7/7/7 
f 371/429/354 86/86/70 85/85/27 144/146/114 
f 75/75/2 375/433/358 154/156/137 76/76/62 
f 83/83/2 377/435/360 159/161/142 84/84/69 
f 234/243/217 378/436/361 107/107/91 235/244/218 
f 256/266/239 379/437/362 373/431/356 135/137/119 
f 379/437/362 381/439/364 270/285/253 269/284/252 
f 378/436/361 383/441/366 276/291/259 275/290/258 
f 385/443/368 78/78/64 77/77/63 327/369/310 
f 87/87/71 90/90/74 55/55/42 54/54/41 
f 381/445/364 79/79/65 7/7/7 270/379/253 
f 383/447/366 104/104/88 103/103/87 276/380/259 
f 69/69/56 96/96/80 98/98/82 70/70/57 
f 145/147/128 307/349/290 369/427/352 144/146/114 
f 266/281/249 114/114/98 92/92/76 372/430/355 
f 133/135/117 32/32/25 34/34/27 130/132/114 
f 2/2/2 42/42/31 374/432/357 3/3/3 
f 31/31/2 47/47/34 376/434/359 33/33/26 
f 215/219/198 245/254/228 108/108/92 275/290/258 
f 54/54/41 53/53/40 236/245/219 235/244/218 
f 186/188/169 266/281/249 372/430/355 269/284/252 
f 256/266/239 255/265/238 285/302/268 380/438/363 
f 234/243/217 233/242/216 295/321/278 382/440/365 
f 328/370/311 1/1/1 4/4/4 384/442/367 
f 246/255/229 115/115/99 89/89/73 88/88/72 
f 285/337/268 119/119/103 80/80/66 380/444/363 
f 295/345/278 110/110/94 109/109/93 382/446/365 
f 99/99/83 359/413/342 239/248/222 100/100/84 
f 70/70/57 98/98/82 97/97/81 102/102/86 
f 369/427/352 307/349/290 5/449/5 8/450/8 
f 307/349/290 309/351/292 335/451/318 5/449/5 
f 309/351/292 311/353/294 281/452/264 335/451/318 
f 311/453/294 201/454/184 282/299/265 281/298/264 
f 201/455/184 198/456/181 344/393/327 282/394/265 
f 198/456/181 197/457/180 334/382/317 344/393/327 
f 197/457/180 121/121/105 123/123/107 334/382/317 
f 122/122/106 387/458/370 74/74/61 73/73/60 
f 387/458/370 177/459/160 299/334/282 74/74/61 
f 177/459/160 176/460/159 149/151/132 299/334/282 
f 176/460/159 316/461/299 150/152/133 149/151/132 
f 316/461/299 319/462/302 332/378/315 150/152/133 
f 319/462/302 223/463/206 337/386/320 332/378/315 
f 223/464/206 220/465/203 346/396/329 337/397/320 
f 220/465/203 219/466/202 345/395/328 346/396/329 
f 219/466/202 388/467/371 111/111/95 345/395/328 
f 388/467/371 389/468/372 112/112/96 111/111/95 
f 389/468/372 390/469/373 105/105/89 112/112/96 
f 390/469/373 391/470/374 106/106/90 105/105/89 
f 391/470/374 392/471/375 118/118/102 106/106/90 
f 392/471/375 320/472/303 338/387/321 118/118/102 
f 320/472/303 323/473/306 339/388/322 338/387/321 
f 323/473/306 229/474/212 340/389/323 339/388/322 
f 229/475/212 226/476/209 143/145/127 340/398/323 
f 226/476/209 225/477/208 140/142/124 143/145/127 
f 225/477/208 182/478/165 333/381/316 140/142/124 
f 182/478/165 181/479/164 341/390/324 333/381/316 
f 181/479/164 393/480/376 368/426/351 341/390/324 
f 393/480/376 386/481/369 367/425/350 368/426/351 
f 386/481/369 331/482/314 161/163/144 367/425/350 
f 331/482/314 312/483/295 162/164/145 161/163/144 
f 312/483/295 315/484/298 336/384/319 162/164/145 
f 315/484/298 195/485/178 303/385/286 336/384/319 
f 195/486/178 193/487/176 302/339/285 303/341/286 
f 193/197/176 191/195/174 343/488/326 302/489/285 
f 191/195/174 132/134/116 120/490/104 343/488/326 
f 132/134/116 131/133/115 81/491/67 120/490/104 
f 131/133/115 370/428/353 82/492/68 81/491/67 
f 370/428/353 369/427/352 8/450/8 82/492/68 
s 8
f 365/493/348 394/494/377 395/495/378 180/496/163 
f 325/497/308 396/498/379 394/494/377 365/493/348 
f 397/499/380 398/500/381 395/495/378 394/494/377 
f 399/501/382 397/499/380 394/494/377 396/498/379 
s 1
f 400/502/383 401/503/384 402/504/385 403/505/386 
f 404/506/387 405/507/388 406/508/389 407/509/390 
f 407/509/390 406/508/389 408/510/391 409/511/392 
s 2
f 410/512/393 411/513/394 412/514/395 413/515/396 
f 414/516/397 410/512/393 413/515/396 415/517/398 
s 4
f 416/518/399 414/519/397 415/520/398 417/521/400 
s 2
f 418/522/401 416/523/399 417/524/400 419/525/402 
f 420/526/403 418/522/401 419/525/402 421/527/404 
s 4
f 411/528/394 420/529/403 421/530/404 412/531/395 
s 2
f 422/532/405 423/533/406 424/534/407 425/535/408 
f 426/536/409 422/532/405 425/535/408 427/537/410 
s 4
f 428/538/411 426/539/409 427/540/410 429/541/412 
s 2
f 430/542/413 428/543/411 429/544/412 431/545/414 
f 432/546/415 430/542/413 431/545/414 433/547/416 
s 4
f 423/548/406 432/549/415 433/550/416 424/551/407 
s 2
f 434/552/417 435/553/418 408/554/391 436/555/419 
f 437/556/420 434/552/417 436/555/419 438/557/421 
s 4
f 439/558/422 437/559/420 438/560/421 440/561/423 
s 2
f 441/562/424 439/563/422 440/564/423 442/565/425 
f 443/566/426 441/562/424 442/565/425 409/567/392 
s 4
f 435/568/418 443/569/426 409/511/392 408/510/391 
s 2
f 444/570/427 445/571/428 446/572/429 447/573/430 
f 448/574/431 444/570/427 447/573/430 405/575/388 
s 4
f 449/576/432 448/577/431 405/578/388 404/579/387 
s 2
f 450/580/433 449/581/432 404/582/387 451/583/434 
f 452/584/435 450/580/433 451/583/434 453/585/436 
s 4
f 445/586/428 452/587/435 453/588/436 446/589/429 
s 2
f 454/590/437 455/591/438 456/592/439 457/593/440 
f 410/512/393 454/590/437 457/593/440 411/513/394 
f 458/594/441 459/595/442 455/591/438 454/590/437 
f 414/516/397 458/594/441 454/590/437 410/512/393 
s 4
f 460/596/443 461/597/444 459/598/442 458/599/441 
f 416/518/399 460/596/443 458/599/441 414/519/397 
s 2
f 462/600/445 463/601/446 461/602/444 460/603/443 
f 418/522/401 462/600/445 460/603/443 416/523/399 
f 464/604/447 465/605/448 463/601/446 462/600/445 
f 420/526/403 464/604/447 462/600/445 418/522/401 
s 4
f 457/606/440 456/607/439 465/608/448 464/609/447 
f 411/528/394 457/606/440 464/609/447 420/529/403 
s 2
f 466/610/449 467/611/450 468/612/451 469/613/452 
f 422/532/405 466/610/449 469/613/452 423/533/406 
f 470/614/453 471/615/454 467/611/450 466/610/449 
f 426/536/409 470/614/453 466/610/449 422/532/405 
s 4
f 472/616/455 473/617/456 471/618/454 470/619/453 
f 428/538/411 472/616/455 470/619/453 426/539/409 
s 2
f 474/620/457 475/621/458 473/622/456 472/623/455 
f 430/542/413 474/620/457 472/623/455 428/543/411 
f 476/624/459 477/625/460 475/621/458 474/620/457 
f 432/546/415 476/624/459 474/620/457 430/542/413 
s 4
f 469/626/452 468/627/451 477/628/460 476/629/459 
f 423/548/406 469/626/452 476/629/459 432/549/415 
s 2
f 478/630/461 402/631/385 401/632/384 479/633/462 
f 434/552/417 478/630/461 479/633/462 435/553/418 
f 480/634/463 481/635/464 402/631/385 478/630/461 
f 437/556/420 480/634/463 478/630/461 434/552/417 
s 4
f 482/636/465 483/637/466 481/638/464 480/639/463 
f 439/558/422 482/636/465 480/639/463 437/559/420 
s 2
f 484/640/467 403/641/386 483/642/466 482/643/465 
f 441/562/424 484/640/467 482/643/465 439/563/422 
f 485/644/468 400/645/383 403/641/386 484/640/467 
f 443/566/426 485/644/468 484/640/467 441/562/424 
s 4
f 479/646/462 401/503/384 400/502/383 485/647/468 
f 435/568/418 479/646/462 485/647/468 443/569/426 
s 2
f 486/648/469 487/649/470 488/650/471 489/651/472 
f 444/570/427 486/648/469 489/651/472 445/571/428 
f 490/652/473 491/653/474 487/649/470 486/648/469 
f 448/574/431 490/652/473 486/648/469 444/570/427 
s 4
f 492/654/475 493/655/476 491/656/474 490/657/473 
f 449/576/432 492/654/475 490/657/473 448/577/431 
s 2
f 494/658/477 495/659/478 493/660/476 492/661/475 
f 450/580/433 494/658/477 492/661/475 449/581/432 
f 496/662/479 497/663/480 495/659/478 494/658/477 
f 452/584/435 496/662/479 494/658/477 450/580/433 
s 4
f 489/664/472 488/665/471 497/666/480 496/667/479 
f 445/586/428 489/664/472 496/667/479 452/587/435 
s 2
f 181/668/481 180/669/482 395/670/483 498/671/484 
s 1
f 499/672/485 500/673/486 501/674/487 502/675/488 
f 500/673/486 503/676/489 504/677/490 501/674/487 
f 505/678/491 506/679/492 507/680/493 508/681/494 
f 506/679/492 509/682/495 510/683/496 507/680/493 
f 511/684/497 512/685/498 513/686/499 514/687/500 
f 512/685/498 515/688/501 516/689/502 513/686/499 
s 2
f 515/690/501 517/691/503 518/692/504 516/693/502 
s 4
f 519/694/505 520/695/506 521/696/507 522/697/508 
f 523/698/509 524/699/510 525/700/511 526/701/512 
s 2
f 524/702/510 527/703/513 528/704/514 525/705/511 
s 1
f 529/706/515 530/707/516 531/708/517 532/709/518 
f 530/707/516 533/710/519 534/711/520 531/708/517 
s 2
f 533/712/519 535/713/521 536/714/522 534/715/520 
s 4
f 537/716/523 523/698/509 526/701/512 538/717/524 
s 1
f 539/718/525 540/719/526 541/720/527 542/721/528 
f 543/722/529 544/723/530 545/724/531 546/725/532 
f 547/726/533 548/727/534 549/728/535 550/729/536 
f 551/730/537 552/731/538 553/732/539 554/733/540 
f 555/734/541 556/735/542 557/736/543 558/737/544 
f 559/738/545 560/739/546 561/740/547 562/741/548 
f 563/742/549 564/743/550 565/744/551 566/745/552 
f 567/746/553 568/747/554 569/748/555 570/749/556 
f 571/750/557 572/751/558 573/752/559 574/753/560 
f 575/754/561 576/755/562 577/756/563 578/757/564 
f 579/758/565 580/759/566 581/760/567 582/761/568 
f 583/762/569 584/763/570 585/764/571 586/765/572 
f 545/724/531 544/723/530 587/766/573 588/767/574 
f 588/767/574 587/766/573 589/768/575 590/769/576 
f 543/722/529 546/725/532 591/770/577 592/771/578 
f 592/771/578 591/770/577 593/772/579 594/773/580 
f 557/736/543 556/735/542 595/774/581 596/775/582 
f 596/775/582 595/774/581 597/776/583 598/777/584 
f 555/734/541 558/737/544 599/778/585 600/779/586 
f 600/779/586 599/778/585 601/780/587 602/781/588 
f 569/748/555 568/747/554 603/782/589 604/783/590 
f 604/783/590 603/782/589 605/784/591 606/785/592 
f 567/746/553 570/749/556 607/786/593 608/787/594 
f 608/787/594 607/786/593 609/788/595 610/789/596 
f 581/760/567 580/759/566 611/790/597 612/791/598 
f 612/791/598 611/790/597 613/792/599 614/793/600 
f 579/758/565 582/761/568 615/794/601 616/795/602 
f 616/795/602 615/794/601 617/796/603 618/797/604 
f 619/798/605 620/799/606 621/800/607 622/801/608 
f 623/802/609 624/803/610 625/804/611 626/805/612 
f 622/801/608 627/806/613 628/807/614 619/798/605 
f 624/803/610 629/808/615 630/809/616 625/804/611 
s 2
f 395/670/483 398/810/617 505/811/491 498/671/484 
f 527/703/513 529/812/515 532/813/518 528/704/514 
f 535/713/521 537/814/523 538/815/524 536/714/522 
s 1
f 572/751/558 575/754/561 578/757/564 573/752/559 
f 566/745/552 585/764/571 584/763/570 563/742/549 
f 576/755/562 631/816/618 632/817/619 577/756/563 
f 586/765/572 633/818/620 634/819/621 583/762/569 
f 570/749/556 569/748/555 635/820/622 636/821/623 
f 636/821/623 635/820/622 637/822/624 638/823/625 
f 639/824/626 640/825/627 641/826/628 642/827/629 
f 578/757/564 577/756/563 643/828/630 644/829/631 
f 582/761/568 581/760/567 645/830/632 646/831/633 
f 646/831/633 645/830/632 647/832/634 648/833/635 
f 586/765/572 585/764/571 649/834/636 650/835/637 
f 569/748/555 604/783/590 651/836/638 635/820/622 
f 635/820/622 651/836/638 652/837/639 637/822/624 
f 604/783/590 606/785/592 653/838/640 651/836/638 
f 651/836/638 653/838/640 654/839/641 652/837/639 
f 607/786/593 570/749/556 636/821/623 655/840/642 
f 655/840/642 636/821/623 638/823/625 656/841/643 
f 609/788/595 607/786/593 655/840/642 657/842/644 
f 657/842/644 655/840/642 656/841/643 658/843/645 
f 581/760/567 612/791/598 659/844/646 645/830/632 
f 645/830/632 659/844/646 660/845/647 647/832/634 
f 612/791/598 614/793/600 661/846/648 659/844/646 
f 659/844/646 661/846/648 662/847/649 660/845/647 
f 615/794/601 582/761/568 646/831/633 663/848/650 
f 663/848/650 646/831/633 648/833/635 664/849/651 
f 617/796/603 615/794/601 663/848/650 665/850/652 
f 665/850/652 663/848/650 664/849/651 666/851/653 
f 667/852/654 668/853/655 669/854/656 670/855/657 
f 670/855/657 669/854/656 666/856/653 664/857/651 
f 627/806/613 667/852/654 670/855/657 671/858/658 
f 671/858/658 670/855/657 664/857/651 648/859/635 
f 628/807/614 627/806/613 671/858/658 672/860/659 
f 672/860/659 671/858/658 648/859/635 647/861/634 
f 673/862/660 628/807/614 672/860/659 674/863/661 
f 674/863/661 672/860/659 647/861/634 660/864/647 
f 675/865/662 673/862/660 674/863/661 676/866/663 
f 676/866/663 674/863/661 660/864/647 662/867/649 
f 677/868/664 678/869/665 679/870/666 680/871/667 
f 680/871/667 679/870/666 658/872/645 656/873/643 
f 629/808/615 677/868/664 680/871/667 681/874/668 
f 681/874/668 680/871/667 656/873/643 638/875/625 
f 630/809/616 629/808/615 681/874/668 682/876/669 
f 682/876/669 681/874/668 638/875/625 637/877/624 
f 683/878/670 630/809/616 682/876/669 684/879/671 
f 684/879/671 682/876/669 637/877/624 652/880/639 
f 685/881/672 683/878/670 684/879/671 686/882/673 
f 686/882/673 684/879/671 652/880/639 654/883/641 
f 573/752/559 578/757/564 644/829/631 640/825/627 
f 585/764/571 566/745/552 687/884/674 649/834/636 
f 633/818/620 586/765/572 650/835/637 688/885/675 
f 688/885/675 650/835/637 689/886/676 690/887/677 
f 508/681/494 507/680/493 691/888/678 692/889/679 
f 507/680/493 510/683/496 693/890/680 691/888/678 
s 4
f 524/699/510 523/698/509 694/891/681 695/892/682 
s 2
f 527/703/513 524/702/510 695/893/682 696/894/683 
s 1
f 530/707/516 529/706/515 692/889/679 691/888/678 
f 533/710/519 530/707/516 691/888/678 693/890/680 
s 4
f 523/698/509 537/716/523 697/895/684 694/891/681 
s 2
f 537/814/523 535/713/521 698/896/685 697/897/684 
s 1
f 502/675/488 501/674/487 699/898/686 700/899/687 
f 501/674/487 504/677/490 701/900/688 699/898/686 
s 4
f 702/901/689 520/695/506 703/902/690 704/903/691 
s 1
f 512/685/498 511/684/497 700/899/687 699/898/686 
f 515/688/501 512/685/498 699/898/686 701/900/688 
s 2
f 519/904/505 517/691/503 705/905/692 706/906/693 
s 4
f 520/695/506 519/694/505 706/907/693 703/902/690 
s 1
f 707/908/694 708/909/695 709/910/696 710/911/697 
f 711/912/698 712/913/699 713/914/700 714/915/701 
f 714/915/701 713/914/700 715/916/702 716/917/703 
f 717/918/694 718/919/695 708/909/695 707/908/694 
f 708/909/695 718/919/695 719/920/704 720/921/705 
f 720/921/705 719/920/704 721/922/706 722/923/707 
f 723/924/708 724/925/709 718/919/695 717/918/694 
f 560/739/546 725/926/710 726/927/711 561/740/547 
f 710/911/697 727/928/712 728/929/713 707/908/694 
f 707/908/694 728/929/713 729/930/714 717/918/694 
f 717/918/694 729/930/714 730/931/714 723/924/708 
f 554/733/540 731/932/715 732/933/716 551/730/537 
f 548/727/534 732/933/716 731/932/715 549/728/535 
f 542/721/528 726/927/711 725/926/710 539/718/525 
s 4
f 733/934/717 521/696/507 520/695/506 702/901/689 
s 2
f 734/935/718 511/936/497 514/937/500 735/938/719 
f 517/691/503 519/904/505 522/939/508 518/692/504 
f 517/691/503 515/690/501 701/940/688 705/905/692 
s 1
f 546/725/532 545/724/531 736/941/720 737/942/721 
f 737/942/721 736/941/720 738/943/722 739/944/723 
f 550/729/536 549/728/535 740/945/724 741/946/725 
f 554/733/540 553/732/539 742/947/726 743/948/727 
f 558/737/544 557/736/543 744/949/728 745/950/729 
f 745/950/729 744/949/728 746/951/730 747/952/731 
f 562/741/548 561/740/547 748/953/732 749/954/733 
f 750/955/734 751/956/735 752/957/736 753/958/737 
f 753/958/737 752/957/736 754/959/738 755/960/739 
f 756/961/740 593/962/579 757/963/741 758/964/742 
f 545/724/531 588/767/574 759/965/743 736/941/720 
f 736/941/720 759/965/743 760/966/744 738/943/722 
f 588/767/574 590/769/576 761/967/745 759/965/743 
f 759/965/743 761/967/745 762/968/746 760/966/744 
f 591/770/577 546/725/532 737/942/721 763/969/747 
f 763/969/747 737/942/721 739/944/723 764/970/748 
f 593/772/579 591/770/577 763/969/747 757/971/741 
f 757/971/741 763/969/747 764/970/748 765/972/749 
f 766/973/750 601/974/587 767/975/751 768/976/752 
f 557/736/543 596/775/582 769/977/753 744/949/728 
f 744/949/728 769/977/753 754/978/738 746/951/730 
f 596/775/582 598/777/584 770/979/754 769/977/753 
f 769/977/753 770/979/754 755/980/739 754/978/738 
f 599/778/585 558/737/544 745/950/729 771/981/755 
f 771/981/755 745/950/729 747/952/731 772/982/756 
f 601/780/587 599/778/585 771/981/755 767/983/751 
f 767/983/751 771/981/755 772/982/756 773/984/757 
f 598/985/584 774/986/758 775/987/759 770/988/754 
f 776/989/760 777/990/761 778/991/762 779/992/763 
f 779/992/763 778/991/762 765/993/749 764/994/748 
f 711/912/698 776/989/760 779/992/763 780/995/764 
f 780/995/764 779/992/763 764/994/748 739/996/723 
f 751/956/735 722/923/707 781/997/765 752/957/736 
f 752/957/736 781/997/765 746/998/730 754/959/738 
f 712/913/699 711/912/698 780/995/764 782/999/766 
f 782/999/766 780/995/764 739/996/723 738/1000/722 
f 722/923/707 721/922/706 783/1001/767 781/997/765 
f 781/997/765 783/1001/767 747/1002/731 746/998/730 
f 784/1003/768 712/913/699 782/999/766 785/1004/769 
f 785/1004/769 782/999/766 738/1000/722 760/1005/744 
f 721/922/706 786/1006/770 787/1007/771 783/1001/767 
f 783/1001/767 787/1007/771 772/1008/756 747/1002/731 
f 788/1009/772 784/1003/768 785/1004/769 789/1010/773 
f 789/1010/773 785/1004/769 760/1005/744 762/1011/746 
f 786/1006/770 790/1012/774 791/1013/775 787/1007/771 
f 787/1007/771 791/1013/775 773/1014/757 772/1008/756 
f 561/740/547 726/927/711 792/1015/776 748/953/732 
f 748/953/732 792/1015/776 793/1016/777 794/1017/778 
f 795/1018/779 796/1019/780 794/1020/778 793/1021/777 
f 797/1022/781 798/1023/782 799/1024/783 800/1025/784 
f 800/1025/784 799/1024/783 801/1026/785 802/1027/786 
f 731/932/715 554/733/540 743/948/727 803/1028/787 
f 803/1028/787 743/948/727 802/1029/786 801/1030/785 
f 549/728/535 731/932/715 803/1028/787 740/945/724 
f 740/945/724 803/1028/787 801/1030/785 804/1031/788 
f 799/1024/783 805/1032/789 804/1033/788 801/1026/785 
f 806/1034/790 807/1035/791 795/1018/779 808/1036/792 
f 726/927/711 542/721/528 809/1037/793 792/1015/776 
s 4
f 810/1038/794 811/1039/795 812/1040/796 813/1041/797 
f 814/1042/798 815/1043/799 816/1044/800 817/1045/801 
f 818/1046/802 819/1047/803 820/1048/804 821/1049/805 
f 822/1050/806 823/1051/807 824/1052/808 825/1053/809 
s off
f 826/1054/810 827/1055/811 828/1056/812 829/1057/813 
s 2
f 825/1053/809 824/1052/808 830/1058/814 831/1059/815 
s off
f 832/1060/816 833/1061/817 834/1062/818 835/1063/819 
s 2
f 734/935/718 735/938/719 733/1064/717 702/1065/689 
s 8
f 446/572/429 836/1066/820 405/575/388 447/573/430 
s 1
f 837/1067/821 838/1068/822 839/1069/823 840/1070/824 
f 841/1071/825 842/1072/826 843/1073/827 844/1074/828 
f 837/1067/821 840/1070/824 845/1075/829 846/1076/830 
f 847/1077/831 848/1078/832 849/1079/833 850/1080/834 
s 2
f 851/1081/835 852/1082/836 853/1083/837 854/1084/838 
f 855/1085/839 856/1086/840 857/1087/841 858/1088/842 
s 4
f 859/1089/843 860/1090/844 861/1091/845 862/1092/846 
s 8
f 863/1093/847 427/537/410 864/1094/848 865/1095/849 
s 4
f 499/1096/485 866/1097/850 867/1098/851 500/1099/486 
f 397/1100/852 399/1101/853 509/1102/495 506/1103/492 
s 1
f 868/1104/854 869/1105/855 870/1106/856 871/1107/857 
s 4
f 872/1108/858 873/1109/859 874/1110/860 875/1111/861 
s 8
f 415/517/398 876/1112/862 877/1113/863 878/1114/864 
s 1
f 879/1115/865 880/1116/866 881/1117/867 882/1118/868 
s 2
f 883/1119/869 884/1120/870 885/1121/871 886/1122/872 
s 1
f 887/1123/873 888/1124/874 889/1125/875 890/1126/876 
s 8
f 438/557/421 891/1127/877 892/1128/878 893/1129/879 
f 877/1113/863 894/1130/880 895/1131/881 836/1066/820 
s 4
f 500/1099/486 867/1098/851 896/1132/882 503/1133/489 
f 398/1134/617 397/1100/852 506/1103/492 505/1135/491 
s 1
f 871/1107/857 870/1106/856 848/1078/832 847/1077/831 
s 2
f 875/1111/861 874/1110/860 856/1086/840 855/1085/839 
s 8
f 427/537/410 425/535/408 424/534/407 864/1094/848 
s 1
f 868/1104/854 854/1136/838 853/1137/837 869/1105/855 
s 4
f 862/1138/846 861/1139/845 873/1109/859 872/1108/858 
s 8
f 412/514/395 863/1093/847 865/1095/849 876/1112/862 
f 408/554/391 406/1140/389 895/1131/881 891/1127/877 
f 878/1114/864 877/1113/863 836/1066/820 446/572/429 
s 1
f 882/1118/868 881/1117/867 839/1069/823 838/1068/822 
s 2
f 851/1081/835 886/1122/872 885/1121/871 852/1082/836 
s 4
f 890/1126/876 889/1125/875 860/1090/844 859/1089/843 
s 8
f 892/1128/878 894/1130/880 865/1095/849 864/1094/848 
f 413/515/396 412/514/395 876/1112/862 415/517/398 
s 1
f 841/1071/825 844/1074/828 880/1116/866 879/1115/865 
s 2
f 858/1141/842 857/1142/841 884/1120/870 883/1119/869 
s 1
f 850/1143/834 849/1144/833 888/1124/874 887/1123/873 
s 8
f 436/555/419 408/554/391 891/1127/877 438/557/421 
f 406/1140/389 405/575/388 836/1066/820 895/1131/881 
f 893/1129/879 892/1128/878 864/1094/848 424/534/407 
f 894/1130/880 877/1113/863 876/1112/862 865/1095/849 
f 894/1130/880 892/1128/878 891/1127/877 895/1131/881 
s 1
f 456/1145/439 455/1146/438 463/1147/446 465/1148/448 
f 468/627/451 467/1149/450 475/1150/458 477/628/460 
f 488/665/471 487/1151/470 495/1152/478 497/666/480 
f 427/1153/410 863/1154/847 897/1155/883 429/1156/412 
f 438/1157/421 893/1158/879 898/1159/884 440/1160/423 
f 415/520/398 878/1161/864 899/1162/885 417/521/400 
f 863/1154/847 412/1163/395 421/1164/404 897/1155/883 
f 467/1165/450 471/1166/454 473/1167/456 475/1168/458 
f 487/1169/470 491/1170/474 493/1171/476 495/1172/478 
f 893/1158/879 424/551/407 433/550/416 898/1159/884 
f 878/1161/864 446/589/429 453/588/436 899/1162/885 
f 402/1173/385 481/1174/464 483/1175/466 403/1176/386 
f 455/1177/438 459/598/442 461/597/444 463/1178/446 
f 421/1164/404 419/1179/402 900/1180/886 901/1181/887 
f 433/550/416 431/1182/414 902/1183/888 903/1184/889 
f 409/511/392 442/1185/425 904/1186/890 905/1187/891 
f 453/588/436 451/1188/434 906/1189/892 907/1190/893 
f 429/1156/412 897/1155/883 908/1191/894 909/1192/895 
f 404/506/387 407/509/390 910/1193/896 911/1194/897 
f 440/1160/423 898/1159/884 912/1195/898 913/1196/899 
f 417/521/400 899/1162/885 914/1197/900 915/1198/901 
f 897/1155/883 421/1164/404 901/1181/887 908/1191/894 
f 407/509/390 409/511/392 905/1187/891 910/1193/896 
f 431/1199/414 429/1156/412 909/1192/895 902/1200/888 
f 451/1201/434 404/506/387 911/1194/897 906/1202/892 
f 898/1159/884 433/550/416 903/1184/889 912/1195/898 
f 899/1162/885 453/588/436 907/1190/893 914/1197/900 
f 442/1203/425 440/1160/423 913/1196/899 904/1204/890 
f 419/1205/402 417/521/400 915/1198/901 900/1206/886 
s 8
f 42/1207/902 146/1208/903 847/1209/831 850/1210/834 
f 146/1211/903 348/1212/904 871/1107/857 847/1077/831 
f 348/1212/904 347/1213/905 868/1104/854 871/1107/857 
f 347/1214/905 45/1215/906 854/1216/838 868/1217/854 
f 45/1215/906 159/1218/907 851/1219/835 854/1216/838 
f 159/1220/907 377/1221/908 886/1122/872 851/1081/835 
f 377/1221/908 376/1222/909 883/1119/869 886/1122/872 
f 376/1222/909 47/1223/910 858/1141/842 883/1119/869 
f 47/1224/910 350/1225/911 855/1226/839 858/1227/842 
f 350/1228/911 349/1229/912 875/1111/861 855/1085/839 
f 349/1229/912 147/1230/913 872/1108/858 875/1111/861 
f 147/1231/913 41/1232/914 862/1233/846 872/1234/858 
f 41/1232/914 154/1235/915 859/1236/843 862/1233/846 
f 154/1237/915 375/1238/916 890/1126/876 859/1089/843 
f 375/1238/916 374/1239/917 887/1123/873 890/1126/876 
f 374/1240/917 42/1207/902 850/1210/834 887/1241/873 
f 901/1242/887 900/1243/886 849/1244/833 848/1245/832 
f 900/1246/886 915/1247/901 888/1248/874 849/1249/833 
f 915/1250/901 914/1251/900 889/1252/875 888/1253/874 
f 914/1251/900 907/1254/893 860/1255/844 889/1252/875 
f 907/1256/893 906/1257/892 861/1258/845 860/1259/844 
f 906/1260/892 911/1261/897 873/1262/859 861/1263/845 
f 911/1261/897 910/1264/896 874/1265/860 873/1262/859 
f 910/1264/896 905/1266/891 856/1267/840 874/1265/860 
f 905/1268/891 904/1269/890 857/1270/841 856/1271/840 
f 904/1272/890 913/1273/899 884/1274/870 857/1275/841 
f 913/1273/899 912/1276/898 885/1277/871 884/1274/870 
f 912/1276/898 903/1278/889 852/1279/836 885/1277/871 
f 903/1278/889 902/1280/888 853/1281/837 852/1279/836 
f 902/1282/888 909/1283/895 869/1284/855 853/1285/837 
f 909/1283/895 908/1286/894 870/1287/856 869/1284/855 
f 908/1286/894 901/1242/887 848/1245/832 870/1287/856 
f 366/1288/918 916/1289/919 917/1290/920 129/1291/921 
f 178/1292/922 918/1293/923 916/1289/919 366/1288/918 
s 2
f 178/1294/922 177/1295/924 919/1296/925 918/1297/923 
s 1
f 750/955/734 920/1298/926 921/1299/927 751/956/735 
f 922/1300/928 923/1301/929 924/1302/930 806/1034/790 
s 2
f 129/1303/921 917/1304/920 925/1305/931 122/1306/932 
f 325/1307/933 386/1308/934 926/1309/935 396/1310/936 
s 1
f 927/1311/937 928/1312/938 929/1313/939 930/1314/940 
f 931/1315/941 932/1316/942 933/1317/943 934/1318/944 
s 4
f 122/1319/932 935/1320/945 936/1321/946 387/1322/947 
s 2
f 122/1306/932 925/1305/931 937/1323/948 935/1324/945 
f 919/1296/925 938/1325/949 504/1326/490 503/1327/489 
s 4
f 387/1322/947 936/1321/946 939/1328/950 177/1329/924 
f 181/1330/481 940/1331/951 941/1332/952 393/1333/953 
s 2
f 181/668/481 498/671/484 942/1334/954 940/1335/951 
f 926/1309/935 943/1336/955 510/1337/496 509/1338/495 
s 4
f 393/1333/953 941/1332/952 944/1339/956 386/1340/934 
s 8
f 945/1341/957 540/1342/526 539/1343/525 733/1344/717 
f 946/1345/958 552/1346/538 947/1347/959 948/1348/960 
f 949/1349/961 608/1350/594 610/1351/596 950/1352/962 
f 951/1353/963 579/1354/565 616/1355/602 952/1356/964 
s 1
f 540/719/526 953/1357/965 756/961/740 541/720/527 
f 756/961/740 953/1357/965 594/1358/580 593/962/579 
f 550/729/536 954/1359/966 955/1360/967 547/726/533 
f 955/1360/967 954/1359/966 590/1361/576 589/1362/575 
f 552/731/538 946/1363/958 766/973/750 553/732/539 
f 946/1363/958 602/1364/588 601/974/587 766/973/750 
f 562/741/548 774/986/758 956/1365/968 559/738/545 
f 774/986/758 598/985/584 597/1366/583 956/1365/968 
f 564/743/550 950/1367/962 957/1368/969 565/744/551 
f 957/1368/969 950/1367/962 610/1369/596 609/1370/595 
f 958/1371/970 959/1372/971 571/750/557 574/753/560 
f 959/1372/971 958/1371/970 606/1373/592 605/1374/591 
f 631/816/618 960/1375/972 961/1376/973 632/817/619 
f 960/1375/972 618/1377/604 617/1378/603 961/1376/973 
f 633/818/620 962/1379/974 963/1380/975 634/819/621 
f 962/1379/974 614/1381/600 613/1382/599 963/1380/975 
f 964/1383/976 965/1384/977 620/799/606 619/798/605 
f 966/1385/978 624/803/610 623/802/609 967/1386/979 
f 968/1387/980 969/1388/981 965/1384/977 964/1383/976 
f 970/1389/982 966/1385/978 967/1386/979 971/1390/983 
f 621/800/607 929/1313/939 928/1312/938 622/801/608 
f 625/804/611 934/1318/944 933/1317/943 626/805/612 
f 668/853/655 667/852/654 928/1312/938 927/1311/937 
f 667/852/654 627/806/613 622/801/608 928/1312/938 
f 619/798/605 628/807/614 673/862/660 964/1383/976 
f 964/1383/976 673/862/660 675/865/662 968/1387/980 
f 972/1391/984 973/1392/985 974/1393/986 975/1394/987 
f 973/1392/985 976/1395/988 977/1396/989 974/1393/986 
f 976/1395/988 978/1397/990 979/1398/991 977/1396/989 
f 978/1397/990 980/1399/992 981/1400/993 979/1398/991 
f 980/1399/992 982/1401/994 983/1402/995 981/1400/993 
f 984/1403/996 985/1404/997 933/1317/943 932/1316/942 
f 985/1404/997 986/1405/997 626/805/612 933/1317/943 
f 986/1405/997 987/1406/997 623/802/609 626/805/612 
f 987/1406/997 988/1407/998 967/1386/979 623/802/609 
f 988/1407/998 989/1408/999 971/1390/983 967/1386/979 
f 678/869/665 677/868/664 966/1385/978 970/1389/982 
f 677/868/664 629/808/615 624/803/610 966/1385/978 
f 625/804/611 630/809/616 683/878/670 934/1318/944 
f 934/1318/944 683/878/670 685/881/672 931/1315/941 
s 8
f 579/1354/565 951/1353/963 990/1409/1000 580/1410/566 
f 613/1411/599 611/1412/597 991/1413/1001 963/1414/975 
f 992/1415/1002 531/1416/517 534/1417/520 993/1418/1003 
s 4
f 994/1419/1004 534/1417/520 536/1420/522 995/1421/1005 
s 8
f 538/1422/524 526/1423/512 584/1424/570 583/1425/569 
f 963/1414/975 991/1413/1001 996/1426/1006 634/1427/621 
f 996/1426/1006 991/1413/1001 990/1409/1000 995/1421/1005 
f 994/1419/1004 951/1353/963 952/1356/964 997/1428/1007 
f 603/1429/589 568/1430/554 998/1431/1008 999/1432/1009 
f 567/1433/553 608/1350/594 949/1349/961 1000/1434/1010 
f 564/1435/550 563/1436/549 525/1437/511 1001/1438/1011 
s 1
f 525/1437/511 528/1439/514 1002/1440/1012 1001/1438/1011 
s 8
f 532/1441/518 1003/1442/1013 1004/1443/1014 1005/1444/1015 
f 999/1432/1009 998/1431/1008 1005/1444/1015 1004/1443/1014 
f 998/1431/1008 1000/1434/1010 1002/1440/1012 1005/1444/1015 
f 564/1435/550 1001/1438/1011 949/1349/961 950/1352/962 
s 2
f 926/1309/935 509/1338/495 399/1445/853 396/1310/936 
f 505/811/491 508/1446/494 942/1334/954 498/671/484 
f 386/1308/934 944/1447/956 943/1336/955 926/1309/935 
s 1
f 538/1422/524 996/1426/1006 995/1421/1005 536/1420/522 
s 8
f 951/1353/963 994/1419/1004 995/1421/1005 990/1409/1000 
s 4
f 528/1439/514 532/1441/518 1005/1444/1015 1002/1440/1012 
s 8
f 1000/1434/1010 949/1349/961 1001/1438/1011 1002/1440/1012 
f 1000/1434/1010 998/1431/1008 568/1430/554 567/1433/553 
f 990/1409/1000 991/1413/1001 611/1412/597 580/1410/566 
f 618/1448/604 960/1449/972 952/1356/964 616/1355/602 
f 960/1449/972 631/1450/618 997/1428/1007 952/1356/964 
f 576/1451/562 575/1452/561 992/1415/1002 993/1418/1003 
f 572/1453/558 571/1454/557 1004/1443/1014 1003/1442/1013 
f 1004/1443/1014 571/1454/557 959/1455/971 999/1432/1009 
f 959/1455/971 605/1456/591 603/1429/589 999/1432/1009 
f 532/1441/518 531/1416/517 992/1415/1002 1003/1442/1013 
f 1003/1442/1013 992/1415/1002 575/1452/561 572/1453/558 
s 1
f 982/1401/994 980/1399/992 985/1404/997 984/1403/996 
f 980/1399/992 978/1397/990 986/1405/997 985/1404/997 
f 978/1397/990 976/1395/988 987/1406/997 986/1405/997 
f 976/1395/988 973/1392/985 988/1407/998 987/1406/997 
f 973/1392/985 972/1391/984 989/1408/999 988/1407/998 
s 8
f 563/1436/549 584/1424/570 526/1423/512 525/1437/511 
f 534/1417/520 994/1419/1004 997/1428/1007 993/1418/1003 
f 993/1418/1003 997/1428/1007 631/1450/618 576/1451/562 
s 1
f 930/1314/940 929/1313/939 981/1400/993 983/1402/995 
f 929/1313/939 621/800/607 979/1398/991 981/1400/993 
f 621/800/607 620/799/606 977/1396/989 979/1398/991 
f 620/799/606 965/1384/977 974/1393/986 977/1396/989 
f 965/1384/977 969/1388/981 975/1394/987 974/1393/986 
s 8
f 538/1422/524 583/1425/569 634/1427/621 996/1426/1006 
s 1
f 566/745/552 565/744/551 1006/1457/1016 687/884/674 
f 687/884/674 1006/1457/1016 1007/1458/1017 1008/1459/1018 
f 574/753/560 573/752/559 640/825/627 639/824/626 
f 644/829/631 643/828/630 1009/1460/1019 1010/1461/1020 
f 650/835/637 649/834/636 1011/1462/1021 689/886/676 
f 927/1311/937 930/1314/940 1012/1463/1022 1013/1464/1023 
f 1013/1464/1023 1012/1463/1022 1014/1465/1024 1015/1466/1025 
f 932/1316/942 931/1315/941 1016/1467/1026 1017/1468/1027 
f 1017/1468/1027 1016/1467/1026 1018/1469/1028 642/1470/629 
f 565/744/551 957/1368/969 1019/1471/1029 1006/1457/1016 
f 1006/1457/1016 1019/1471/1029 1020/1472/1030 1007/1458/1017 
f 957/1368/969 609/1370/595 657/1473/644 1019/1471/1029 
f 1019/1471/1029 657/1473/644 658/1474/645 1020/1472/1030 
f 958/1371/970 574/753/560 639/824/626 1021/1475/1031 
f 1021/1475/1031 639/824/626 642/827/629 1018/1476/1028 
f 606/1373/592 958/1371/970 1021/1475/1031 653/1477/640 
f 653/1477/640 1021/1475/1031 1018/1476/1028 654/1478/641 
f 632/817/619 961/1376/973 1022/1479/1032 1023/1480/1033 
f 1023/1480/1033 1022/1479/1032 1015/1481/1025 1014/1482/1024 
f 961/1376/973 617/1378/603 665/1483/652 1022/1479/1032 
f 1022/1479/1032 665/1483/652 666/1484/653 1015/1481/1025 
f 962/1379/974 633/818/620 688/885/675 1024/1485/1034 
f 1024/1485/1034 688/885/675 690/887/677 1025/1486/1035 
f 614/1381/600 962/1379/974 1024/1485/1034 661/1487/648 
f 661/1487/648 1024/1485/1034 1025/1486/1035 662/1488/649 
f 969/1388/981 968/1387/980 1026/1489/1036 1027/1490/1037 
f 1027/1490/1037 1026/1489/1036 1025/1491/1035 690/1492/677 
f 970/1389/982 971/1390/983 1028/1493/1038 1029/1494/1039 
f 1029/1494/1039 1028/1493/1038 1007/1495/1017 1020/1496/1030 
f 668/853/655 927/1311/937 1013/1464/1023 669/854/656 
f 669/854/656 1013/1464/1023 1015/1466/1025 666/856/653 
f 968/1387/980 675/865/662 676/866/663 1026/1489/1036 
f 1026/1489/1036 676/866/663 662/867/649 1025/1491/1035 
f 972/1391/984 975/1394/987 1030/1497/1040 1031/1498/1041 
f 1031/1498/1041 1030/1497/1040 689/1499/676 1011/1500/1021 
f 983/1402/995 982/1401/994 1032/1501/1042 1033/1502/1043 
f 1033/1502/1043 1032/1501/1042 1010/1503/1020 1009/1504/1019 
f 984/1403/996 932/1316/942 1017/1468/1027 1034/1505/1044 
f 1034/1505/1044 1017/1468/1027 642/1470/629 641/1506/628 
f 971/1390/983 989/1408/999 1035/1507/1045 1028/1493/1038 
f 1028/1493/1038 1035/1507/1045 1008/1508/1018 1007/1495/1017 
f 678/869/665 970/1389/982 1029/1494/1039 679/870/666 
f 679/870/666 1029/1494/1039 1020/1496/1030 658/872/645 
f 931/1315/941 685/881/672 686/882/673 1016/1467/1026 
f 1016/1467/1026 686/882/673 654/883/641 1018/1469/1028 
f 640/825/627 644/829/631 1010/1461/1020 641/826/628 
f 982/1401/994 984/1403/996 1034/1505/1044 1032/1501/1042 
f 1032/1501/1042 1034/1505/1044 641/1506/628 1010/1503/1020 
f 989/1408/999 972/1391/984 1031/1498/1041 1035/1507/1045 
f 1035/1507/1045 1031/1498/1041 1011/1500/1021 1008/1508/1018 
f 649/834/636 687/884/674 1008/1459/1018 1011/1462/1021 
f 577/756/563 632/817/619 1023/1480/1033 643/828/630 
f 643/828/630 1023/1480/1033 1014/1482/1024 1009/1460/1019 
f 930/1314/940 983/1402/995 1033/1502/1043 1012/1463/1022 
f 1012/1463/1022 1033/1502/1043 1009/1504/1019 1014/1465/1024 
f 975/1394/987 969/1388/981 1027/1490/1037 1030/1497/1040 
f 1030/1497/1040 1027/1490/1037 690/1492/677 689/1499/676 
s 2
f 535/713/521 533/712/519 693/1509/680 698/896/685 
s 4
f 941/1332/952 940/1331/951 695/892/682 694/891/681 
s 2
f 940/1335/951 942/1334/954 696/894/683 695/893/682 
f 510/1337/496 943/1336/955 698/896/685 693/1509/680 
s 4
f 944/1339/956 941/1332/952 694/891/681 697/895/684 
s 2
f 529/812/515 527/703/513 696/894/683 692/1510/679 
f 942/1334/954 508/1446/494 692/1510/679 696/894/683 
f 943/1336/955 944/1447/956 697/897/684 698/896/685 
f 734/935/718 1036/1511/1046 700/1512/687 511/936/497 
s 4
f 936/1321/946 935/1320/945 704/903/691 703/902/690 
s 2
f 937/1323/948 1036/1511/1046 704/1513/691 935/1324/945 
f 504/1326/490 938/1325/949 705/905/692 701/940/688 
s 4
f 939/1328/950 936/1321/946 703/902/690 706/907/693 
s 1
f 1037/1514/1047 1038/1515/1048 710/911/697 709/910/696 
f 920/1298/926 1037/1514/1047 709/910/696 921/1299/927 
f 777/990/761 776/989/760 1039/1516/1049 1040/1517/1050 
f 923/1301/929 922/1300/928 1040/1517/1050 1039/1516/1049 
f 776/989/760 711/912/698 714/915/701 1039/1516/1049 
f 714/915/701 716/917/703 923/1301/929 1039/1516/1049 
f 716/917/703 1041/1518/1051 924/1302/930 923/1301/929 
f 708/909/695 720/921/705 921/1299/927 709/910/696 
f 720/921/705 722/923/707 751/956/735 921/1299/927 
f 715/916/702 1042/1519/1052 1041/1518/1051 716/917/703 
f 784/1003/768 1043/1520/1053 713/914/700 712/913/699 
f 1043/1520/1053 1044/1521/1054 715/916/702 713/914/700 
f 1044/1521/1054 1045/1522/1052 1042/1519/1052 715/916/702 
f 724/925/709 1046/1523/1055 719/920/704 718/919/695 
f 719/920/704 1046/1523/1055 786/1006/770 721/922/706 
f 788/1009/772 1047/1524/1056 1043/1520/1053 784/1003/768 
f 1047/1524/1056 1048/1525/1057 1044/1521/1054 1043/1520/1053 
f 1048/1525/1057 1049/1526/1058 1045/1522/1052 1044/1521/1054 
f 1050/1527/1059 724/925/709 723/924/708 797/1022/781 
f 724/925/709 1050/1527/1059 1051/1528/1060 1046/1523/1055 
f 1046/1523/1055 1051/1528/1060 790/1012/774 786/1006/770 
s 8
f 594/1529/580 953/1530/965 1052/1531/1061 592/1532/578 
f 953/1530/965 540/1342/526 945/1341/957 1052/1531/1061 
f 547/1533/533 1053/1534/1062 1054/1535/1063 548/1536/534 
f 1053/1534/1062 547/1533/533 955/1537/967 1055/1538/1064 
f 1055/1538/1064 955/1537/967 589/1539/575 587/1540/573 
f 733/1344/717 735/1541/719 1056/1542/1065 945/1341/957 
f 945/1341/957 1056/1542/1065 1057/1543/1066 1052/1531/1061 
f 1057/1543/1066 543/1544/529 592/1532/578 1052/1531/1061 
f 587/1540/573 544/1545/530 1058/1546/1067 1055/1538/1064 
f 1055/1538/1064 1058/1546/1067 1059/1547/1068 1053/1534/1062 
f 1053/1534/1062 1059/1547/1068 514/1548/500 1054/1535/1063 
f 956/1549/968 1060/1550/1069 1061/1551/1070 559/1552/545 
f 552/1346/538 551/1553/537 1062/1554/1071 947/1347/959 
f 560/1555/546 559/1552/545 1061/1551/1070 522/1556/508 
f 597/1557/583 595/1558/581 1060/1550/1069 956/1549/968 
f 948/1348/960 600/1559/586 602/1560/588 946/1345/958 
f 600/1559/586 948/1348/960 1063/1561/1072 555/1562/541 
f 948/1348/960 947/1347/959 1064/1563/1073 1063/1561/1072 
f 947/1347/959 1062/1554/1071 516/1564/502 1064/1563/1073 
f 556/1565/542 555/1562/541 1063/1561/1072 1065/1566/1074 
f 1065/1566/1074 1066/1567/1075 1061/1551/1070 1060/1550/1069 
f 1066/1567/1075 518/1568/504 522/1556/508 1061/1551/1070 
f 522/1556/508 521/1569/507 725/1570/710 560/1555/546 
s 1
f 807/1035/791 727/928/712 710/911/697 1038/1515/1048 
f 723/924/708 730/931/714 798/1023/782 797/1022/781 
s 8
f 551/1553/537 732/1571/716 1067/1572/1076 1062/1554/1071 
f 1067/1572/1076 513/1573/499 516/1564/502 1062/1554/1071 
f 514/1548/500 513/1573/499 1067/1572/1076 1054/1535/1063 
f 1067/1572/1076 732/1571/716 548/1536/534 1054/1535/1063 
s 1
f 1049/1526/1058 798/1023/782 730/931/714 1045/1522/1052 
f 1045/1522/1052 730/931/714 729/930/714 1042/1519/1052 
f 1042/1519/1052 729/930/714 728/929/713 1041/1518/1051 
f 1041/1518/1051 728/929/713 727/928/712 924/1302/930 
f 924/1302/930 727/928/712 807/1035/791 806/1034/790 
s 8
f 725/1570/710 521/1569/507 733/1344/717 539/1343/525 
f 867/1574/851 866/1575/850 917/1290/920 916/1289/919 
f 896/1576/882 867/1574/851 916/1289/919 918/1293/923 
s 2
f 919/1296/925 503/1327/489 896/1577/882 918/1297/923 
f 866/1578/850 499/1579/485 925/1305/931 917/1304/920 
f 925/1305/931 499/1579/485 502/1580/488 937/1323/948 
f 177/1295/924 939/1581/950 938/1325/949 919/1296/925 
f 702/1065/689 704/1513/691 1036/1511/1046 734/935/718 
f 502/1580/488 700/1512/687 1036/1511/1046 937/1323/948 
f 938/1325/949 939/1581/950 706/906/693 705/905/692 
s 8
f 735/1541/719 514/1548/500 1059/1547/1068 1056/1542/1065 
f 1056/1542/1065 1059/1547/1068 1058/1546/1067 1057/1543/1066 
f 1063/1561/1072 1064/1563/1073 1066/1567/1075 1065/1566/1074 
f 1064/1563/1073 516/1564/502 518/1568/504 1066/1567/1075 
f 1057/1543/1066 1058/1546/1067 544/1545/530 543/1544/529 
f 556/1565/542 1065/1566/1074 1060/1550/1069 595/1558/581 
s 1
f 542/721/528 541/720/527 1068/1582/1077 809/1037/793 
f 809/1037/793 1068/1582/1077 1069/1583/1078 1070/1584/1079 
f 741/946/725 740/945/724 804/1031/788 1071/1585/1080 
f 743/948/727 742/947/726 1072/1586/1081 802/1029/786 
f 749/954/733 748/953/732 794/1017/778 1073/1587/1082 
f 920/1298/926 750/955/734 753/958/737 1074/1588/1083 
f 1074/1588/1083 753/958/737 755/960/739 1075/1589/1084 
f 922/1300/928 806/1034/790 808/1036/792 1076/1590/1085 
f 1076/1590/1085 808/1036/792 1070/1591/1079 1069/1592/1078 
f 541/720/527 756/961/740 758/964/742 1068/1582/1077 
f 1068/1582/1077 758/964/742 1077/1593/1086 1069/1583/1078 
f 758/964/742 757/963/741 765/1594/749 1077/1593/1086 
f 954/1359/966 550/729/536 741/946/725 1078/1595/1087 
f 1078/1595/1087 741/946/725 1071/1585/1080 1079/1596/1088 
f 590/1361/576 954/1359/966 1078/1595/1087 761/1597/745 
f 761/967/745 1078/1598/1087 1079/1599/1088 762/968/746 
f 553/732/539 766/973/750 768/976/752 742/947/726 
f 742/947/726 768/976/752 1080/1600/1089 1072/1586/1081 
f 768/976/752 767/975/751 773/1601/757 1080/1600/1089 
f 774/986/758 562/741/548 749/954/733 775/987/759 
f 775/987/759 749/954/733 1073/1587/1082 1075/1602/1084 
f 770/988/754 775/987/759 1075/1602/1084 755/1603/739 
f 1038/1515/1048 1037/1514/1047 1081/1604/1090 796/1019/780 
f 796/1019/780 1081/1604/1090 1073/1605/1082 794/1020/778 
f 1037/1514/1047 920/1298/926 1074/1588/1083 1081/1604/1090 
f 1081/1604/1090 1074/1588/1083 1075/1589/1084 1073/1605/1082 
f 777/990/761 1040/1517/1050 1082/1606/1091 778/991/762 
f 778/991/762 1082/1606/1091 1077/1607/1086 765/993/749 
f 1040/1517/1050 922/1300/928 1076/1590/1085 1082/1606/1091 
f 1082/1606/1091 1076/1590/1085 1069/1592/1078 1077/1607/1086 
f 1047/1524/1056 788/1009/772 789/1010/773 1083/1608/1092 
f 1083/1608/1092 789/1010/773 762/1011/746 1079/1609/1088 
f 1048/1525/1057 1047/1524/1056 1083/1608/1092 1084/1610/1093 
f 1084/1610/1093 1083/1608/1092 1079/1609/1088 1071/1611/1080 
f 1049/1526/1058 1048/1525/1057 1084/1610/1093 805/1032/789 
f 805/1032/789 1084/1610/1093 1071/1611/1080 804/1033/788 
f 1050/1527/1059 797/1022/781 800/1025/784 1085/1612/1094 
f 1085/1612/1094 800/1025/784 802/1027/786 1072/1613/1081 
f 1051/1528/1060 1050/1527/1059 1085/1612/1094 1086/1614/1095 
f 1086/1614/1095 1085/1612/1094 1072/1613/1081 1080/1615/1089 
f 790/1012/774 1051/1528/1060 1086/1614/1095 791/1013/775 
f 791/1013/775 1086/1614/1095 1080/1615/1089 773/1014/757 
f 807/1035/791 1038/1515/1048 796/1019/780 795/1018/779 
f 798/1023/782 1049/1526/1058 805/1032/789 799/1024/783 
f 808/1036/792 795/1018/779 793/1021/777 1070/1591/1079 
f 792/1015/776 809/1037/793 1070/1584/1079 793/1016/777 
s 2
f 391/1616/1096 1087/1617/1097 1088/1618/1098 392/1619/1099 
f 390/1620/1100 1089/1621/1101 1087/1617/1097 391/1616/1096 
f 389/1622/1102 1090/1623/1103 1089/1621/1101 390/1620/1100 
f 388/1624/1104 1091/1625/1105 1090/1623/1103 389/1622/1102 
f 388/1624/1104 219/1626/1106 1092/1627/1107 1091/1625/1105 
s off
f 219/1628/1106 222/1629/1108 1093/1630/1109 1092/1631/1107 
s 2
f 328/1632/1110 1094/1633/1111 1093/1634/1109 222/1635/1108 
f 384/1636/1112 1095/1637/1113 1094/1633/1111 328/1632/1110 
f 384/1636/1112 385/1638/1114 1096/1639/1115 1095/1637/1113 
f 327/1640/1116 1097/1641/1117 1096/1639/1115 385/1638/1114 
f 327/1640/1116 326/1642/1118 1098/1643/1119 1097/1641/1117 
f 326/1642/1118 321/1644/1120 1099/1645/1121 1098/1643/1119 
s off
f 320/1646/1122 1100/1647/1123 1099/1648/1121 321/1649/1120 
s 2
f 392/1619/1099 1088/1618/1098 1100/1650/1123 320/1651/1122 
f 1087/1617/1097 810/1652/794 1101/1653/1124 1088/1618/1098 
f 811/1654/795 810/1652/794 1087/1617/1097 1089/1621/1101 
f 1090/1623/1103 814/1655/798 811/1654/795 1089/1621/1101 
f 815/1656/799 814/1655/798 1090/1623/1103 1091/1625/1105 
f 1102/1657/1125 815/1656/799 1091/1625/1105 1092/1627/1107 
s off
f 1093/1630/1109 1103/1658/1126 1102/1659/1125 1092/1631/1107 
s 2
f 818/1660/802 1103/1661/1126 1093/1634/1109 1094/1633/1111 
f 819/1662/803 818/1660/802 1094/1633/1111 1095/1637/1113 
f 822/1663/806 819/1662/803 1095/1637/1113 1096/1639/1115 
f 823/1664/807 822/1663/806 1096/1639/1115 1097/1641/1117 
f 1104/1665/1127 823/1664/807 1097/1641/1117 1098/1643/1119 
f 1105/1666/1128 1104/1665/1127 1098/1643/1119 1099/1645/1121 
s off
f 1106/1667/1129 1105/1668/1128 1099/1648/1121 1100/1647/1123 
s 2
f 1088/1618/1098 1101/1653/1124 1106/1669/1129 1100/1650/1123 
s 4
f 1101/1670/1124 810/1038/794 813/1041/797 1107/1671/1130 
f 811/1039/795 814/1042/798 817/1045/801 812/1040/796 
f 815/1043/799 1102/1672/1125 826/1673/810 816/1044/800 
s off
f 1102/1659/1125 1103/1658/1126 827/1055/811 826/1054/810 
s 4
f 1103/1674/1126 818/1046/802 821/1049/805 827/1675/811 
f 819/1047/803 822/1050/806 825/1053/809 820/1048/804 
f 823/1051/807 1104/1676/1127 1108/1677/1131 824/1052/808 
f 1104/1676/1127 1105/1678/1128 832/1679/816 1108/1677/1131 
s off
f 1105/1668/1128 1106/1667/1129 833/1061/817 832/1060/816 
s 4
f 1106/1680/1129 1101/1670/1124 1107/1671/1130 833/1681/817 
s 2
f 1107/1671/1130 813/1041/797 1109/1682/1132 1110/1683/1133 
f 813/1041/797 812/1040/796 1111/1684/1134 1109/1682/1132 
f 812/1040/796 817/1045/801 1112/1685/1135 1111/1684/1134 
f 817/1045/801 816/1044/800 1113/1686/1136 1112/1685/1135 
f 816/1044/800 826/1673/810 829/1687/813 1113/1686/1136 
f 827/1675/811 821/1049/805 1114/1688/1137 828/1689/812 
f 821/1049/805 820/1048/804 1115/1690/1138 1114/1688/1137 
f 820/1048/804 825/1053/809 831/1059/815 1115/1690/1138 
f 824/1052/808 1108/1677/1131 1116/1691/1139 830/1058/814 
f 1108/1677/1131 832/1679/816 835/1692/819 1116/1691/1139 
f 833/1681/817 1107/1671/1130 1110/1683/1133 834/1693/818 
s 4
f 1110/1683/1133 1109/1682/1132 1117/1694/1140 1118/1695/1141 
f 1109/1682/1132 1111/1684/1134 1119/1696/1142 1117/1694/1140 
f 1111/1684/1134 1112/1685/1135 1120/1697/1143 1119/1696/1142 
f 1112/1685/1135 1113/1686/1136 1121/1698/1144 1120/1697/1143 
f 1113/1686/1136 829/1687/813 1122/1699/1145 1121/1698/1144 
s off
f 829/1057/813 828/1056/812 1123/1700/1146 1122/1701/1145 
s 4
f 828/1689/812 1114/1688/1137 1124/1702/1147 1123/1703/1146 
f 1114/1688/1137 1115/1690/1138 1125/1704/1148 1124/1702/1147 
f 1115/1690/1138 831/1059/815 1126/1705/1149 1125/1704/1148 
f 831/1059/815 830/1058/814 1127/1706/1148 1126/1705/1149 
f 830/1058/814 1116/1691/1139 1128/1707/1150 1127/1706/1148 
f 1116/1691/1139 835/1692/819 1129/1708/1151 1128/1707/1150 
s off
f 835/1063/819 834/1062/818 1130/1709/1152 1129/1710/1151 
s 4
f 834/1693/818 1110/1683/1133 1118/1695/1141 1130/1711/1152 
f 1117/1694/1140 1131/1712/1153 1132/1713/1154 1118/1695/1141 
f 1119/1696/1142 1133/1714/1155 1131/1712/1153 1117/1694/1140 
f 1120/1697/1143 1134/1715/1156 1133/1714/1155 1119/1696/1142 
f 1121/1698/1144 1135/1716/1157 1134/1715/1156 1120/1697/1143 
f 1122/1699/1145 1136/1717/1158 1135/1716/1157 1121/1698/1144 
s off
f 1123/1700/1146 1137/1718/1159 1136/1719/1158 1122/1701/1145 
s 4
f 1124/1702/1147 1138/1720/1160 1137/1721/1159 1123/1703/1146 
f 1125/1704/1148 1139/1722/1161 1138/1720/1160 1124/1702/1147 
f 1126/1705/1149 1140/1723/1162 1139/1722/1161 1125/1704/1148 
f 1127/1706/1148 1141/1724/1161 1140/1723/1162 1126/1705/1149 
f 1128/1707/1150 1142/1725/1163 1141/1724/1161 1127/1706/1148 
f 1129/1708/1151 1143/1726/1164 1142/1725/1163 1128/1707/1150 
s off
f 1130/1709/1152 1144/1727/1165 1143/1728/1164 1129/1710/1151 
s 4
f 1118/1695/1141 1132/1713/1154 1144/1729/1165 1130/1711/1152 
f 1145/1730/1153 838/1731/822 837/1732/821 1146/1733/1154 
f 1147/1734/1155 882/1735/868 838/1731/822 1145/1730/1153 
f 1148/1736/1156 879/1737/865 882/1735/868 1147/1734/1155 
f 1149/1738/1157 841/1739/825 879/1737/865 1148/1736/1156 
f 1150/1740/1166 842/1741/826 841/1739/825 1149/1738/1157 
s off
f 1151/1742/1167 843/1743/827 842/1744/826 1150/1745/1166 
s 4
f 1152/1746/1160 844/1747/828 843/1748/827 1151/1749/1167 
f 1153/1750/1161 880/1751/866 844/1747/828 1152/1746/1160 
f 1154/1752/1162 881/1753/867 880/1751/866 1153/1750/1161 
f 1155/1754/1161 839/1755/823 881/1753/867 1154/1752/1162 
f 1156/1756/1163 840/1757/824 839/1755/823 1155/1754/1161 
f 1157/1758/1168 845/1759/829 840/1757/824 1156/1756/1163 
s off
f 1158/1760/1169 846/1761/830 845/1762/829 1157/1763/1168 
s 4
f 1146/1733/1154 837/1732/821 846/1764/830 1158/1765/1169 
f 1131/1712/1153 1145/1730/1153 1146/1733/1154 1132/1713/1154 
f 1133/1714/1155 1147/1734/1155 1145/1730/1153 1131/1712/1153 
f 1134/1715/1156 1148/1736/1156 1147/1734/1155 1133/1714/1155 
f 1135/1716/1157 1149/1738/1157 1148/1736/1156 1134/1715/1156 
f 1136/1717/1158 1150/1740/1166 1149/1738/1157 1135/1716/1157 
s off
f 1159/1766/1170 1160/1767/1171 1161/1768/1172 1162/1769/1173 
s 4
f 1138/1720/1160 1152/1746/1160 1151/1749/1167 1137/1721/1159 
f 1139/1722/1161 1153/1750/1161 1152/1746/1160 1138/1720/1160 
f 1140/1723/1162 1154/1752/1162 1153/1750/1161 1139/1722/1161 
f 1141/1724/1161 1155/1754/1161 1154/1752/1162 1140/1723/1162 
f 1142/1725/1163 1156/1756/1163 1155/1754/1161 1141/1724/1161 
f 1143/1726/1164 1157/1758/1168 1156/1756/1163 1142/1725/1163 
s off
f 1163/1770/1174 1164/1771/1175 1165/1772/1176 1166/1773/1177 
s 4
f 1132/1713/1154 1146/1733/1154 1158/1765/1169 1144/1729/1165 
s off
f 1151/1774/1167 1150/1775/1166 1167/1776/1178 1168/1777/1179 
f 1150/1740/1166 1136/1717/1158 1169/1778/1180 1167/1779/1178 
f 1136/1780/1158 1137/1781/1159 1170/1782/1181 1169/1783/1180 
f 1137/1721/1159 1151/1749/1167 1168/1784/1179 1170/1785/1181 
f 1158/1786/1169 1157/1787/1168 1171/1788/1182 1172/1789/1183 
f 1157/1758/1168 1143/1726/1164 1173/1790/1184 1171/1791/1182 
f 1143/1792/1164 1144/1793/1165 1174/1794/1185 1173/1795/1184 
f 1144/1729/1165 1158/1765/1169 1172/1796/1183 1174/1797/1185 
f 1168/1777/1179 1167/1776/1178 1161/1798/1172 1160/1799/1171 
f 1167/1779/1178 1169/1778/1180 1162/1800/1173 1161/1801/1172 
f 1169/1783/1180 1170/1782/1181 1159/1802/1170 1162/1803/1173 
f 1170/1785/1181 1168/1784/1179 1160/1804/1171 1159/1805/1170 
f 1172/1789/1183 1171/1788/1182 1165/1806/1176 1164/1807/1175 
f 1171/1808/1182 1173/1809/1184 1166/1773/1177 1165/1772/1176 
f 1173/1795/1184 1174/1794/1185 1163/1810/1174 1166/1811/1177 
f 1174/1812/1185 1172/1813/1183 1164/1814/1175 1163/1815/1174 
s 1
f 1175/1816/1186 1176/1817/1187 1177/1818/1188 1178/1819/1189 
f 1179/1820/1190 1180/1821/1188 1181/1822/1191 1182/1823/1192 
f 1183/1824/1193 1184/1825/1194 1185/1826/1188 1186/1827/1195 
f 1186/1827/1195 1185/1826/1188 1187/1828/1188 1188/1829/1195 
f 1188/1829/1195 1187/1828/1188 1189/1830/1196 1190/1831/1197 
f 1189/1830/1196 1187/1828/1188 1177/1818/1188 1176/1817/1187 
f 1185/1826/1188 1184/1825/1194 1181/1822/1191 1180/1821/1188 
f 1180/1821/1188 1179/1820/1190 1178/1819/1189 1177/1818/1188 
f 1191/1832/1198 1192/1833/1199 1193/1834/1200 1194/1835/1201 
f 1195/1836/1202 1196/1837/1203 1197/1838/1204 1198/1839/1205 
f 1199/1840/1206 1200/1841/1207 1201/1842/1208 1202/1843/1209 
f 1203/1844/1210 1204/1845/1211 1205/1846/1212 1206/1847/1213 
f 1207/1848/1214 1208/1849/1215 1209/1850/1216 1210/1851/1217 
f 1211/1852/1218 1204/1845/1211 1212/1853/1219 1213/1854/1220 
f 1207/1848/1214 1214/1855/1221 1201/1856/1208 1200/1857/1207 
f 1215/1858/1222 1216/1859/1223 1217/1860/1224 1218/1861/1225 
f 1219/1862/1226 1220/1863/1227 1221/1864/1228 1222/1865/1229 
f 1223/1866/1230 1224/1867/1231 1225/1868/1232 1226/1869/1233 
s 3
f 1227/1870/1234 1199/1840/1206 1202/1843/1209 1228/1871/1235 
s 1
f 1229/1872/1236 1230/1873/1237 1231/1874/1238 1232/1875/1239 
f 1230/1873/1237 1233/1876/1240 1234/1877/1241 1231/1874/1238 
f 1235/1878/1242 1236/1879/1243 1237/1880/1244 1238/1881/1245 
f 1237/1880/1244 1236/1879/1243 1239/1882/1246 1240/1883/1247 
f 1202/1843/1209 1241/1884/1248 1242/1885/1249 1228/1871/1235 
f 1241/1884/1248 1243/1886/1250 1244/1887/1251 1242/1885/1249 
f 1206/1888/1213 1245/1889/1252 1246/1890/1253 1247/1891/1254 
f 1245/1889/1252 1248/1892/1255 1249/1893/1256 1246/1890/1253 
f 1210/1894/1217 1209/1895/1216 1250/1896/1257 1251/1897/1258 
f 1209/1895/1216 1252/1898/1259 1253/1899/1260 1250/1896/1257 
f 1254/1900/1261 1255/1901/1262 1223/1866/1230 1226/1869/1233 
f 1255/1901/1262 1256/1902/1263 1257/1903/1264 1223/1866/1230 
f 1258/1904/1265 1259/1905/1266 1260/1906/1267 1261/1907/1268 
f 1259/1905/1266 1262/1908/1269 1263/1909/1270 1260/1906/1267 
f 1264/1910/1271 1265/1911/1272 1266/1912/1273 1267/1913/1274 
f 1265/1911/1272 1268/1914/1275 1269/1915/1276 1266/1912/1273 
f 1253/1899/1260 1270/1916/1277 1271/1917/1278 1250/1896/1257 
f 1251/1897/1258 1220/1863/1227 1219/1862/1226 1272/1918/1279 
f 1218/1861/1225 1217/1860/1224 1225/1868/1232 1224/1867/1231 
f 1220/1863/1227 1251/1897/1258 1250/1896/1257 1271/1917/1278 
f 1273/1919/1280 1274/1920/1281 1216/1859/1223 1215/1858/1222 
f 1275/1921/1282 1272/1918/1279 1219/1862/1226 1276/1922/1283 
f 1277/1923/1284 1274/1920/1281 1273/1919/1280 1278/1924/1285 
f 1234/1877/1241 1275/1921/1282 1276/1922/1283 1231/1874/1238 
f 1257/1903/1264 1279/1925/1286 1224/1867/1231 1223/1866/1230 
f 1279/1925/1286 1280/1926/1287 1218/1861/1225 1224/1867/1231 
f 1218/1861/1225 1280/1926/1287 1247/1891/1254 1215/1858/1222 
f 1215/1858/1222 1247/1891/1254 1246/1890/1253 1273/1919/1280 
f 1273/1919/1280 1246/1890/1253 1249/1893/1256 1278/1924/1285 
f 1225/1868/1232 1217/1860/1224 1221/1864/1228 1281/1927/1288 
f 1216/1859/1223 1274/1920/1281 1282/1928/1289 1222/1865/1229 
f 1274/1920/1281 1277/1923/1284 1232/1875/1239 1282/1928/1289 
f 1231/1874/1238 1276/1922/1283 1282/1928/1289 1232/1875/1239 
f 1276/1922/1283 1219/1862/1226 1222/1865/1229 1282/1928/1289 
f 1220/1863/1227 1271/1917/1278 1281/1927/1288 1221/1864/1228 
f 1283/1929/1290 1281/1927/1288 1271/1917/1278 1270/1916/1277 
f 1225/1868/1232 1281/1927/1288 1283/1929/1290 1226/1869/1233 
f 1272/1918/1279 1284/1930/1291 1210/1894/1217 1251/1897/1258 
f 1280/1926/1287 1203/1931/1210 1206/1888/1213 1247/1891/1254 
f 1194/1932/1201 1285/1933/1292 1230/1934/1237 1229/1935/1236 
f 1286/1936/1293 1287/1937/1294 1288/1938/1295 1285/1933/1292 
f 1277/1923/1284 1289/1939/1296 1229/1872/1236 1232/1875/1239 
f 1289/1939/1296 1277/1923/1284 1278/1924/1285 1290/1940/1297 
f 1278/1924/1285 1249/1893/1256 1248/1892/1255 1290/1940/1297 
f 1272/1918/1279 1275/1921/1282 1291/1941/1298 1284/1930/1291 
f 1275/1921/1282 1234/1877/1241 1233/1876/1240 1291/1941/1298 
f 1205/1846/1212 1292/1942/1299 1245/1943/1252 1206/1847/1213 
f 1292/1942/1299 1293/1944/1300 1248/1945/1255 1245/1943/1252 
f 1208/1849/1215 1294/1946/1301 1252/1947/1259 1209/1850/1216 
f 1198/1839/1205 1295/1948/1302 1255/1949/1262 1254/1950/1261 
f 1295/1948/1302 1296/1951/1303 1256/1952/1263 1255/1949/1262 
f 1283/1929/1290 1297/1953/1304 1254/1900/1261 1226/1869/1233 
f 1297/1953/1304 1283/1929/1290 1270/1916/1277 1298/1954/1305 
f 1270/1916/1277 1253/1899/1260 1252/1898/1259 1298/1954/1305 
f 1280/1926/1287 1279/1925/1286 1299/1955/1306 1203/1931/1210 
f 1279/1925/1286 1257/1903/1264 1256/1902/1263 1299/1955/1306 
f 1289/1956/1296 1191/1957/1198 1194/1932/1201 1229/1935/1236 
f 1290/1958/1297 1300/1959/1307 1191/1957/1198 1289/1956/1296 
f 1301/1960/1308 1300/1959/1307 1293/1961/1300 1302/1962/1309 
f 1291/1963/1298 1303/1964/1310 1214/1855/1221 1284/1965/1291 
f 1233/1966/1240 1288/1967/1295 1303/1964/1310 1291/1963/1298 
f 1297/1968/1304 1195/1836/1202 1198/1839/1205 1254/1950/1261 
f 1298/1969/1305 1304/1970/1311 1195/1836/1202 1297/1968/1304 
f 1252/1971/1259 1294/1972/1301 1304/1970/1311 1298/1969/1305 
f 1256/1973/1263 1296/1974/1303 1212/1853/1219 1299/1975/1306 
f 1235/1878/1242 1238/1881/1245 1305/1976/1312 1306/1977/1313 
f 1306/1977/1313 1305/1976/1312 1307/1978/1314 1308/1979/1315 
f 1307/1978/1314 1244/1887/1251 1243/1886/1250 1308/1979/1315 
f 1309/1980/1316 1310/1981/1317 1311/1982/1318 1312/1983/1319 
f 1312/1983/1319 1311/1982/1318 1240/1883/1247 1239/1882/1246 
f 1199/1840/1206 1227/1870/1234 1313/1984/1320 1314/1985/1321 
f 1314/1985/1321 1313/1984/1320 1263/1909/1270 1262/1908/1269 
f 1315/1986/1322 1316/1987/1323 1317/1988/1324 1318/1989/1325 
f 1318/1989/1325 1317/1988/1324 1269/1915/1276 1268/1914/1275 
f 1240/1883/1247 1311/1982/1318 1183/1824/1193 1237/1880/1244 
f 1181/1822/1191 1267/1913/1274 1266/1912/1273 1182/1823/1192 
f 1307/1978/1314 1305/1976/1312 1188/1829/1195 1190/1831/1197 
f 1313/1984/1320 1227/1870/1234 1176/1817/1187 1175/1816/1186 
f 1244/1887/1251 1307/1978/1314 1190/1831/1197 1242/1885/1249 
f 1188/1829/1195 1305/1976/1312 1238/1881/1245 1186/1827/1195 
f 1186/1827/1195 1238/1881/1245 1237/1880/1244 1183/1824/1193 
f 1311/1982/1318 1310/1981/1317 1184/1825/1194 1183/1824/1193 
f 1189/1830/1196 1228/1871/1235 1242/1885/1249 1190/1831/1197 
f 1269/1915/1276 1317/1988/1324 1182/1823/1192 1266/1912/1273 
f 1317/1988/1324 1316/1987/1323 1179/1820/1190 1182/1823/1192 
f 1178/1819/1189 1261/1907/1268 1260/1906/1267 1175/1816/1186 
f 1175/1816/1186 1260/1906/1267 1263/1909/1270 1313/1984/1320 
s 3
f 1310/1981/1317 1309/1980/1316 1264/1910/1271 1267/1913/1274 
s 1
f 1200/1857/1207 1319/1990/1326 1208/1849/1215 1207/1848/1214 
f 1204/1845/1211 1203/1844/1210 1299/1975/1306 1212/1853/1219 
f 1210/1851/1217 1284/1965/1291 1214/1855/1221 1207/1848/1214 
f 1204/1845/1211 1211/1852/1218 1320/1991/1327 1205/1846/1212 
f 1193/1992/1200 1286/1936/1293 1285/1933/1292 1194/1932/1201 
f 1233/1993/1240 1230/1934/1237 1285/1933/1292 1288/1938/1295 
f 1320/1991/1327 1321/1994/1328 1292/1942/1299 1205/1846/1212 
f 1321/1994/1328 1302/1995/1309 1293/1944/1300 1292/1942/1299 
f 1319/1990/1326 1322/1996/1329 1294/1946/1301 1208/1849/1215 
f 1197/1838/1204 1323/1997/1330 1295/1948/1302 1198/1839/1205 
f 1323/1997/1330 1324/1998/1331 1296/1951/1303 1295/1948/1302 
f 1300/1959/1307 1301/1960/1308 1192/1999/1199 1191/1957/1198 
f 1300/1959/1307 1290/1958/1297 1248/2000/1255 1293/1961/1300 
f 1303/1964/1310 1325/2001/1332 1201/1856/1208 1214/1855/1221 
f 1288/1967/1295 1287/2002/1294 1325/2001/1332 1303/1964/1310 
f 1304/1970/1311 1326/2003/1333 1196/1837/1203 1195/1836/1202 
f 1294/1972/1301 1322/2004/1329 1326/2003/1333 1304/1970/1311 
f 1296/1974/1303 1324/2005/1331 1213/1854/1220 1212/1853/1219 
f 1187/1828/1188 1185/1826/1188 1180/1821/1188 1177/1818/1188 
f 1216/1859/1223 1222/1865/1229 1221/1864/1228 1217/1860/1224 
s 9
f 1267/1913/1274 1181/1822/1191 1184/1825/1194 1310/1981/1317 
s 1
f 1228/1871/1235 1189/1830/1196 1176/1817/1187 1227/1870/1234 
f 1261/1907/1268 1178/1819/1189 1179/1820/1190 1316/1987/1323 
f 1306/1977/1313 1308/1979/1315 1286/2006/1293 1193/1834/1200 
f 1308/1979/1315 1243/1886/1250 1287/2007/1294 1286/2006/1293 
f 1243/1886/1250 1241/1884/1248 1325/2008/1332 1287/2007/1294 
f 1241/1884/1248 1202/1843/1209 1201/1842/1208 1325/2008/1332 
f 1199/1840/1206 1314/1985/1321 1319/2009/1326 1200/1841/1207 
f 1314/1985/1321 1262/1908/1269 1322/2010/1329 1319/2009/1326 
f 1262/1908/1269 1259/1905/1266 1326/2011/1333 1322/2010/1329 
f 1259/1905/1266 1258/1904/1265 1196/2012/1203 1326/2011/1333 
f 1258/1904/1265 1315/1986/1322 1197/2013/1204 1196/2012/1203 
f 1315/1986/1322 1318/1989/1325 1323/2014/1330 1197/2013/1204 
f 1318/1989/1325 1268/1914/1275 1324/2015/1331 1323/2014/1330 
f 1268/1914/1275 1265/1911/1272 1213/2016/1220 1324/2015/1331 
f 1265/1911/1272 1264/1910/1271 1211/2017/1218 1213/2016/1220 
f 1264/1910/1271 1309/1980/1316 1320/2018/1327 1211/2017/1218 
f 1309/1980/1316 1312/1983/1319 1321/2019/1328 1320/2018/1327 
f 1312/1983/1319 1239/1882/1246 1302/2020/1309 1321/2019/1328 
f 1239/1882/1246 1236/1879/1243 1301/2021/1308 1302/2020/1309 
f 1236/1879/1243 1235/1878/1242 1192/1833/1199 1301/2021/1308 
f 1235/1878/1242 1306/1977/1313 1193/1834/1200 1192/1833/1199 
s 2
f 1261/1907/1268 1316/1987/1323 1315/1986/1322 1258/1904/1265 
# 1322 polygons

